Date,net_return
2004-03-11,0.0
2004-03-12,0.0
2004-03-15,0.0
2004-03-16,0.0
2004-03-17,0.0
2004-03-18,0.0
2004-03-19,0.0
2004-03-22,0.0
2004-03-23,0.0
2004-03-24,0.0
2004-03-25,0.0
2004-03-26,0.0
2004-03-29,0.0
2004-03-30,0.0
2004-03-31,0.0
2004-04-01,-0.00016631768452448012
2004-04-02,-0.008784547188178771
2004-04-05,-0.0024656753443738086
2004-04-06,-0.00040009953082681675
2004-04-07,-0.00029530761406238565
2004-04-08,-0.00398811571085649
2004-04-09,3.447921695638639e-05
2004-04-12,0.0031992954843342606
2004-04-13,-0.011306258863994997
2004-04-14,-0.0057888531411033756
2004-04-15,-0.002971830019895767
2004-04-16,0.005579797306513735
2004-04-19,-0.0033215261861093753
2004-04-20,-0.007874688915399336
2004-04-21,0.002983342973211591
2004-04-22,0.005630536250920831
2004-04-23,-0.00224356501109939
2004-04-26,0.000848212761176708
2004-04-27,-0.00020495079505800334
2004-04-28,-0.010306759542426668
2004-04-29,-0.0039053943108269874
2004-04-30,-0.002028905091486413
2004-05-03,0.002907752199396328
2004-05-04,0.003693092351403885
2004-05-05,0.003972396518547163
2004-05-06,-0.006879508069755276
2004-05-07,-0.01176198260018903
2004-05-10,-0.010461110433190104
2004-05-11,0.004247210635186182
2004-05-12,0.003270941303706513
2004-05-13,-0.005487407637960377
2004-05-14,-0.0005578420102342255
2004-05-17,-0.004590018438459965
2004-05-18,0.004522427205442063
2004-05-19,0.0034549570021033408
2004-05-20,0.00115156742917923
2004-05-21,0.0029371867195273358
2004-05-24,-0.00023677835971095112
2004-05-25,0.006297808212295185
2004-05-26,2.685349945513748e-06
2004-05-27,0.0052763281570562155
2004-05-28,0.001241494696401182
2004-05-31,0.0006219613128217226
2004-06-01,-0.0014472230503947273
2004-06-02,0.0026867470727110275
2004-06-03,-0.006099639024815282
2004-06-04,0.0047011587452243314
2004-06-07,0.007934535621069626
2004-06-08,-0.0007257534133888157
2004-06-09,-0.0036642967599012015
2004-06-10,0.004004299557426742
2004-06-11,-0.001076955002235686
2004-06-14,-0.0033825121020609195
2004-06-15,-0.0008825147850399849
2004-06-16,0.00022243878518893962
2004-06-17,-0.0008134040381941147
2004-06-18,0.0023295003173947042
2004-06-21,-0.0008205521884534824
2004-06-22,0.0010906412100244742
2004-06-23,0.0024301155052197303
2004-06-24,-4.282376657659039e-06
2004-06-25,-0.0017568790705715656
2004-06-28,0.0034904996328911763
2004-06-29,-0.002155110987080947
2004-06-30,-0.002557776212811621
2004-07-01,-0.004368541341247064
2004-07-02,0.0007209616311577474
2004-07-05,-0.000899171589411593
2004-07-06,-0.00542560489813971
2004-07-07,0.003189599017631648
2004-07-08,-0.0030574523600709427
2004-07-09,0.003678073450212961
2004-07-12,0.00029801773629841615
2004-07-13,0.0006532986450035745
2004-07-14,-0.0034290580783177295
2004-07-15,-0.003785652576197802
2004-07-16,0.002379221559851154
2004-07-19,5.574389913904395e-05
2004-07-20,0.0016305628787148803
2004-07-21,-0.007954504729355525
2004-07-22,0.0017407582842979398
2004-07-23,-0.004797040575575339
2004-07-26,0.0002808095808212629
2004-07-27,0.0012344686086364328
2004-07-28,-0.0004964475489198871
2004-07-29,-9.999964106513872e-06
2004-07-30,0.0019369446564045669
2004-08-02,0.0016480744605443616
2004-08-03,-0.0007888993875894011
2004-08-04,-0.0011060600062530763
2004-08-05,-0.005225929763090702
2004-08-06,0.0053874739031746065
2004-08-09,-0.000979707214576209
2004-08-10,0.0009219149666824194
2004-08-11,0.002071212465867886
2004-08-12,-0.003239979870802226
2004-08-13,0.0015135082685287795
2004-08-16,0.0028356180966379522
2004-08-17,0.003701698305758105
2004-08-18,0.0022742394628469677
2004-08-19,0.0005175280451958485
2004-08-20,0.002400235617478244
2004-08-23,-0.004743962570404988
2004-08-24,0.0015093436595664772
2004-08-25,0.0027254946586135432
2004-08-26,0.002597676315047161
2004-08-27,0.00045881512699469775
2004-08-30,-0.0005876414501614042
2004-08-31,0.005407769636039181
2004-09-01,0.00013611917858414202
2004-09-02,0.0003057070690260522
2004-09-03,-0.0065647070774327585
2004-09-06,0.00041832651461143697
2004-09-07,0.006904034898200125
2004-09-08,0.0020558673795977615
2004-09-09,-0.0027851193288510744
2004-09-10,0.0020663685708619635
2004-09-13,0.00178492622853732
2004-09-14,0.002382396967349481
2004-09-15,-0.006131060155359669
2004-09-16,0.005606761421374155
2004-09-17,-0.0011788460612377721
2004-09-20,0.0004313519035292922
2004-09-21,0.003937124138180603
2004-09-22,-0.004104500086400776
2004-09-23,-0.0031878270401957468
2004-09-24,0.001192762471497685
2004-09-27,-0.0019400657187053543
2004-09-28,0.0012202823096255852
2004-09-29,-0.0014236437239623576
2004-09-30,0.0020461227589485672
2004-10-01,0.00365950687991332
2004-10-04,0.0020367127057055647
2004-10-05,0.0001570183235678626
2004-10-06,0.0010462859077865047
2004-10-07,-0.0053390926829008055
2004-10-08,0.0019433534753864959
2004-10-11,0.0019028699178013152
2004-10-12,-0.0020415189573252937
2004-10-13,-0.0013153112751524514
2004-10-14,-0.0010973751360935056
2004-10-15,0.0007199461360981534
2004-10-18,0.002144321047282152
2004-10-19,-0.003037157600556373
2004-10-20,0.0021502185653525597
2004-10-21,0.00040623281300832697
2004-10-22,-0.002164801125415068
2004-10-25,-0.0013531788914409332
2004-10-26,0.0022825658725896688
2004-10-27,0.000843023634169722
2004-10-28,0.0017733569347491147
2004-10-29,-0.00014535793006668798
2004-11-01,-0.000705277724610957
2004-11-02,0.004257761466683232
2004-11-03,0.004263700336624352
2004-11-04,0.0055202399807637165
2004-11-05,-0.0016227583214563402
2004-11-08,-0.0034568828592351315
2004-11-09,-0.0013659960135285264
2004-11-10,-0.005541646206891372
2004-11-11,0.0033174089929183036
2004-11-12,0.010235719354860857
2004-11-15,0.002837521627122237
2004-11-16,-0.0032257235167233674
2004-11-17,0.010659816013818013
2004-11-18,-0.00012483195601576812
2004-11-19,-0.00432792617306757
2004-11-22,0.0020559464668278068
2004-11-23,-0.000181784120569653
2004-11-24,0.0029734970305339246
2004-11-25,0.0007421019201694134
2004-11-26,-0.001169950930767936
2004-11-29,-0.005462373649180797
2004-11-30,-0.002490527415213664
2004-12-01,0.005970698078153542
2004-12-02,-0.002389238412984585
2004-12-03,0.009333038468725987
2004-12-06,-0.0029897544256846783
2004-12-07,-0.0033226822063627446
2004-12-08,0.004656608758339923
2004-12-09,-0.00509535915374751
2004-12-10,-0.0019879820871641996
2004-12-13,0.005892779642921113
2004-12-14,0.0013245567394128946
2004-12-15,0.006351785343518554
2004-12-16,-0.007194392271509272
2004-12-17,-0.00031741539258264774
2004-12-20,0.0028618180479091098
2004-12-21,0.004155335581885851
2004-12-22,0.00021684819698636413
2004-12-23,0.002048594807968144
2004-12-24,-0.0002030035409177743
2004-12-27,5.420965890595166e-05
2004-12-28,0.003228067797599765
2004-12-29,-0.004161017128074781
2004-12-30,0.005329332863831917
2004-12-31,0.004237930297388121
2005-01-03,-0.002552560713172589
2005-01-04,-0.013984305974980049
2005-01-05,0.0008063560455536022
2005-01-06,-0.0004252203024033554
2005-01-07,-0.0014731430228016864
2005-01-10,0.0039928374844684575
2005-01-11,0.0032011993881272205
2005-01-12,0.0050322966796583065
2005-01-13,-0.0007577180651644286
2005-01-14,0.0035770109447376902
2005-01-17,-0.0005224790596989381
2005-01-18,0.002684017818021166
2005-01-19,-0.00614099403634522
2005-01-20,-0.004140573370198299
2005-01-21,0.0029903057004061016
2005-01-24,0.0008278272221736702
2005-01-25,-0.005902097600637759
2005-01-26,0.0064687058220260964
2005-01-27,-0.0006547441784560097
2005-01-28,0.0030171647179194918
2005-01-31,0.0008742822546917214
2005-02-01,0.002176452413794754
2005-02-02,0.0016425317024829874
2005-02-03,-0.0047782563026073956
2005-02-04,0.00816720475067026
2005-02-07,-0.0007603495081121158
2005-02-08,-0.00044043819147543623
2005-02-09,-0.00020465439621046157
2005-02-10,-0.0016006414458081793
2005-02-11,0.0031584697801462936
2005-02-14,0.004060395324883984
2005-02-15,0.0017148443242242524
2005-02-16,-0.006075677789458946
2005-02-17,-0.0037676304690177605
2005-02-18,-0.0013418901389813309
2005-02-21,0.00029074032312885874
2005-02-22,-0.0023910889008594257
2005-02-23,0.000258999685667016
2005-02-24,0.00021729405516157803
2005-02-25,0.006719729590130622
2005-02-28,-0.00352380109633456
2005-03-01,0.0025449734084461
2005-03-02,-0.0027549750415721574
2005-03-03,-0.0014971678993942383
2005-03-04,0.008896945349896433
2005-03-07,-0.0014551226039043862
2005-03-08,0.0024890792243287586
2005-03-09,-0.0015210037064797917
2005-03-10,0.002493777058713044
2005-03-11,-0.00035039001122472797
2005-03-14,-0.003539172196199352
2005-03-15,-0.002767773919498914
2005-03-16,0.00183881790630851
2005-03-17,-0.0012471769858146784
2005-03-18,-0.001464873961432875
2005-03-21,-0.006172152497795247
2005-03-22,-0.004832865742871161
2005-03-23,-0.0037842750559512533
2005-03-24,-0.0014959326044029632
2005-03-25,0.0006010438632835741
2005-03-28,-0.001953988371779956
2005-03-29,-0.003844247795807289
2005-03-30,0.003319876922157457
2005-03-31,0.0015819948774559783
2005-04-01,-0.00304854283079128
2005-04-04,-0.0002793594975274388
2005-04-05,0.00034890813654551625
2005-04-06,0.0026261545615398852
2005-04-07,-0.002181126639796731
2005-04-08,0.0013764619827385987
2005-04-11,0.0024301359544534294
2005-04-12,0.0030351502895771256
2005-04-13,-0.002471304266929298
2005-04-14,-0.0028368406486889504
2005-04-15,0.0030057910889043585
2005-04-18,0.002644821990265733
2005-04-19,0.004448399290120252
2005-04-20,-0.0022505259925096645
2005-04-21,-0.001536491203109771
2005-04-22,0.001265090895495755
2005-04-25,-0.0007158616480391587
2005-04-26,-0.00180453059218174
2005-04-27,-0.0003422034796390851
2005-04-28,0.0004354386401698411
2005-04-29,-0.0010297328408022984
2005-05-02,-0.0006401093497557891
2005-05-03,0.0016005317655921221
2005-05-04,0.004042880947593816
2005-05-05,0.0013078311740809675
2005-05-06,-0.0065759744578441194
2005-05-09,-0.00022960990369584914
2005-05-10,-0.0010013970059917442
2005-05-11,-0.0002541882397822469
2005-05-12,-0.007363776386073601
2005-05-13,-0.003150772235742411
2005-05-16,0.0014425837389825669
2005-05-17,-0.0007472019226841312
2005-05-18,0.006394036374887778
2005-05-19,-0.0019479590281183028
2005-05-20,-0.0035662272218825687
2005-05-23,0.005311101746950464
2005-05-24,0.00011576377626284373
2005-05-25,-0.0024051710906730483
2005-05-26,-0.001245502108939193
2005-05-27,0.002719147911122893
2005-05-30,-0.001243072209528067
2005-05-31,-0.0028924288927644065
2005-06-01,0.002414553407305864
2005-06-02,0.001857066167396658
2005-06-03,-0.0028357338466928755
2005-06-06,0.0019155954086443451
2005-06-07,0.0018584861179764608
2005-06-08,-0.0021847152873067524
2005-06-09,0.0009215713331694259
2005-06-10,-0.005500591791461841
2005-06-13,-0.0019132267270581234
2005-06-14,-0.002207347401441474
2005-06-15,0.000573747130454993
2005-06-16,0.0013566508605667412
2005-06-17,0.003212337506984774
2005-06-20,-0.0026460239538471644
2005-06-21,0.0029104687064827025
2005-06-22,0.0029257500418866005
2005-06-23,-0.003394020472664772
2005-06-24,0.0005619455345293291
2005-06-27,0.0006449879101476615
2005-06-28,-0.0017776558733006071
2005-06-29,-0.0005517944159142505
2005-06-30,0.0027985976117034304
2005-07-01,-0.0047274573739309635
2005-07-04,0.0008997299468065376
2005-07-05,-0.0017545965369736285
2005-07-06,0.0025790412852533915
2005-07-07,0.0011124234539079598
2005-07-08,0.00042564051037078884
2005-07-11,-0.0026706036908164706
2005-07-12,-0.005262793106591191
2005-07-13,0.00439322304601562
2005-07-14,0.0006929363553390525
2005-07-15,0.0010027022131039681
2005-07-18,-0.0022216512262433936
2005-07-19,0.004295047113730055
2005-07-20,0.0003196052637744138
2005-07-21,-0.010137556913779539
2005-07-22,0.007683799878217046
2005-07-25,-0.0013168655435332364
2005-07-26,0.003424441069392591
2005-07-27,-0.0012431284020324128
2005-07-28,0.0008363305278032678
2005-07-29,-0.0033078017177961853
2005-08-01,-0.00284015353667895
2005-08-02,0.0009123078596826454
2005-08-03,-0.00020719060004646672
2005-08-04,-0.0042761933635952765
2005-08-05,-0.004119726729604179
2005-08-08,-0.0006496715961445029
2005-08-09,0.004402841239235128
2005-08-10,0.0012277102588961971
2005-08-11,0.003612897299499332
2005-08-12,3.77025417740594e-05
2005-08-15,0.002871841496738954
2005-08-16,-0.002080364019519357
2005-08-17,0.00011266775191167951
2005-08-18,0.002721524369632782
2005-08-19,0.0011943051607784874
2005-08-22,0.0018857702416306195
2005-08-23,-0.00030331104428075583
2005-08-24,-0.0028461290759157023
2005-08-25,0.0011179270799364764
2005-08-26,-0.0018066847380468272
2005-08-29,0.0029348309817718407
2005-08-30,0.002267029750456795
2005-08-31,0.004211671418714466
2005-09-01,-0.003406695561452272
2005-09-02,0.001995964690160394
2005-09-05,-0.0006403891147789007
2005-09-06,0.0015110689562024353
2005-09-07,-0.002952877958548081
2005-09-08,-0.001729498040352643
2005-09-09,0.00519954707002577
2005-09-12,-0.004731654501840554
2005-09-13,-0.0001619906298208273
2005-09-14,-0.0020161599130547425
2005-09-15,-0.0020965002245959398
2005-09-16,0.001899571755881852
2005-09-19,-0.0026025956096797993
2005-09-20,-0.0008118957805789306
2005-09-21,0.0016463611175361408
2005-09-22,1.7496437193780347e-05
2005-09-23,-0.004421550993581521
2005-09-26,0.0018284984757558976
2005-09-27,-0.001013319834324315
2005-09-28,0.004173432067424101
2005-09-29,0.0026016583951689594
2005-09-30,-0.001753473091075943
2005-10-03,-0.004564808380297515
2005-10-04,-0.0024547634613941416
2005-10-05,-0.005081764100376093
2005-10-06,-0.006888820724598452
2005-10-07,0.005019455449553022
2005-10-10,0.00010206175667179615
2005-10-11,0.0023557636637462727
2005-10-12,-0.005901059328774861
2005-10-13,-0.0007844249990843706
2005-10-14,0.0003532743615983435
2005-10-17,0.001512044815495463
2005-10-18,-0.0012686754026824574
2005-10-19,0.002354754455609391
2005-10-20,-0.00766640643595307
2005-10-21,0.006292698225488096
2005-10-24,0.0014075474043771696
2005-10-25,-0.005715391018357763
2005-10-26,-6.849402528072749e-05
2005-10-27,-0.0030982018171440825
2005-10-28,0.0055505625952506
2005-10-31,0.004348100612577811
2005-11-01,0.001957288628613526
2005-11-02,0.0001754708210389951
2005-11-03,0.0011659851990814337
2005-11-04,0.0031852599538187906
2005-11-07,0.00203154579651734
2005-11-08,0.0023899463276299757
2005-11-09,-0.002897128631627887
2005-11-10,0.005580843738931781
2005-11-11,0.0011560759349544547
2005-11-14,-0.0017527454024584802
2005-11-15,-0.00016362134428776293
2005-11-16,0.006141231733888645
2005-11-17,0.003605501874933057
2005-11-18,0.0005292178722930787
2005-11-21,0.0024196125361419392
2005-11-22,-9.134256803902105e-05
2005-11-23,0.00015067491834765958
2005-11-24,0.0007950516029942361
2005-11-25,0.0017459184889173107
2005-11-28,-0.0028558888672981144
2005-11-29,0.00020742893637158417
2005-11-30,-0.003920789378352478
2005-12-01,0.0050293205969298635
2005-12-02,0.0009967003928392985
2005-12-05,-0.0016693759949292647
2005-12-06,0.003191179256480291
2005-12-07,-9.533711735083795e-05
2005-12-08,-0.0028137860530478816
2005-12-09,0.000602858802289234
2005-12-12,-0.002837311288842524
2005-12-13,0.0036339206485296333
2005-12-14,-0.0012261069053503843
2005-12-15,-0.003794782455704462
2005-12-16,-6.703129439304375e-05
2005-12-19,0.0009716850952034374
2005-12-20,0.004189053802317008
2005-12-21,0.002941455934247425
2005-12-22,0.002744497546338208
2005-12-23,0.0015105059754970123
2005-12-26,0.0010417617162190216
2005-12-27,-0.00014622512878778148
2005-12-28,0.0026655558163815596
2005-12-29,-0.00019064396852384868
2005-12-30,-0.00096722835280387
2006-01-02,0.00013200421207474515
2006-01-03,-3.962463178735359e-05
2006-01-04,0.0014542066859629848
2006-01-05,-0.001111410130923907
2006-01-06,-0.0011609540785669197
2006-01-09,0.0026414229342003885
2006-01-10,-0.004255669107064149
2006-01-11,-0.0001527318820378988
2006-01-12,0.0021404512227953267
2006-01-13,-0.000908857549427577
2006-01-16,0.0025030548543120887
2006-01-17,-0.0022686507119145656
2006-01-18,-0.003932201666200793
2006-01-19,0.003556227547470066
2006-01-20,-0.007183081771430918
2006-01-23,-0.0016107574718255504
2006-01-24,0.0022678065574482055
2006-01-25,-0.002117028023238532
2006-01-26,0.0036859725043472515
2006-01-27,0.007591545663694931
2006-01-30,-0.0006156978588974318
2006-01-31,-0.002481672318225878
2006-02-01,0.0018408476017612728
2006-02-02,-0.0025144426914462527
2006-02-03,0.0029005100496307195
2006-02-06,0.002322625160316629
2006-02-07,-0.006866331628777041
2006-02-08,0.0024580595395684657
2006-02-09,0.0016736780714186425
2006-02-10,-0.002951716045896703
2006-02-13,-0.0032586672587704177
2006-02-14,0.004093305713127949
2006-02-15,-0.0006312007823324747
2006-02-16,0.002410206040624595
2006-02-17,0.0007599511404018329
2006-02-20,0.0001322554941449426
2006-02-21,-4.0888403582637896e-06
2006-02-22,0.003535448907083526
2006-02-23,-0.003156907278859404
2006-02-24,0.0029723944415117943
2006-02-27,-0.00015408618398559185
2006-02-28,-0.0025853210880308454
2006-03-01,0.0019385475092661255
2006-03-02,-0.004140703145709952
2006-03-03,-0.00314296329169929
2006-03-06,-0.0022839324444883687
2006-03-07,0.0008148387262982093
2006-03-08,-0.0003651765453087953
2006-03-09,0.000834139888869021
2006-03-10,0.0030011625041363992
2006-03-13,-0.00015121113933261391
2006-03-14,0.0031084864002525205
2006-03-15,-0.0011349290305589976
2006-03-16,0.0006723812695486497
2006-03-17,-0.0010896996558864142
2006-03-20,0.0021245800513722927
2006-03-21,-0.0023117071363732223
2006-03-22,0.0028289243123431843
2006-03-23,-0.00011848018873737026
2006-03-24,0.002653853322011992
2006-03-27,-0.0013446435723845063
2006-03-28,-0.0037302677652298983
2006-03-29,0.0035118850467947237
2006-03-30,-0.0021331875057831714
2006-03-31,0.0006883238444260848
2006-04-03,0.001346073309400172
2006-04-04,-0.0019754995937158086
2006-04-05,0.0019160579345207575
2006-04-06,0.0002980751514937984
2006-04-07,-0.0031345146328765464
2006-04-10,0.002175801520363562
2006-04-11,-0.0030215573687498885
2006-04-12,-0.0011608478814438556
2006-04-13,-0.0021487712844342768
2006-04-14,0.00023542835478319854
2006-04-17,-0.0014945037000940885
2006-04-18,0.0034212038484010285
2006-04-19,0.0005978586011461734
2006-04-20,-0.001112544288190429
2006-04-21,0.002490399922826274
2006-04-24,-0.004124685956405983
2006-04-25,-0.0028099159300627886
2006-04-26,0.0013292533845533873
2006-04-27,-0.002185915225234676
2006-04-28,-0.001172068778085981
2006-05-01,-0.002959821221655863
2006-05-02,0.001862879648712108
2006-05-03,-0.0002896726953134632
2006-05-04,0.00046720601928061943
2006-05-05,0.0005906107862824071
2006-05-08,-0.0010383408298165957
2006-05-09,0.00034332612441474763
2006-05-10,-0.0010589475327680425
2006-05-11,-0.005424797045066268
2006-05-12,-0.0038576631943933524
2006-05-15,0.0005521305832430932
2006-05-16,-0.004809378179252364
2006-05-17,-0.0033513251067499887
2006-05-18,-0.007049976062174486
2006-05-19,0.003341848147953362
2006-05-22,-0.007125009173968017
2006-05-23,0.0012378311439802177
2006-05-24,0.0004812707687731522
2006-05-25,0.003183096754913874
2006-05-26,0.005508422902596322
2006-05-29,-0.00026110272276200615
2006-05-30,-0.008697426335774356
2006-05-31,0.0054116193377447275
2006-06-01,0.0003739226794783406
2006-06-02,2.851537618547449e-07
2006-06-05,-0.004250608196559364
2006-06-06,-0.003908417192618427
2006-06-07,-0.003138866385794024
2006-06-08,-0.006985054429993833
2006-06-09,-0.00249337082270865
2006-06-12,-0.002574765460833529
2006-06-13,-0.008648500460113107
2006-06-14,0.006948833102805917
2006-06-15,0.009762253613668689
2006-06-16,-0.000734208615495534
2006-06-19,-0.0029030080198412032
2006-06-20,0.0017328476240578614
2006-06-21,0.0039553293185807595
2006-06-22,-0.0005892398653710182
2006-06-23,-0.0005229845178265345
2006-06-26,0.0026518637273887495
2006-06-27,-0.005213812472660321
2006-06-28,0.0032123724461189784
2006-06-29,0.007767413475757358
2006-06-30,0.002392529429083992
2006-07-03,0.0026434281859611646
2006-07-04,0.00043499114383491015
2006-07-05,-0.0015675711144787364
2006-07-06,0.00013983735373921833
2006-07-07,-0.0027876582039092477
2006-07-10,-0.0003412661263069612
2006-07-11,0.0011362510827631804
2006-07-12,-0.0029195049942566604
2006-07-13,-0.0036610706315519416
2006-07-14,-0.0015287095942114054
2006-07-17,-0.0037624766984651788
2006-07-18,0.0019314512323730857
2006-07-19,0.0029201345342191954
2006-07-20,-0.0018413919293407438
2006-07-21,-0.00013123652117686638
2006-07-24,0.0023577899006872326
2006-07-25,0.0009023076807414419
2006-07-26,0.0008052527797892709
2006-07-27,0.0009980852232301172
2006-07-28,0.0017616001826200741
2006-07-31,-0.0006260483529303124
2006-08-01,3.236417395066596e-05
2006-08-02,0.0017811385421456158
2006-08-03,0.0006811579660929387
2006-08-04,0.002063335172762794
2006-08-07,-0.001865731809624354
2006-08-08,-0.0005384039982438067
2006-08-09,0.0021129724949625617
2006-08-10,-0.001527789521928653
2006-08-11,-0.0011170862777159934
2006-08-14,0.0002455587059217191
2006-08-15,0.003032024263356384
2006-08-16,0.00235108873339027
2006-08-17,-0.0017455468729838178
2006-08-18,0.0005741402436247704
2006-08-21,0.001088498551213567
2006-08-22,-0.00046786273245375876
2006-08-23,-0.0012708325077416286
2006-08-24,-0.001004479283983894
2006-08-25,0.000769657204923006
2006-08-28,0.0006107747697359605
2006-08-29,0.0009384592612803849
2006-08-30,0.0007841951813064566
2006-08-31,0.0005274158459899072
2006-09-01,0.0014993939575271655
2006-09-04,-0.0008876011547713739
2006-09-05,0.0010382649779562513
2006-09-06,-0.0030458814832396383
2006-09-07,-0.004751287000459842
2006-09-08,-0.00091139873979068
2006-09-11,-0.0015014255829499832
2006-09-12,0.0025101222993939546
2006-09-13,-0.0001954043705257269
2006-09-14,0.00010035496635555762
2006-09-15,-0.0014096400599360663
2006-09-18,0.0025179363490388405
2006-09-19,-0.0033403207638596274
2006-09-20,0.0016941769759148187
2006-09-21,0.0011760149375078098
2006-09-22,-0.0003832821938479234
2006-09-25,-0.00022331766820470593
2006-09-26,0.0009734124091061671
2006-09-27,0.002511958223459832
2006-09-28,-0.0002656804161488027
2006-09-29,-0.001151351208123647
2006-10-02,0.0017119000420714194
2006-10-03,-0.0015643084732904764
2006-10-04,0.0038109062193595086
2006-10-05,-0.0015782328687874532
2006-10-06,-0.004853574184457763
2006-10-09,0.00013246177362294072
2006-10-10,-0.003416156057316312
2006-10-11,-0.0016024115364227463
2006-10-12,0.0036903620691726125
2006-10-13,-0.0008785151497292904
2006-10-16,0.003099260054021207
2006-10-17,-0.0009157653036758651
2006-10-18,0.0009870092738056848
2006-10-19,0.002086353729190577
2006-10-20,0.0004215388556506048
2006-10-23,-0.0018477841362271473
2006-10-24,0.0012304524485682756
2006-10-25,0.004617491218978828
2006-10-26,0.0050377976167241875
2006-10-27,-0.00023142699663154657
2006-10-30,0.00041829303414806635
2006-10-31,0.002839005207823404
2006-11-01,0.0018419610013988212
2006-11-02,0.00035270571622067774
2006-11-03,-0.007453092028853968
2006-11-06,0.004146745390672667
2006-11-07,0.0046139920749506316
2006-11-08,-0.0009344995082409476
2006-11-09,0.0003023941158256592
2006-11-10,0.0023949990113810295
2006-11-13,-0.0028189874820793116
2006-11-14,0.004506528913661795
2006-11-15,-0.0017630676499820726
2006-11-16,-0.003283849180180629
2006-11-17,0.003871537965750884
2006-11-20,-0.0033883067525230653
2006-11-21,0.0028119966126468133
2006-11-22,0.007414892772708021
2006-11-23,0.0010340122860640249
2006-11-24,0.003810035816890254
2006-11-27,-0.001372962383144221
2006-11-28,0.006248986502299666
2006-11-29,0.0016226589866817824
2006-11-30,0.00912620352230394
2006-12-01,0.003547416538163302
2006-12-04,0.0028388589844722634
2006-12-05,-8.09115490992843e-05
2006-12-06,-0.0031393542565457244
2006-12-07,-0.00041712245005524006
2006-12-08,-0.004054379020934942
2006-12-11,0.0007852393351712959
2006-12-12,0.0026799796312623483
2006-12-13,-0.0044850411107190775
2006-12-14,-0.0004398964116756019
2006-12-15,-0.0034220727934828003
2006-12-18,-0.001122941874392235
2006-12-19,0.004382407104717776
2006-12-20,-0.0012232217398225709
2006-12-21,0.0008855371846031993
2006-12-22,-0.004935379223123084
2006-12-25,0.00031584079859659864
2006-12-26,0.0006589561468059308
2006-12-27,0.0022143462039040437
2006-12-28,0.00015766766365791547
2006-12-29,-0.0003318501449703195
2007-01-01,0.0008263759816257616
2007-01-02,0.0014409979312037691
2007-01-03,-0.001462105243690033
2007-01-04,-0.0006740346016490898
2007-01-05,-0.011280640900756657
2007-01-08,0.0037736282975043157
2007-01-09,0.001186049857626901
2007-01-10,-0.004157898921805176
2007-01-11,0.0013089960116128402
2007-01-12,0.0060048953005484695
2007-01-15,0.0009009873153176769
2007-01-16,0.00043293516040067843
2007-01-17,0.000820901270253291
2007-01-18,0.0008240617221061857
2007-01-19,0.002574502745321263
2007-01-22,-2.6237612763283825e-05
2007-01-23,0.0036715727294084743
2007-01-24,0.00023406827797170884
2007-01-25,-0.00723395410797361
2007-01-26,-0.0007596588556971924
2007-01-29,0.00045698008614569974
2007-01-30,0.0031839770602133336
2007-01-31,0.0035683730162032147
2007-02-01,0.003616712856696742
2007-02-02,-0.0013427773755439534
2007-02-05,-0.002682009004913451
2007-02-06,0.004954661389844378
2007-02-07,0.0027998311704844265
2007-02-08,-0.0004210063338004499
2007-02-09,-3.0295582526067267e-05
2007-02-12,-0.0054518810080162955
2007-02-13,0.003988041083082584
2007-02-14,0.008745043835066572
2007-02-15,-0.0006954476869962065
2007-02-16,0.000601363464527429
2007-02-19,0.0006755466632806706
2007-02-20,0.0006922571072075596
2007-02-21,0.0023682405419638104
2007-02-22,-0.0002149051195147199
2007-02-23,0.0036137135231651867
2007-02-26,0.002402663570538295
2007-02-27,-0.014663013253486599
2007-02-28,0.0029233247220200654
2007-03-01,-0.005463717891845798
2007-03-02,-0.006241692918595388
2007-03-05,-0.009052726166385552
2007-03-06,0.010245495987899304
2007-03-07,-0.00027242392007775914
2007-03-08,0.003976712356995933
2007-03-09,-0.0014503530899254943
2007-03-12,0.0026779854240665223
2007-03-13,-0.006510937021606917
2007-03-14,0.002191905511578463
2007-03-15,0.000891703339183197
2007-03-16,0.0005811243877849542
2007-03-19,0.004319796757205206
2007-03-20,0.0037352748843143646
2007-03-21,0.007222677495848042
2007-03-22,-0.0025933173895823576
2007-03-23,-0.0016164400536645156
2007-03-26,0.001592951765609007
2007-03-27,-0.0016648613697155343
2007-03-28,-0.004222825544271308
2007-03-29,0.0017744634229766992
2007-03-30,-0.0015405750424301522
2007-04-02,0.002429178605579922
2007-04-03,-0.0004156862504964545
2007-04-04,0.0034722309660817513
2007-04-05,-0.00017718754347808058
2007-04-06,0.00018803580596733657
2007-04-09,-0.005029816582680802
2007-04-10,0.004446886088580212
2007-04-11,-0.001132832960584074
2007-04-12,0.002305124835152161
2007-04-13,0.0006224640486966609
2007-04-16,0.004041282036866559
2007-04-17,0.00405495151721836
2007-04-18,0.003084760222293743
2007-04-19,-0.0017208783372610402
2007-04-20,0.0014041837720856008
2007-04-23,-0.0013994540661724298
2007-04-24,0.0014505126130497266
2007-04-25,0.0011366496740136116
2007-04-26,-0.0056963220542456975
2007-04-27,0.0016706170128111015
2007-04-30,0.0008552230423564785
2007-05-01,-0.0015142514898209506
2007-05-02,-0.00024347103226075677
2007-05-03,-0.0013158174428153308
2007-05-04,0.0009168968809350788
2007-05-07,0.0014115808156184386
2007-05-08,-0.0017949236096457572
2007-05-09,-0.0011916236063355921
2007-05-10,-0.0006510280190344172
2007-05-11,0.0009990747897698014
2007-05-14,-0.0005510472073623473
2007-05-15,0.001701353864459582
2007-05-16,-0.00012721089402598258
2007-05-17,-0.0006740730162922027
2007-05-18,-0.0005439780683985782
2007-05-21,-0.0003847423542558709
2007-05-22,-0.0016074885351060092
2007-05-23,-0.00023179687996892806
2007-05-24,-0.0005195330344391892
2007-05-25,0.0009978694442848697
2007-05-28,-0.00013750966832593497
2007-05-29,-0.0014498950626285546
2007-05-30,0.001225670213418712
2007-05-31,-0.0009087062218462654
2007-06-01,-0.0020957695309431422
2007-06-04,0.003127393316431648
2007-06-05,-0.0031014942245925804
2007-06-06,-0.003966156565153773
2007-06-07,-0.013703905544292544
2007-06-08,0.0013205935565139396
2007-06-11,-0.00018247056727046932
2007-06-12,-0.009933093650207128
2007-06-13,0.008018849648770289
2007-06-14,0.0016262882293610827
2007-06-15,0.007199489063433888
2007-06-18,0.0013886146914517151
2007-06-19,0.0039688668373023105
2007-06-20,-0.006716354893006672
2007-06-21,0.0010071598205531236
2007-06-22,0.0003892800779473878
2007-06-25,-3.386425002861187e-05
2007-06-26,-0.0035740005945425644
2007-06-27,0.0031678848740296917
2007-06-28,0.0005612580264003504
2007-06-29,0.006798118889423183
2007-07-02,0.007691878729854409
2007-07-03,-0.0005038315080086798
2007-07-04,0.00028746814156673813
2007-07-05,-0.003434212155696471
2007-07-06,-0.0002942577910245909
2007-07-09,0.0013697358775619747
2007-07-10,0.00041578961792900025
2007-07-11,0.0013553327543995605
2007-07-12,0.00205604085946996
2007-07-13,0.0004017544207472256
2007-07-16,0.0014649879170470486
2007-07-17,9.810357595625875e-05
2007-07-18,-0.000874350363748449
2007-07-19,0.00023474686133338654
2007-07-20,-0.0008543764234418958
2007-07-23,0.0011210129473116634
2007-07-24,-0.002284010509021466
2007-07-25,-0.002231804935193716
2007-07-26,-0.005196468343630607
2007-07-27,-0.006889332419195919
2007-07-30,0.0052421601394759855
2007-07-31,-0.002484873020793371
2007-08-01,0.0006220636849203401
2007-08-02,0.0017767853012730114
2007-08-03,1.8265815657611713e-06
2007-08-06,0.0033124425095379583
2007-08-07,-0.0011838357925187605
2007-08-08,0.0040551888441072385
2007-08-09,-0.010093732001550391
2007-08-10,-0.0014009748158294376
2007-08-13,-0.0018452853716938754
2007-08-14,-0.004805767850808334
2007-08-15,-0.008756280987748851
2007-08-16,-0.0010966569943755542
2007-08-17,0.001870810021933965
2007-08-20,0.0013044345690916234
2007-08-21,0.0015134179962629554
2007-08-22,0.007817404923687443
2007-08-23,0.002313173964775615
2007-08-24,0.006113909479565058
2007-08-27,-0.0035998157277555938
2007-08-28,-0.005601218521921624
2007-08-29,0.006500024973872654
2007-08-30,-0.0004388777991610728
2007-08-31,0.004589400394661923
2007-09-03,-0.0003594990590208508
2007-09-04,4.9659698865635955e-05
2007-09-05,0.000933688851280568
2007-09-06,0.0016131443077933073
2007-09-07,0.005058626066742521
2007-09-10,-0.0002760436229136726
2007-09-11,0.0030746160116430295
2007-09-12,-0.0011091153272884497
2007-09-13,-0.004327136981022002
2007-09-14,-0.0008693831709680257
2007-09-17,-0.0013185170553284644
2007-09-18,0.005033865664096931
2007-09-19,-0.0014198734695448233
2007-09-20,-0.0006156951775362705
2007-09-21,0.002496216898699849
2007-09-24,0.001317245950237044
2007-09-25,0.0015205110999525703
2007-09-26,-0.0006513527924206274
2007-09-27,0.004512024325700775
2007-09-28,0.005186966967937947
2007-10-01,0.0025876248808002155
2007-10-02,-0.002354865551835645
2007-10-03,-0.0030746043499683697
2007-10-04,0.0036960171082067988
2007-10-05,-0.00020784712089613627
2007-10-08,-0.004281320975770681
2007-10-09,0.0021120416503427894
2007-10-10,0.001531248064824329
2007-10-11,0.0013055111588789637
2007-10-12,0.00015321610914488645
2007-10-15,0.0012538898235333136
2007-10-16,-0.0019160482430948319
2007-10-17,0.0033135490802734934
2007-10-18,0.005735453182999771
2007-10-19,-0.0006452589810661169
2007-10-22,-0.003522339553172735
2007-10-23,0.003023216244905216
2007-10-24,0.0033057549397681515
2007-10-25,0.0023473760369425436
2007-10-26,0.0048565229763485275
2007-10-29,0.003682007475262138
2007-10-30,-0.0028062235024481253
2007-10-31,0.0038807145343859317
2007-11-01,-0.0016727457334793905
2007-11-02,0.004592481757176992
2007-11-05,-0.0031577934284424316
2007-11-06,0.004792439881046803
2007-11-07,0.00042587448534738416
2007-11-08,-0.0002157773703837554
2007-11-09,0.00025114615987170967
2007-11-12,-0.00811809064892605
2007-11-13,0.003919702319578086
2007-11-14,0.0006849325064534162
2007-11-15,-0.0025963272267091574
2007-11-16,0.000867105664297031
2007-11-19,-0.00038945978431611334
2007-11-20,0.008856388746972126
2007-11-21,-0.0009252987045725272
2007-11-22,-0.00021860303236253374
2007-11-23,0.004991677964667033
2007-11-26,0.00195808616160968
2007-11-27,-0.0017630809828282988
2007-11-28,0.0008078647614834849
2007-11-29,-0.0011844880410020063
2007-11-30,-0.003762162963408947
2007-12-03,0.003537596877845702
2007-12-04,9.147957991733019e-06
2007-12-05,-0.0043439426108874924
2007-12-06,0.002228015595792783
2007-12-07,-0.003938244651057665
2007-12-10,0.0021717859060665333
2007-12-11,-0.0006411341156512795
2007-12-12,0.002610950062979742
2007-12-13,-0.00710664987660255
2007-12-14,-0.009509094850766484
2007-12-17,-0.0013169856934172222
2007-12-18,0.0031079117805389673
2007-12-19,0.0013988109816625218
2007-12-20,-0.0025250569986474958
2007-12-21,0.0013597677594780412
2007-12-24,-0.0005540032086803147
2007-12-25,-0.00010786372512418259
2007-12-26,0.0020458410410938315
2007-12-27,0.00255568463791099
2007-12-28,0.0063682501367280835
2007-12-31,-0.0007145808587716798
2008-01-01,9.444516148367753e-05
2008-01-02,0.006613404897618018
2008-01-03,-2.6506563308711288e-05
2008-01-04,-0.00038056202723599317
2008-01-07,-0.0016378199869608772
2008-01-08,0.009975352347695844
2008-01-09,-0.010942822493205651
2008-01-10,0.0013059941107223796
2008-01-11,0.0010439270758176586
2008-01-14,0.002814304222731752
2008-01-15,-1.4254694690834374e-05
2008-01-16,-0.003721473408050044
2008-01-17,0.0011476821564924762
2008-01-18,-0.0021234167627251525
2008-01-21,-0.0007715333851042046
2008-01-22,0.003092656912601099
2008-01-23,-0.0010690414605778807
2008-01-24,0.0022693230155920777
2008-01-25,0.0004382907969446414
2008-01-28,0.0028384969472548174
2008-01-29,-0.0013347047684055973
2008-01-30,0.0004685282601162441
2008-01-31,0.0019313622660344784
2008-02-01,-0.0019319823130372197
2008-02-04,0.0005479924771247564
2008-02-05,0.003445816420513564
2008-02-06,0.0003944906656907144
2008-02-07,-0.004413151166793174
2008-02-08,0.009437621772234102
2008-02-11,-0.002078864747748018
2008-02-12,-0.003479338900215028
2008-02-13,-0.001989913552940025
2008-02-14,0.0005175039629813169
2008-02-15,-0.0004218164927168658
2008-02-18,-0.0009287102281699713
2008-02-19,0.0003688184154924841
2008-02-20,0.0018958912233817146
2008-02-21,0.0031204956296649925
2008-02-22,-0.0008458073702529649
2008-02-25,-0.0043656456178559596
2008-02-26,0.002120033883593009
2008-02-27,0.0012981064129050693
2008-02-28,0.007185042782225294
2008-02-29,0.0050798181944645875
2008-03-03,0.00046181827948001716
2008-03-04,-0.0021769780131573914
2008-03-05,0.0019064811307133599
2008-03-06,0.004262813469999906
2008-03-07,0.0007376864582507682
2008-03-10,0.003785092111402535
2008-03-11,-0.0048045290471030394
2008-03-12,0.006917678242287156
2008-03-13,0.0007320521738871249
2008-03-14,0.0049455027384109175
2008-03-17,-0.0008113229078649759
2008-03-18,-0.005136981071885477
2008-03-19,-0.0008530228965403848
2008-03-20,-0.003858882950604545
2008-03-21,0.00031856460561882285
2008-03-24,-0.0063273018330551704
2008-03-25,0.004637623620935721
2008-03-26,0.0043727899924148475
2008-03-27,-0.000490669343640472
2008-03-28,-0.0005669999395598317
2008-03-31,-0.0026872231331771224
2008-04-01,-0.005854156096887957
2008-04-02,0.00040779758436799594
2008-04-03,0.0001747014244674617
2008-04-04,0.0027290568965428305
2008-04-07,-0.001348626801155931
2008-04-08,-0.004881782753700685
2008-04-09,0.008894967859217192
2008-04-10,-0.0014134481916029927
2008-04-11,0.0034572189533322636
2008-04-14,-0.0005132883427995199
2008-04-15,-0.0023658173331459033
2008-04-16,-0.002844703878738069
2008-04-17,0.0008478007231443675
2008-04-18,-0.0029780341889932335
2008-04-21,-0.0002907781225048177
2008-04-22,0.0031736914847002983
2008-04-23,-0.0029827578755879233
2008-04-24,-0.0038813480543922778
2008-04-25,-0.000607689011481235
2008-04-28,0.00034554358069671567
2008-04-29,-0.0020316903691603404
2008-04-30,0.0022875898607184956
2008-05-01,-0.0035375370400767482
2008-05-02,-0.0024766603997443603
2008-05-05,0.0026284307937533605
2008-05-06,-0.0008148447462222092
2008-05-07,0.0013629202779073162
2008-05-08,0.0006666342442128523
2008-05-09,0.004203433623509323
2008-05-12,-0.0024828671646359413
2008-05-13,-0.0027539984190437738
2008-05-14,-0.0011936642459328109
2008-05-15,4.412673179292448e-05
2008-05-16,0.0017289710933659692
2008-05-19,-1.6493806361776578e-06
2008-05-20,0.004662653339142152
2008-05-21,0.00424940871441337
2008-05-22,-0.003861259475033881
2008-05-23,0.0032961687897957843
2008-05-26,-4.780602978336068e-05
2008-05-27,-0.003910621282308999
2008-05-28,-0.0008028618463952445
2008-05-29,-0.00482288058994483
2008-05-30,0.0010168672502960014
2008-06-02,0.0015519283294859881
2008-06-03,-0.0006159437996834888
2008-06-04,-0.0025174396205062933
2008-06-05,-0.0008237487846990002
2008-06-06,0.012258237992332638
2008-06-09,-0.0033746149172562247
2008-06-10,-0.0034943958442981587
2008-06-11,0.004973416487572372
2008-06-12,-0.004057782431554949
2008-06-13,-0.0030754041647263267
2008-06-16,0.0014563693110162192
2008-06-17,0.00034705526196397864
2008-06-18,0.003899534222815473
2008-06-19,-0.0014926908664262084
2008-06-20,0.005999178746316931
2008-06-23,-0.001642985470037335
2008-06-24,0.002497119184582681
2008-06-25,-0.0012446929017150713
2008-06-26,0.009008207920023917
2008-06-27,0.0026195021273925953
2008-06-30,-0.0005760115438324966
2008-07-01,0.0005125548745521386
2008-07-02,0.004800103881744052
2008-07-03,-0.0018041122329471098
2008-07-04,2.0678841776645293e-05
2008-07-07,0.0003530806983972754
2008-07-08,-0.005322653256523294
2008-07-09,0.005310208831249824
2008-07-10,0.002461227550090284
2008-07-11,0.0003537842764020246
2008-07-14,0.0016768133689612854
2008-07-15,0.0008034705640795303
2008-07-16,-0.007921064408987226
2008-07-17,-0.005252416395678505
2008-07-18,-0.001801775713442472
2008-07-21,0.0013689811788199842
2008-07-22,-0.0056581112353201405
2008-07-23,-0.005064856845616151
2008-07-24,0.004038145184154546
2008-07-25,-0.0025645887692332626
2008-07-28,0.004663457209540715
2008-07-29,-0.004288967649529498
2008-07-30,-0.0005069506797580077
2008-07-31,0.0031401830695198018
2008-08-01,0.0032051232846166864
2008-08-04,0.0029793624787860223
2008-08-05,-0.005922583070174466
2008-08-06,0.00015042939501635013
2008-08-07,0.006153270884413887
2008-08-08,-0.004968673901568218
2008-08-11,-0.003481892952452728
2008-08-12,0.0035232783010665184
2008-08-13,0.00415620575284151
2008-08-14,0.0006544309637421933
2008-08-15,0.0007109465653560923
2008-08-18,0.0023119096957083334
2008-08-19,0.0019122681875248957
2008-08-20,-0.0003838161200670932
2008-08-21,-0.00031712175127492754
2008-08-22,-9.255507901730336e-06
2008-08-25,0.004293388003908541
2008-08-26,-0.0006617088821493677
2008-08-27,-0.0002568735811664538
2008-08-28,-0.00010328174157216171
2008-08-29,0.0006438992313661876
2008-09-01,0.002114402808345348
2008-09-02,0.004274348409306374
2008-09-03,0.0009778808422266035
2008-09-04,0.007882369530051753
2008-09-05,-0.0011046923124491208
2008-09-08,-0.0036184475459210227
2008-09-09,0.004933223887167223
2008-09-10,-0.0029059545030134574
2008-09-11,-0.0016467782175621692
2008-09-12,-0.006044841305973674
2008-09-15,0.01273011485385451
2008-09-16,-9.896525010628108e-05
2008-09-17,0.010835441268118914
2008-09-18,-0.010622266708999264
2008-09-19,-0.014156213579498365
2008-09-22,0.006158400726946307
2008-09-23,0.0009224516799747669
2008-09-24,-0.00025787227038211473
2008-09-25,-0.0030353202872514737
2008-09-26,0.0025039065673153776
2008-09-29,0.024454966617483972
2008-09-30,-0.013444410360265604
2008-10-01,0.0032068941381003095
2008-10-02,0.003988056091739806
2008-10-03,0.0019612459157714642
2008-10-06,0.008789005407828123
2008-10-07,0.005590466787678324
2008-10-08,0.0020476210947704514
2008-10-09,0.004166617921727775
2008-10-10,-0.0009548956140042744
2008-10-13,-0.01890201657069058
2008-10-14,-0.0007962950689016969
2008-10-15,0.01236228942015377
2008-10-16,-0.008941924358276405
2008-10-17,0.0005930603596155018
2008-10-20,-0.003013639945398205
2008-10-21,0.005656832942412865
2008-10-22,0.008336161529298839
2008-10-23,-0.00035567743613318305
2008-10-24,0.005940876581411129
2008-10-27,0.006422992737288628
2008-10-28,-0.01618728969211789
2008-10-29,-0.0012732608045394188
2008-10-30,-0.00531878060150853
2008-10-31,-0.0003640679943702984
2008-11-03,8.562961557601143e-05
2008-11-04,-0.0053034485861132375
2008-11-05,0.0057200944331135895
2008-11-06,0.006014376895883086
2008-11-07,-0.0031365377535090026
2008-11-10,-0.0013110821456494982
2008-11-11,0.006367932544272977
2008-11-12,0.0076433640338680504
2008-11-13,-0.008093016918588967
2008-11-14,0.00649792874568512
2008-11-17,0.00047512811984871126
2008-11-18,0.0018406202547083727
2008-11-19,0.00608336720243928
2008-11-20,0.011500782473831666
2008-11-21,-0.00881512805256916
2008-11-24,-0.008780917606028026
2008-11-25,0.004751201685220311
2008-11-26,-0.00271769168339324
2008-11-27,-0.00027322668258199874
2008-11-28,0.0032019239030120555
2008-12-01,0.011736724222711192
2008-12-02,-0.001097224193898307
2008-12-03,0.0005581182416626789
2008-12-04,0.004529017955478949
2008-12-05,-0.0008486875655710666
2008-12-08,-0.011475393482211467
2008-12-09,0.009554928537890708
2008-12-10,-0.0026575344385801206
2008-12-11,-0.0008648838404790591
2008-12-12,0.0002192807519714622
2008-12-15,-0.0010467804446096214
2008-12-16,-0.001219169326181498
2008-12-17,0.0024645081261155427
2008-12-18,0.004359776996108141
2008-12-19,0.0016700974789013929
2008-12-22,0.0006093755083725557
2008-12-23,-0.0002684033383407815
2008-12-24,-0.0003864678996481551
2008-12-25,-6.721476626211304e-05
2008-12-26,0.00011484671900271509
2008-12-29,-0.001264233058730226
2008-12-30,0.00042445071439852194
2008-12-31,-0.003054831812258196
2009-01-01,-0.00028937807708017527
2009-01-02,-0.004201695642018141
2009-01-05,-0.0014636980097821595
2009-01-06,-0.0008237942469354139
2009-01-07,0.0026403111878011334
2009-01-08,-0.00016620046979888363
2009-01-09,0.0025454887382966437
2009-01-12,0.004272124331351474
2009-01-13,0.001972939270921963
2009-01-14,0.00330919001253593
2009-01-15,1.7238593817696038e-05
2009-01-16,-0.0022992025048179294
2009-01-19,0.001127283242764914
2009-01-20,0.004231592388290449
2009-01-21,-0.004870266432096756
2009-01-22,0.000125581116751069
2009-01-23,-0.001165382484794969
2009-01-26,-0.0017255474760350517
2009-01-27,0.001225530681038268
2009-01-28,-0.0026100720234119544
2009-01-29,-0.001069811585909698
2009-01-30,3.987977816843457e-05
2009-02-02,0.002787327477255883
2009-02-03,-0.0035773810386861993
2009-02-04,-0.0003671005773833645
2009-02-05,-0.0010213663578347162
2009-02-06,-0.0028388594582158025
2009-02-09,-0.0003047281136089034
2009-02-10,0.00740111420853071
2009-02-11,0.0022127515902662033
2009-02-12,0.0002962413182625789
2009-02-13,-0.0007591044959565168
2009-02-16,0.00030205282876093366
2009-02-17,0.008025854176985953
2009-02-18,-0.0007614439441388686
2009-02-19,-0.0012728332765207624
2009-02-20,0.0012848354051587156
2009-02-23,0.002802291508952072
2009-02-24,-0.005280758155419169
2009-02-25,0.0004034294584022327
2009-02-26,-0.0011378678536619882
2009-02-27,-0.00024702784820068604
2009-03-02,0.005707827253207846
2009-03-03,-0.0011407579665794457
2009-03-04,-0.004575461006789802
2009-03-05,0.00566742063088786
2009-03-06,-0.0007974850262342537
2009-03-09,0.0031921867823610246
2009-03-10,-0.004792368715347583
2009-03-11,0.0011842887925946864
2009-03-12,-0.004281275346477781
2009-03-13,-0.0006086259195195784
2009-03-16,-0.0019294794100550867
2009-03-17,-0.002892477096058128
2009-03-18,0.0011639956743666976
2009-03-19,-0.0036410526216542425
2009-03-20,0.001273621062305936
2009-03-23,-0.00741042131817348
2009-03-24,0.0021166435738288205
2009-03-25,-0.0020643515303408505
2009-03-26,0.0010209602100768088
2009-03-27,0.005020303565908806
2009-03-30,0.004885354933827691
2009-03-31,-0.001306965428036547
2009-04-01,-0.0011824395749851387
2009-04-02,-0.006454309264383151
2009-04-03,-0.002342448797190801
2009-04-06,0.0025055611571757758
2009-04-07,0.002628899820226393
2009-04-08,0.00037850162245782525
2009-04-09,-0.0033457584150626534
2009-04-10,8.46727718618878e-05
2009-04-13,-0.0009435136152118213
2009-04-14,0.0022067576900361204
2009-04-15,-0.0008460800310393984
2009-04-16,0.000296507551432551
2009-04-17,-0.0007095727011995636
2009-04-20,0.006452587614546474
2009-04-21,-0.0024403237313795584
2009-04-22,0.0001796694413953778
2009-04-23,-0.0022618000992882053
2009-04-24,-0.001985693378890738
2009-04-27,0.003342548640956069
2009-04-28,-0.0007260164127091468
2009-04-29,-0.003580453058722389
2009-04-30,-0.0007480703493540471
2009-05-01,-0.003199946780279388
2009-05-04,-0.0036788762921659275
2009-05-05,0.00109690395122287
2009-05-06,-0.0029737005978536755
2009-05-07,-0.002070896822315507
2009-05-08,-0.004722460967323005
2009-05-11,0.00406520569144014
2009-05-12,-0.0008402539032473413
2009-05-13,0.005361113693860761
2009-05-14,-0.0015407485080530259
2009-05-15,0.0027120304600530836
2009-05-18,-0.005955071973979319
2009-05-19,0.00014167854428667599
2009-05-20,-0.0008062394489622095
2009-05-21,0.0007475543827604114
2009-05-22,-0.001711381994247504
2009-05-25,-3.434896519690018e-05
2009-05-26,-0.003688214435744662
2009-05-27,-0.00028339556457717687
2009-05-28,-0.001971613854824591
2009-05-29,0.00041340740403541187
2009-06-01,-0.007990358138827685
2009-06-02,0.00020869754212058864
2009-06-03,0.005037882077673827
2009-06-04,-0.002436360669841525
2009-06-05,-0.001664296475822604
2009-06-08,0.0001055434800542081
2009-06-09,-0.0017565919244124629
2009-06-10,-0.0017769291611166404
2009-06-11,-0.002213727415772653
2009-06-12,0.0010937794071238763
2009-06-15,0.003558911239882938
2009-06-16,0.0030729325593047184
2009-06-17,-0.0010512547764618629
2009-06-18,-0.001951701600497598
2009-06-19,-7.271079728995956e-05
2009-06-22,0.005426977661193706
2009-06-23,-0.0007196877465379121
2009-06-24,-0.0001875954187841059
2009-06-25,-0.0003866523840422637
2009-06-26,-0.00018335532519882057
2009-06-29,-0.0011111452961676802
2009-06-30,0.0011261927615624796
2009-07-01,-0.000675601229159534
2009-07-02,0.007234509546981081
2009-07-03,6.446880320198917e-05
2009-07-06,0.002151805573556853
2009-07-07,0.004892176802192668
2009-07-08,0.005695606461074217
2009-07-09,-0.004321271027187754
2009-07-10,0.003705086546115173
2009-07-13,-0.0029639616692566976
2009-07-14,-0.003078269770536303
2009-07-15,-0.008191515947278625
2009-07-16,0.00025521242666908656
2009-07-17,-0.0019496720215794751
2009-07-20,-0.003457461206438184
2009-07-21,0.0021480610900598764
2009-07-22,-0.002290378757990347
2009-07-23,-0.003948939976775503
2009-07-24,-0.0009251415625064495
2009-07-27,-0.0016846438851632986
2009-07-28,0.00392028383907795
2009-07-29,0.0032518928859581837
2009-07-30,-0.004050232576250636
2009-07-31,-0.0015154619095548991
2009-08-03,-0.00814587779258023
2009-08-04,-1.4861767797316969e-05
2009-08-05,-0.0007084555285686051
2009-08-06,0.001875738384610753
2009-08-07,-0.0011680510655997095
2009-08-10,0.0023906360739127447
2009-08-11,0.0031484136864394097
2009-08-12,-0.0023756872958888646
2009-08-13,0.0003439459529114205
2009-08-14,0.002256875386251985
2009-08-17,0.006377981163136197
2009-08-18,-0.004076242240385237
2009-08-19,-0.00042902102408266243
2009-08-20,9.032072529657507e-05
2009-08-21,-0.0035742554088051145
2009-08-24,0.0006685428409742187
2009-08-25,0.0014892370021910072
2009-08-26,0.0010493024851602685
2009-08-27,-0.0017226164608100808
2009-08-28,0.0016255659067869134
2009-08-31,0.0027387649534650962
2009-09-01,0.005595932328393178
2009-09-02,0.0045365326476745575
2009-09-03,-0.0003141872204799296
2009-09-04,-0.0038041256176571344
2009-09-07,0.000516931015607502
2009-09-08,-0.004268233795282092
2009-09-09,-0.0006592947999500335
2009-09-10,-0.0016943875087665425
2009-09-11,0.004073191905079046
2009-09-14,-0.0015498198681462808
2009-09-15,5.1462739661517815e-05
2009-09-16,-0.0024215792625633826
2009-09-17,0.002456978882483473
2009-09-18,-0.001553320756518837
2009-09-21,0.0017666686794177307
2009-09-22,-0.0002278697276377733
2009-09-23,0.001005008292612444
2009-09-24,0.0028597119144083646
2009-09-25,0.0023791332002484505
2009-09-28,-0.0013259463630562365
2009-09-29,0.0010483551824693191
2009-09-30,0.00019607168531184292
2009-10-01,0.0054234685032189525
2009-10-02,-0.0014892330607987772
2009-10-05,0.002104512924311579
2009-10-06,0.0047073051451967576
2009-10-07,0.0024635311876879807
2009-10-08,0.0010864059824710415
2009-10-09,-0.0025317716365180843
2009-10-12,0.0014601292355821986
2009-10-13,0.00048653662005400513
2009-10-14,0.002153529547337079
2009-10-15,-0.005211203063390008
2009-10-16,-0.00255162690248233
2009-10-19,0.003662559539622777
2009-10-20,-0.001085112544152535
2009-10-21,-0.002050001048688482
2009-10-22,0.0005369368913560917
2009-10-23,-0.0029861084004349147
2009-10-26,-0.0038579007800607044
2009-10-27,0.00010866616976573927
2009-10-28,-0.0013868939583987824
2009-10-29,0.0020707619163642895
2009-10-30,-0.0004091140781619933
2009-11-02,0.0022466615482647253
2009-11-03,-0.00023488134909477028
2009-11-04,0.0015289821937107969
2009-11-05,0.001902540505386121
2009-11-06,0.0026711054356051917
2009-11-09,0.004934935202899864
2009-11-10,-4.037026391941586e-05
2009-11-11,0.000533545292558551
2009-11-12,-0.0031032457368479426
2009-11-13,0.004127276170779245
2009-11-16,0.004974209307403261
2009-11-17,-0.001149018387198276
2009-11-18,-0.000750559236411773
2009-11-19,-0.001954387448452647
2009-11-20,-0.000541928867104357
2009-11-23,0.003502230691179537
2009-11-24,0.0012314232308379136
2009-11-25,0.004910772646545993
2009-11-26,-3.125905761060385e-05
2009-11-27,-0.003370937764499516
2009-11-30,0.003227709472279435
2009-12-01,0.003869065120057049
2009-12-02,-0.00032281783238453736
2009-12-03,-0.0009344504340171693
2009-12-04,-0.006931484798449939
2009-12-07,-0.0015558046846260117
2009-12-08,-0.0038232919601545027
2009-12-09,0.0007757951903132382
2009-12-10,-0.0011727907756820042
2009-12-11,-0.0025868820341014725
2009-12-14,0.0017467096745751756
2009-12-15,-0.003353860130053867
2009-12-16,0.002757856507631201
2009-12-17,-0.0072784168504551995
2009-12-18,-4.7320833614619825e-05
2009-12-21,-0.0022265646151368858
2009-12-22,-0.0010506532764585335
2009-12-23,0.0020408301859389365
2009-12-24,0.0034698687517291655
2009-12-25,0.0005921740987957591
2009-12-28,-0.0011848329338318276
2009-12-29,-0.0009933034081911999
2009-12-30,-0.0003036476510735444
2009-12-31,-0.000924767400285824
2010-01-01,0.00017038917573565477
2010-01-04,0.003877643451124701
2010-01-05,-0.0016245359323608876
2010-01-06,0.0032561111769237342
2010-01-07,-0.0008964356308242817
2010-01-08,0.0023714118777040686
2010-01-11,0.003133427266838201
2010-01-12,-0.005810237967346778
2010-01-13,0.0035439826573220126
2010-01-14,8.178947926732916e-05
2010-01-15,-0.005331658474911239
2010-01-18,0.00047596470610147937
2010-01-19,0.0020602434619155937
2010-01-20,-0.007245771111196449
2010-01-21,-0.005351434340207681
2010-01-22,-0.004706399993406657
2010-01-25,0.0038428871043918724
2010-01-26,-0.0024371866297948457
2010-01-27,0.00016214164613247527
2010-01-28,-0.002369263191092098
2010-01-29,-0.004871829711086242
2010-02-01,0.005059241602598281
2010-02-02,0.003912493335530815
2010-02-03,-0.0008976982340651471
2010-02-04,-0.012049616001015851
2010-02-05,-0.002562977249207566
2010-02-08,-0.0024563690632013174
2010-02-09,0.007654124294354364
2010-02-10,0.00015339101572187856
2010-02-11,0.003000719083641423
2010-02-12,-0.0027300936171892566
2010-02-15,-0.0005163685485411532
2010-02-16,0.00677532541712914
2010-02-17,-0.0003016441503171267
2010-02-18,-0.00016682950927426226
2010-02-19,0.0008752792624817173
2010-02-22,0.0016378994742981881
2010-02-23,-0.00485517227875865
2010-02-24,0.0008307691737950163
2010-02-25,-0.0017207779979047102
2010-02-26,0.0021013032236461603
2010-03-01,-0.0010069295317410997
2010-03-02,0.0027822514453302925
2010-03-03,0.003203359330361881
2010-03-04,-0.0028488272294170487
2010-03-05,0.004553331307841786
2010-03-08,0.00026604086953234266
2010-03-09,-0.0006980628144360988
2010-03-10,-0.0005929724726597874
2010-03-11,0.0025688265086684214
2010-03-12,0.0013991801427295136
2010-03-15,-0.0024611655775804006
2010-03-16,0.004259670856087774
2010-03-17,0.0009165643111551583
2010-03-18,-0.0004038621059735725
2010-03-19,-0.004726954664691018
2010-03-22,0.0016157937561584118
2010-03-23,0.0007683764922056572
2010-03-24,-0.0037694736531899854
2010-03-25,0.00032505443083132235
2010-03-26,0.003098001697950238
2010-03-29,0.004102268210079365
2010-03-30,-0.0006581448257599685
2010-03-31,0.00011564469832445808
2010-04-01,0.0037846061021978654
2010-04-02,-0.001673900985767684
2010-04-05,0.003325918039687035
2010-04-06,0.0005275702917113964
2010-04-07,-0.0018322024214836208
2010-04-08,0.001244010379642301
2010-04-09,0.00158285012423108
2010-04-12,-4.834819542286384e-05
2010-04-13,-0.0016942742668527916
2010-04-14,0.0038711412449958004
2010-04-15,0.0010777934326796214
2010-04-16,-0.007037600361456072
2010-04-19,6.116023755766857e-05
2010-04-20,-0.00048056684341742095
2010-04-21,-0.0009262182087610415
2010-04-22,-0.002722943095564611
2010-04-23,0.0023979671602504106
2010-04-26,-8.935497326321051e-05
2010-04-27,-0.009067397525259542
2010-04-28,0.0012106882157192694
2010-04-29,0.0059759118447607175
2010-04-30,-0.0024287775841582595
2010-05-03,-0.0002685415860285011
2010-05-04,-0.007736449217053734
2010-05-05,-0.0004734089326602661
2010-05-06,-0.0019447479085305634
2010-05-07,-0.004840184908939309
2010-05-10,0.007241595487990304
2010-05-11,0.0011641077312456577
2010-05-12,0.0009887745874115695
2010-05-13,-0.003762510881260123
2010-05-14,-0.004064741301026863
2010-05-17,-0.0026716611003607255
2010-05-18,-0.002389192210080796
2010-05-19,-0.000797136668604956
2010-05-20,-0.006213891312036485
2010-05-21,0.002617631521155303
2010-05-24,-0.0010239754320017606
2010-05-25,-0.0008370377895617767
2010-05-26,0.0005120459122477443
2010-05-27,0.007749287335849229
2010-05-28,-0.003617097887232851
2010-05-31,0.00013954980431577486
2010-06-01,-0.0008688559181663932
2010-06-02,-0.0016463910815705698
2010-06-03,-0.003200215840389181
2010-06-04,0.003888510377974527
2010-06-07,0.0002866117866877479
2010-06-08,0.0004927641435323027
2010-06-09,-0.0013497459447582506
2010-06-10,-0.001896983459563031
2010-06-11,0.002808187531732877
2010-06-14,-0.0029364916330280057
2010-06-15,0.0005313335985996951
2010-06-16,0.0015554683911405468
2010-06-17,0.001187522865161524
2010-06-18,0.0004161128356543495
2010-06-21,0.00023902980351939762
2010-06-22,0.0011716774418476755
2010-06-23,0.0005532868982260106
2010-06-24,-0.0013229847014739047
2010-06-25,-0.0006484842496874818
2010-06-28,0.001293545380207828
2010-06-29,0.0007485871131497721
2010-06-30,0.00064955272899725
2010-07-01,-0.0038939700053401585
2010-07-02,-0.00033012698977629226
2010-07-05,0.0007251134503853943
2010-07-06,0.0012254420878352918
2010-07-07,0.0031809631142403743
2010-07-08,0.0003983996805552256
2010-07-09,0.0005519715380906899
2010-07-12,-0.0005065657615435933
2010-07-13,-0.00013029685800477775
2010-07-14,0.0016661934669009396
2010-07-15,-0.0016729809010168641
2010-07-16,-0.00142792146706237
2010-07-19,-7.569417827889285e-05
2010-07-20,0.0009533057534641834
2010-07-21,0.0009914798060497356
2010-07-22,0.0008502075734002506
2010-07-23,-0.0010514464460602843
2010-07-26,-0.00026262279591042677
2010-07-27,-0.0041346049441197226
2010-07-28,0.000891672927847307
2010-07-29,0.0008613594052818403
2010-07-30,0.0015383373961909877
2010-08-02,0.001441848282389685
2010-08-03,0.001233409908340031
2010-08-04,-0.0005000897275313434
2010-08-05,0.0017359482075261828
2010-08-06,0.002635949815174548
2010-08-09,-0.00022629929185164117
2010-08-10,0.0014899492658284946
2010-08-11,0.0025348384728743753
2010-08-12,0.004036735175738694
2010-08-13,0.0003891537417411851
2010-08-16,0.0034876637860785124
2010-08-17,-0.000446502338146152
2010-08-18,-2.0854900723121415e-05
2010-08-19,0.0013849617729353358
2010-08-20,0.00039127241794473976
2010-08-23,0.0014085092625451962
2010-08-24,0.0031599202713091636
2010-08-25,0.0017151007664247485
2010-08-26,-0.0001416972664478675
2010-08-27,-0.0028271453787531474
2010-08-30,-0.00039513695554992134
2010-08-31,0.0052111812319911984
2010-09-01,-0.0011683377891438386
2010-09-02,-0.0028969598762975477
2010-09-03,-0.0018348500703092385
2010-09-06,-0.0009781233228352668
2010-09-07,0.004077665093779611
2010-09-08,0.001007725732339417
2010-09-09,-0.003995812726604996
2010-09-10,-0.0016842758100064754
2010-09-13,-0.0007212045583263813
2010-09-14,0.0014295321689529238
2010-09-15,-0.00161650165546129
2010-09-16,-0.0035618975208998324
2010-09-17,0.0008858078469004526
2010-09-20,0.0007194292513656681
2010-09-21,0.0036180813614784726
2010-09-22,-0.0001897107220654022
2010-09-23,4.5151248389787364e-05
2010-09-24,-0.0018038394915538033
2010-09-27,0.0009265249877885853
2010-09-28,0.0011735608760084007
2010-09-29,-0.0017874345208622388
2010-09-30,0.00015845960923346165
2010-10-01,0.00031919720144398314
2010-10-04,-0.0025748782395882803
2010-10-05,0.005092785918413178
2010-10-06,0.0008380568215371252
2010-10-07,0.0013092935980759635
2010-10-08,0.001003272728875659
2010-10-11,0.0011811431669982199
2010-10-12,-0.0011719423746283236
2010-10-13,0.0022816512857690902
2010-10-14,-0.0012026512798207734
2010-10-15,-0.0019518626747003815
2010-10-18,0.002756857913277925
2010-10-19,-0.0018696416441993803
2010-10-20,0.0036738812079449143
2010-10-21,-0.003404142637851013
2010-10-22,0.0019422591368283273
2010-10-25,0.0011713131679113253
2010-10-26,-0.002586509053639957
2010-10-27,-0.003646617798935486
2010-10-28,0.002190205923508127
2010-10-29,0.0009968285973086012
2010-11-01,-0.0024259278213741116
2010-11-02,0.0023265310811234566
2010-11-03,-0.0011116749417296031
2010-11-04,0.004796180015853265
2010-11-05,-0.0025998336329460846
2010-11-08,0.0004318104693092343
2010-11-09,-0.003036324320598108
2010-11-10,0.003230741477258549
2010-11-11,-0.0013768273658067785
2010-11-12,-0.0020916705191829817
2010-11-15,-0.004274337533950965
2010-11-16,7.752973509682413e-05
2010-11-17,0.0010450387829409131
2010-11-18,0.0030753403551356
2010-11-19,-0.0016419443396733773
2010-11-22,0.00019396176825362292
2010-11-23,-0.0006058332537715296
2010-11-24,0.0013236844741541904
2010-11-25,2.9614306623532735e-06
2010-11-26,-0.0014540358730918954
2010-11-29,0.0026684244795131657
2010-11-30,0.0020439596853340297
2010-12-01,0.0005572802834335218
2010-12-02,0.0006287338077698063
2010-12-03,0.002210112634669942
2010-12-06,-0.00029875875468995884
2010-12-07,-0.0034622887784362005
2010-12-08,-0.003468364180453
2010-12-09,0.00105049805282738
2010-12-10,-0.0006634219850574015
2010-12-13,0.002400595332383523
2010-12-14,-0.0017221429526066837
2010-12-15,-0.0024558579123170146
2010-12-16,0.004181670641990343
2010-12-17,0.0014058154052840235
2010-12-20,0.001036983473844185
2010-12-21,0.003520966632010045
2010-12-22,0.00021253429134723966
2010-12-23,6.855736247744933e-05
2010-12-24,0.00027079866114787835
2010-12-27,0.0013776225309341656
2010-12-28,-0.002168783187618483
2010-12-29,0.004847943312992618
2010-12-30,-0.0029883108589653677
2010-12-31,0.002873084825820244
2011-01-03,-0.0014778292473810327
2011-01-04,-0.00029595073101687416
2011-01-05,-0.0033018224621832303
2011-01-06,0.0007970330367502855
2011-01-07,0.0017491889781425171
2011-01-10,0.0006934905562401456
2011-01-11,-0.0007738744969135721
2011-01-12,0.0006624249717091229
2011-01-13,0.00019355527160789436
2011-01-14,-0.002328746082847233
2011-01-17,-0.0005463992552767336
2011-01-18,0.0017487828263631818
2011-01-19,-0.0020344897924886255
2011-01-20,-0.003093352826098818
2011-01-21,-0.0003192327048590611
2011-01-24,0.0015012941977766109
2011-01-25,0.0025726867581704594
2011-01-26,0.00015902844461661612
2011-01-27,0.0007968284001913808
2011-01-28,-0.004672199070879996
2011-01-31,0.0012010423692427874
2011-02-01,0.0023829262433069306
2011-02-02,0.0007668114870411896
2011-02-03,0.001189580868051313
2011-02-04,-0.001330618029702698
2011-02-07,0.0006465599902152089
2011-02-08,0.0010042159929241805
2011-02-09,-0.0007087940911147401
2011-02-10,-0.0011510037972408665
2011-02-11,0.0008280240110657615
2011-02-14,0.0006165578718747076
2011-02-15,-0.00038792435321616573
2011-02-16,0.0026753114503968375
2011-02-17,0.0022034459846815846
2011-02-18,0.0012905444117687526
2011-02-21,0.0002682830382859956
2011-02-22,-0.0007694556836551097
2011-02-23,0.0010210272787073852
2011-02-24,3.0999681362052695e-05
2011-02-25,0.0027923677600258674
2011-02-28,0.0019201127655054848
2011-03-01,0.0013679200420997756
2011-03-02,-0.0023870201933727836
2011-03-03,0.00271228640442288
2011-03-04,-0.0016962014770152871
2011-03-07,-0.00407773284814096
2011-03-08,0.0005199149067429478
2011-03-09,-0.00038416493777702735
2011-03-10,-0.00284664766034759
2011-03-11,-0.002362880473864398
2011-03-14,-0.0036524146382151176
2011-03-15,-0.001433812617003706
2011-03-16,-0.004923938552138177
2011-03-17,0.005702185589677519
2011-03-18,0.005162360675915222
2011-03-21,0.003906263467741417
2011-03-22,-0.0013061222309547385
2011-03-23,1.7897982723142833e-05
2011-03-24,0.00021638498362186288
2011-03-25,-0.00453892069067532
2011-03-28,-0.0017803798259849479
2011-03-29,0.0002653820456611273
2011-03-30,0.0026495287141077486
2011-03-31,-0.0025864853162394182
2011-04-01,0.0006623651476512556
2011-04-04,0.0017323187696211913
2011-04-05,0.0010835184562345804
2011-04-06,0.00029926335363394084
2011-04-07,0.0015610333230597893
2011-04-08,0.000333031840981103
2011-04-11,-0.0006450541005791313
2011-04-12,-0.0007630501771120003
2011-04-13,0.0018019256899643229
2011-04-14,8.266329889472935e-06
2011-04-15,0.003128775802542391
2011-04-18,6.0428478898720225e-05
2011-04-19,-0.0003921821909841235
2011-04-20,0.0025434955429746754
2011-04-21,0.0018636993674309332
2011-04-22,0.0016265119063777677
2011-04-25,0.0011019354204228702
2011-04-26,0.0018399664611774653
2011-04-27,0.0028463683662307616
2011-04-28,0.0004433173470101699
2011-04-29,0.002390627096408259
2011-05-02,-0.0007365901819245597
2011-05-03,-0.0005592003035593164
2011-05-04,-0.002310549952809756
2011-05-05,-0.003542756165802015
2011-05-06,-0.0017192478179115093
2011-05-09,0.002411716198878761
2011-05-10,0.0008967357768695901
2011-05-11,-0.003802244986685161
2011-05-12,-0.0017125622247381915
2011-05-13,-0.0020446293709122996
2011-05-16,-0.003043367828408655
2011-05-17,0.0026770563535897587
2011-05-18,0.001109146088153463
2011-05-19,-0.00061923921202653
2011-05-20,-3.475364032703605e-05
2011-05-23,-0.004681229006570215
2011-05-24,0.0006211706912023111
2011-05-25,0.0015763895124215452
2011-05-26,0.003024773953754333
2011-05-27,0.002427765527741913
2011-05-30,0.002581526993919395
2011-05-31,0.002595812592305157
2011-06-01,-0.0015780202631354157
2011-06-02,-0.004271254048547878
2011-06-03,0.0018332191764222708
2011-06-06,-0.0011193659340868263
2011-06-07,0.0003379117916033173
2011-06-08,0.001321080028527344
2011-06-09,0.001345676072190027
2011-06-10,-0.004282518671021884
2011-06-13,-0.0033235858899804457
2011-06-14,0.002979171529051817
2011-06-15,-0.0012764164577703425
2011-06-16,-0.0017435251333961458
2011-06-17,0.0007709784503343415
2011-06-20,0.0017159575900100629
2011-06-21,0.002117028297658212
2011-06-22,0.00037885542892797657
2011-06-23,-0.0023002042143958207
2011-06-24,-0.002496589173074951
2011-06-27,-0.0024213725902633224
2011-06-28,0.0006844295859761483
2011-06-29,0.0018293727251281241
2011-06-30,0.001816668943315609
2011-07-01,0.0011882869564905781
2011-07-04,-5.375982284903415e-05
2011-07-05,0.002639478133533385
2011-07-06,-9.27515653308909e-05
2011-07-07,0.001489409725509341
2011-07-08,-0.001947339914614726
2011-07-11,-0.0032689434228400237
2011-07-12,-0.0009019684319350712
2011-07-13,0.0037200421732106834
2011-07-14,0.0023062486670224758
2011-07-15,0.000255667450082761
2011-07-18,-0.0013979310260789923
2011-07-19,0.0009346616231940199
2011-07-20,0.0030131101486531456
2011-07-21,0.0038383732585245715
2011-07-22,0.003072920832796945
2011-07-25,6.372582299534558e-05
2011-07-26,0.0003188758200951314
2011-07-27,-0.002120292489681227
2011-07-28,-0.0012916336478885442
2011-07-29,0.0011612379103372677
2011-08-01,-0.0010180949725566322
2011-08-02,-0.0002222476776455211
2011-08-03,0.00043340049491885516
2011-08-04,-0.004332187553005028
2011-08-05,-0.00794144291527945
2011-08-08,-0.001538199875484527
2011-08-09,0.009979783947368094
2011-08-10,0.0007322891943730529
2011-08-11,-0.001408099142489812
2011-08-12,0.003663166679656379
2011-08-15,0.004824481656155889
2011-08-16,0.00278805334071099
2011-08-17,0.0031049086952389675
2011-08-18,-0.004093249152946372
2011-08-19,-0.0012293541064192827
2011-08-22,0.003098772463422372
2011-08-23,-0.00023706088858659383
2011-08-24,-0.004472905079221511
2011-08-25,-0.002976759528307551
2011-08-26,0.004922436779301456
2011-08-29,0.004079360085365112
2011-08-30,0.004070824238471717
2011-08-31,-0.0019003065682843628
2011-09-01,4.1663475857967536e-05
2011-09-02,0.0017091147283085362
2011-09-05,-0.0006032951046226452
2011-09-06,-0.002719598973863894
2011-09-07,-0.001723271226974521
2011-09-08,0.0007459898971902176
2011-09-09,-0.002539411450092224
2011-09-12,-0.0019739367066167954
2011-09-13,0.0003000035007634763
2011-09-14,0.00023664079847824163
2011-09-15,0.000625220574281813
2011-09-16,0.0016828520139615828
2011-09-19,-0.0026744122357022573
2011-09-20,0.0009231906904111384
2011-09-21,-2.2300462910299014e-05
2011-09-22,-0.004873370814478886
2011-09-23,-0.004078792381218543
2011-09-26,0.0006554901294444146
2011-09-27,0.0018683890534252738
2011-09-28,-0.002514695369272929
2011-09-29,0.0025042619051788197
2011-09-30,-0.0023791097040412354
2011-10-03,-0.001278988661915532
2011-10-04,-0.0007176749465055161
2011-10-05,-0.001125435631871572
2011-10-06,-0.003244819329803149
2011-10-07,0.00015539168435901532
2011-10-10,-0.004605907495515232
2011-10-11,-8.178737004994717e-05
2011-10-12,-6.10631330970549e-05
2011-10-13,-0.0021365349612460405
2011-10-14,-0.0025003525317479763
2011-10-17,0.0008576196007060855
2011-10-18,0.0004425387486575229
2011-10-19,0.0013051172715989265
2011-10-20,-0.0009731143054954408
2011-10-21,-0.0020266365426934198
2011-10-24,-0.0016451317899397796
2011-10-25,0.0023766573360063594
2011-10-26,-0.000634279732031674
2011-10-27,-0.004621723719291094
2011-10-28,-0.0018253291575912724
2011-10-31,0.005163078329600562
2011-11-01,0.0032698788290377928
2011-11-02,-0.0004604441661939924
2011-11-03,-0.000292746445820163
2011-11-04,0.00023420268041541358
2011-11-07,0.0009140084725799151
2011-11-08,-0.0013739244778247235
2011-11-09,0.0028322783054424996
2011-11-10,-0.0020110844154626537
2011-11-11,-0.00016670120364385216
2011-11-14,0.0028583529855355744
2011-11-15,0.0009174524780506416
2011-11-16,0.0006609576011075735
2011-11-17,-0.0013479292147947242
2011-11-18,0.0002734872244862571
2011-11-21,-0.00012815698576127912
2011-11-22,0.0009370218714059471
2011-11-23,0.0004619256574216094
2011-11-24,-0.0005823750378411202
2011-11-25,-0.0010567965649820286
2011-11-28,-0.000808246462210714
2011-11-29,-0.001973749682801381
2011-11-30,-0.0012956176269406131
2011-12-01,0.0002612479673265578
2011-12-02,0.001322763340059588
2011-12-05,-0.00018715764896929955
2011-12-06,0.00012753577348022065
2011-12-07,0.0008027235652424543
2011-12-08,0.00010660422106581096
2011-12-09,-0.0008956325695957193
2011-12-12,0.0010409150448914563
2011-12-13,-0.00037218632177052493
2011-12-14,-0.0007553153151325145
2011-12-15,-0.000925698174017097
2011-12-16,0.002363206589566146
2011-12-19,0.0019150927541080494
2011-12-20,-0.001011405789612355
2011-12-21,-0.00013170149636111027
2011-12-22,-0.00048390777295670244
2011-12-23,-0.00018959200021661664
2011-12-26,0.0005360333960815067
2011-12-27,0.0012154146071231052
2011-12-28,0.0008938353428312759
2011-12-29,0.0005638527024759837
2011-12-30,0.0015827643043953914
2012-01-02,0.00018754956638671267
2012-01-03,-0.0025588919541165277
2012-01-04,-0.0027401670661935384
2012-01-05,0.0025001295526387605
2012-01-06,0.0009771052139906171
2012-01-09,0.002242559708699786
2012-01-10,-0.0009551876983276223
2012-01-11,0.003277867440187298
2012-01-12,-0.00010506609268789975
2012-01-13,0.00093173653485897
2012-01-16,0.000976811930750579
2012-01-17,0.001039725671413135
2012-01-18,-0.0027476873946257288
2012-01-19,-0.0006424694660976819
2012-01-20,-0.0019797936958452847
2012-01-23,-0.0027429762923514654
2012-01-24,0.0002101436134779878
2012-01-25,-0.002598576646796673
2012-01-26,0.0022232494229780532
2012-01-27,0.00011610689605830036
2012-01-30,0.0021347995334066437
2012-01-31,0.0040500416693689005
2012-02-01,-4.6779486164340794e-05
2012-02-02,-0.0022844257098441375
2012-02-03,-0.0017620523279823395
2012-02-06,-0.0004808721163797177
2012-02-07,3.792256775863734e-05
2012-02-08,-0.0017130166252457535
2012-02-09,-0.00021574705337035216
2012-02-10,0.0006600556472010671
2012-02-13,0.0003511773780037156
2012-02-14,0.0016343246985066598
2012-02-15,-0.0007611677177080142
2012-02-16,-0.0022014773460089163
2012-02-17,-0.002818243512732031
2012-02-20,-0.0029152429789302834
2012-02-21,0.0021384615955604975
2012-02-22,0.000611343504222842
2012-02-23,0.0007568746479714094
2012-02-24,0.000590605331009938
2012-02-27,-0.0035437335894823127
2012-02-28,0.0017620265402136222
2012-02-29,-0.0034194188761317882
2012-03-01,0.00019412188525158645
2012-03-02,-0.00010721736294892615
2012-03-05,0.0009260638251534115
2012-03-06,-0.0011731769786225204
2012-03-07,0.0028579825139798754
2012-03-08,-0.001035444946124438
2012-03-09,-0.0005134218176381792
2012-03-12,0.0011838426220947447
2012-03-13,-0.002163943072186858
2012-03-14,-0.004307354925511753
2012-03-15,0.0007139963361356733
2012-03-16,0.00040832583894330205
2012-03-19,-0.0031143390168265014
2012-03-20,-0.00220660639348213
2012-03-21,0.0007592435363078942
2012-03-22,0.0007286255398195316
2012-03-23,0.003235065831229342
2012-03-26,0.0001742302332809418
2012-03-27,-0.0005888469606387893
2012-03-28,-0.0016725578432826513
2012-03-29,0.0007569014211298514
2012-03-30,0.0011186220735711545
2012-04-02,0.0002485441759797518
2012-04-03,-0.0015587960198169893
2012-04-04,0.0011954244736777924
2012-04-05,0.002274486864900777
2012-04-06,0.0012636157954747157
2012-04-09,0.002729123700871236
2012-04-10,0.0015658247289291384
2012-04-11,0.0011487673892561624
2012-04-12,-0.00125466995406086
2012-04-13,0.0007343500540639367
2012-04-16,0.001650343001956432
2012-04-17,0.0005013757310632629
2012-04-18,-8.950966361814881e-05
2012-04-19,-0.001853255256289357
2012-04-20,-0.0009331241683964645
2012-04-23,-0.0018454854682253116
2012-04-24,0.0009187907380833071
2012-04-25,-0.0012431115896577123
2012-04-26,0.001793219859491739
2012-04-27,-0.0006427120941634116
2012-04-30,-0.0015458052075152814
2012-05-01,-0.000580334286087913
2012-05-02,0.002109093622670542
2012-05-03,-0.001102835931430135
2012-05-04,-0.0003270597323255929
2012-05-07,0.0009125778479918581
2012-05-08,-0.0021277855757367192
2012-05-09,0.0017477301769531681
2012-05-10,0.001051185811527342
2012-05-11,0.0007126935195991271
2012-05-14,0.0020687225552103463
2012-05-15,-0.0007228149271186117
2012-05-16,-0.00012930216435991178
2012-05-17,0.001954853262095247
2012-05-18,0.001447111133379569
2012-05-21,8.185097380039005e-05
2012-05-22,-0.0020899558923988767
2012-05-23,0.0016767675902927626
2012-05-24,0.00362496278055139
2012-05-25,0.0015534597409667505
2012-05-28,-0.00036600619989059354
2012-05-29,0.0006669375104465119
2012-05-30,0.0030816771087110078
2012-05-31,0.002340118916585979
2012-06-01,0.006267447432528004
2012-06-04,-0.003926763723848737
2012-06-05,-0.0025845434014435194
2012-06-06,-0.004012425587530544
2012-06-07,-0.0018070070438751364
2012-06-08,-0.00017467804453027942
2012-06-11,0.0033742846412056294
2012-06-12,2.3225916148008675e-05
2012-06-13,0.001899359916273136
2012-06-14,-0.00466714609060072
2012-06-15,0.00043352776666139546
2012-06-18,-0.003683324174588954
2012-06-19,-0.0023245221013369214
2012-06-20,-0.0007794976776842377
2012-06-21,0.0015485084368032768
2012-06-22,-0.001757135358974747
2012-06-25,0.0006156894376654365
2012-06-26,-0.00232502539906938
2012-06-27,-0.001096584267778889
2012-06-28,0.0005058060149167709
2012-06-29,-0.0040415841825732594
2012-07-02,-0.003159592134355906
2012-07-03,-0.001967330258316659
2012-07-04,-0.0007101567428606632
2012-07-05,0.0014104560471816605
2012-07-06,0.004366190566456246
2012-07-09,0.0007268628773201164
2012-07-10,0.0007494034323364754
2012-07-11,0.0001381232333735789
2012-07-12,0.0004097661739373449
2012-07-13,0.0007510186861052223
2012-07-16,-0.0019517510690581126
2012-07-17,-0.0007499248855911774
2012-07-18,-0.0022257837964646528
2012-07-19,-0.0006144226748536266
2012-07-20,0.0018248460254450985
2012-07-23,0.004916775423463572
2012-07-24,0.0021248972362187027
2012-07-25,0.001756518588258644
2012-07-26,-0.002315085927866143
2012-07-27,-0.006189091563242877
2012-07-30,-0.0009180048166035973
2012-07-31,0.0017522475476865742
2012-08-01,-0.0010709745171153574
2012-08-02,0.004593725685154224
2012-08-03,-0.0033273496793623384
2012-08-06,-0.003382662057797561
2012-08-07,-0.002733729585723794
2012-08-08,0.0006391302882028232
2012-08-09,-0.0007559024178512307
2012-08-10,0.0022421267423823675
2012-08-13,-0.0003570221582461824
2012-08-14,-0.00234750068698778
2012-08-15,-7.05542721708822e-05
2012-08-16,-0.0014098975247802874
2012-08-17,-0.0008121443362567693
2012-08-20,0.0015338840773200168
2012-08-21,-0.0010208508412313279
2012-08-22,-0.00024606184765100706
2012-08-23,-0.002382776909681157
2012-08-24,0.00101112575739343
2012-08-27,0.002234030096794448
2012-08-28,0.0006952666649234865
2012-08-29,-0.0007250139589309293
2012-08-30,0.001778405160678392
2012-08-31,-0.00023361650317170292
2012-09-03,-0.001465593137369158
2012-09-04,-0.0003504703014884087
2012-09-05,0.0007294766561296725
2012-09-06,-0.0010754857752495034
2012-09-07,0.0003939272501212623
2012-09-10,-0.002841927775487488
2012-09-11,-0.0013342109033638602
2012-09-12,-0.00307334813204806
2012-09-13,0.0003581231873371935
2012-09-14,-0.0030626252843287756
2012-09-17,0.0012846625565369058
2012-09-18,0.0005541324822903189
2012-09-19,0.0007142120839664319
2012-09-20,-0.00011206632536541871
2012-09-21,-0.00034381704633554104
2012-09-24,0.0006328516029813475
2012-09-25,-0.00044143456641686
2012-09-26,-3.393553377858808e-05
2012-09-27,-0.0015328102842075287
2012-09-28,0.0011999974542195135
2012-10-01,0.0008739303933786041
2012-10-02,-0.0006119273895697306
2012-10-03,-0.00018838575355259674
2012-10-04,0.0009552696436913139
2012-10-05,-0.0024360026506610043
2012-10-08,0.000190896005619135
2012-10-09,-0.0021856094605876234
2012-10-10,0.0006433594058285364
2012-10-11,0.001451480515850274
2012-10-12,-0.0012204153066550727
2012-10-15,9.728269612744087e-05
2012-10-16,0.0004478376136331587
2012-10-17,-0.0015405904883188698
2012-10-18,-0.001322022771991685
2012-10-19,-0.001137140849685742
2012-10-22,-0.0011031317317132892
2012-10-23,-0.00045919545304350215
2012-10-24,-0.0016317745096278654
2012-10-25,0.0003896757263957929
2012-10-26,0.0038725937681494678
2012-10-29,-0.0011597165545527228
2012-10-30,-0.0002279121267672461
2012-10-31,0.0020772302159959392
2012-11-01,0.0008362030762833791
2012-11-02,0.0025909742405146037
2012-11-05,0.0025187355650000704
2012-11-06,-0.0027105178464186404
2012-11-07,0.002106665946359741
2012-11-08,-0.00085047383529342
2012-11-09,-0.00054633646321549
2012-11-12,0.0007401042080363874
2012-11-13,-0.0005204129770603534
2012-11-14,-0.0016259414738773867
2012-11-15,0.001389774197117123
2012-11-16,-0.0005060082984827106
2012-11-19,0.0013310904743792304
2012-11-20,-0.0006711482946103118
2012-11-21,-0.0008195388984781019
2012-11-22,0.0005314130580773048
2012-11-23,0.0004983938842201116
2012-11-26,4.4003086962957484e-05
2012-11-27,-2.6180172751017914e-05
2012-11-28,0.003621424812663564
2012-11-29,0.0004877229193407358
2012-11-30,-1.9908375064270467e-05
2012-12-03,0.00024599802160653436
2012-12-04,0.0007871954677775182
2012-12-05,-0.001566388353341967
2012-12-06,0.002679691565496251
2012-12-07,0.00014952128686873285
2012-12-10,0.001708166442499459
2012-12-11,-0.00035073082407391837
2012-12-12,-0.0013118434837124798
2012-12-13,-0.000568653613790493
2012-12-14,0.0016352091828979458
2012-12-17,-0.0002588996101171526
2012-12-18,-0.0006793357075904072
2012-12-19,0.00033438442376474884
2012-12-20,-0.0004972869720453228
2012-12-21,0.0009656494937586189
2012-12-24,-0.0004625445756787243
2012-12-25,0.000369975541804957
2012-12-26,-0.0010086888931399333
2012-12-27,0.0012379714665124732
2012-12-28,-0.0005403803896359936
2012-12-31,0.0016134207114366656
2013-01-01,0.002035419646367319
2013-01-02,0.002576930761346912
2013-01-03,-0.002991212706998239
2013-01-04,-0.003919447642804297
2013-01-07,-0.0004179392650746521
2013-01-08,0.0005474886093266539
2013-01-09,0.0011240618230195548
2013-01-10,0.0021035705294901686
2013-01-11,0.005581214978242317
2013-01-14,0.0015569648210521521
2013-01-15,0.00084359648202139
2013-01-16,-0.002575830989498044
2013-01-17,-0.0023618966885308795
2013-01-18,0.0028453181282700585
2013-01-21,-0.0013304308073695682
2013-01-22,-0.0007824943646847583
2013-01-23,-0.001977171344465834
2013-01-24,-1.332203044322649e-05
2013-01-25,0.0014350158756867629
2013-01-28,0.0012834896843443564
2013-01-29,-0.0010102705243004266
2013-01-30,0.002275027645733933
2013-01-31,0.0016407108114789616
2013-02-01,0.00151104435649762
2013-02-04,4.114424993275278e-05
2013-02-05,-0.0026080876870470194
2013-02-06,0.0014092818924674728
2013-02-07,0.0002504702438088139
2013-02-08,0.00057383564343718
2013-02-11,-0.00030378656586618053
2013-02-12,-0.0003090985366323545
2013-02-13,-0.001468348708102937
2013-02-14,3.526172500490738e-05
2013-02-15,0.0003251280428408075
2013-02-18,0.00046778355658831953
2013-02-19,0.0004725373388169081
2013-02-20,0.0038715011454789924
2013-02-21,-0.0030162409697500237
2013-02-22,0.0015370748211726564
2013-02-25,-0.0035585385316123717
2013-02-26,-0.0009244661378220965
2013-02-27,0.0018114181913232296
2013-02-28,0.00300247463171926
2013-03-01,0.002785955975320969
2013-03-04,0.002638890298591021
2013-03-05,-0.0003015431150952617
2013-03-06,-0.0015643305246852478
2013-03-07,0.0005734255418233985
2013-03-08,-0.0005032969286694202
2013-03-11,0.003951978091602606
2013-03-12,-0.001099777936980766
2013-03-13,0.000229074210530825
2013-03-14,0.0026719030252357005
2013-03-15,-0.00015269579511506824
2013-03-18,-0.0007355388452923155
2013-03-19,0.0040025080828374375
2013-03-20,-0.00019074131801506239
2013-03-21,0.00018585795351092668
2013-03-22,-0.0011124725548250928
2013-03-25,-0.002767451726457202
2013-03-26,0.0025469966627498022
2013-03-27,0.0018936385225278003
2013-03-28,-0.0038749072679294923
2013-03-29,-0.0008572490260303747
2013-04-01,-0.0030137121747375512
2013-04-02,0.0007534536498382661
2013-04-03,0.004675501320078437
2013-04-04,0.004401595288424962
2013-04-05,0.0030675195175850806
2013-04-08,-0.0005822754429387162
2013-04-09,-1.4467797155431937e-05
2013-04-10,0.0016625942453385152
2013-04-11,0.00340594488220831
2013-04-12,0.00799441219105548
2013-04-15,0.004095309727719385
2013-04-16,0.0007287093770817122
2013-04-17,0.0007380481581118047
2013-04-18,-0.000191663141718147
2013-04-19,0.0022407854530096544
2013-04-22,-0.0013253945722138674
2013-04-23,0.0014024789055679743
2013-04-24,-0.000999422026304608
2013-04-25,-0.00413275309403344
2013-04-26,0.001722626495030323
2013-04-29,0.0012679049447927478
2013-04-30,0.0008550970976161364
2013-05-01,0.00210985216931527
2013-05-02,-0.0018273841117472129
2013-05-03,-0.00500330210435949
2013-05-06,-0.0009256891342862492
2013-05-07,-2.518946532469881e-07
2013-05-08,0.00015013946399783357
2013-05-09,0.00019864945181870207
2013-05-10,-0.0016708827360305855
2013-05-13,0.002006030939641225
2013-05-14,0.0020587487676912287
2013-05-15,0.0035153722613714337
2013-05-16,-0.0024058683232139185
2013-05-17,0.00035295019438693546
2013-05-20,-0.000131290110705657
2013-05-21,0.0020820598239122286
2013-05-22,-0.0018425115439473358
2013-05-23,-0.001813391390087831
2013-05-24,0.0001403846194379061
2013-05-27,-0.0007820683162011669
2013-05-28,-0.003408535608660538
2013-05-29,0.0014244294276387368
2013-05-30,-0.0027632462998657707
2013-05-31,-0.0018769496320997592
2013-06-03,-0.0017455342831025299
2013-06-04,0.0005372423672465299
2013-06-05,-0.005256359197630381
2013-06-06,0.00018178891198220482
2013-06-07,0.005845761183371962
2013-06-10,0.0009178932132628717
2013-06-11,-0.0026607328664975966
2013-06-12,-0.0008451853740884811
2013-06-13,0.0015280890919386258
2013-06-14,-0.002667237243885774
2013-06-17,0.003685267360081237
2013-06-18,0.0031109337350422764
2013-06-19,0.002417386686862478
2013-06-20,-0.0023661593884272978
2013-06-21,0.0017599218828274249
2013-06-24,-0.0013546795721195602
2013-06-25,0.0011648651309399333
2013-06-26,0.0017771199855264673
2013-06-27,0.00037352369259577745
2013-06-28,-0.0019425400339792953
2013-07-01,0.0008298446291706617
2013-07-02,0.0005839328229176896
2013-07-03,0.0012782876721409075
2013-07-04,-0.0008997850192329247
2013-07-05,0.007455349327092788
2013-07-08,-0.0012418465925025607
2013-07-09,0.00039715708803293926
2013-07-10,0.001342854345063101
2013-07-11,-0.0009500032393147827
2013-07-12,0.0007243660919255429
2013-07-15,0.00037762568136547666
2013-07-16,-0.0011424763740375261
2013-07-17,0.0017479916981754154
2013-07-18,0.0008094583027125667
2013-07-19,-0.001377315761234366
2013-07-22,-0.00027361766057284667
2013-07-23,-0.00024693227765920677
2013-07-24,0.001043441128544407
2013-07-25,0.0005920898504996499
2013-07-26,-0.0013378313241550607
2013-07-29,0.00016673260700891118
2013-07-30,0.0007179762029592626
2013-07-31,0.00045207479135310984
2013-08-01,0.006206845820988983
2013-08-02,0.00022242382137238473
2013-08-05,0.00030165918949138625
2013-08-06,-0.0012434082862407922
2013-08-07,-0.0016039846985245818
2013-08-08,-0.003049100533835273
2013-08-09,0.0015190695131248953
2013-08-12,-0.0020318630402741218
2013-08-13,0.0045314755560911585
2013-08-14,-0.001078802649561289
2013-08-15,-0.0032883506115925437
2013-08-16,0.0003751131771453477
2013-08-19,-0.0012419865464505361
2013-08-20,-0.001527729013970907
2013-08-21,-0.0007010718020582764
2013-08-22,0.001521870380027204
2013-08-23,0.0007167689165908471
2013-08-26,-0.0031962412521923953
2013-08-27,-0.0023178493399885762
2013-08-28,0.00121688491944385
2013-08-29,-0.0005729766636320278
2013-08-30,-0.0008320710257517709
2013-09-02,-0.0001874662842355825
2013-09-03,0.0025076035135893297
2013-09-04,0.0027080615155386212
2013-09-05,0.0035114900015375005
2013-09-06,-0.00032722321752550615
2013-09-09,0.0008361918000710073
2013-09-10,0.0021034059320140393
2013-09-11,-0.0004304953667680147
2013-09-12,0.0004451389469043044
2013-09-13,0.0003891892428651097
2013-09-16,-0.00031232567622740655
2013-09-17,-0.0006048710136025284
2013-09-18,-5.9087042580888284e-05
2013-09-19,-0.0012641859366986819
2013-09-20,0.0011614956555802206
2013-09-23,-0.0005356293928510821
2013-09-24,-0.00036174063226270914
2013-09-25,-0.0011259410067325766
2013-09-26,0.0007630227321934323
2013-09-27,-0.001222413854773106
2013-09-30,-0.0013276031497040648
2013-10-01,0.0018664525576085316
2013-10-02,-0.00035617380381780864
2013-10-03,-0.0007275793638870031
2013-10-04,0.0006846056864843713
2013-10-07,-0.0054038579666711
2013-10-08,-0.0016490724880060489
2013-10-09,0.0019821169585265705
2013-10-10,0.0035805831422840136
2013-10-11,0.001807434434839458
2013-10-14,0.0013304178567312866
2013-10-15,-0.002032054885060871
2013-10-16,0.001518192897352679
2013-10-17,-0.001313040143072079
2013-10-18,0.002259252145490792
2013-10-21,0.0006592596818171446
2013-10-22,-0.0005555067611310346
2013-10-23,-0.0012853059080556964
2013-10-24,0.0003043467810361262
2013-10-25,-0.0006546810823774608
2013-10-28,0.002394709211180323
2013-10-29,0.0006888586856044613
2013-10-30,-0.0008396732741067502
2013-10-31,-0.0004979680777458146
2013-11-01,0.00010395508602714866
2013-11-04,-0.00037732539170845373
2013-11-05,3.439009527493491e-05
2013-11-06,0.0016863707612746787
2013-11-07,-0.0015530905045135252
2013-11-08,0.0029365474648572706
2013-11-11,-9.320042558466483e-05
2013-11-12,0.000123024880410543
2013-11-13,0.0024273497834225734
2013-11-14,0.0007768450360550275
2013-11-15,0.0016620457205214238
2013-11-18,0.0010265031762902185
2013-11-19,0.00037536983123890504
2013-11-20,0.0020604573929816723
2013-11-21,-0.00037445184793608445
2013-11-22,-0.00034028034174873607
2013-11-25,-0.0007126531886371279
2013-11-26,-0.0010887546021855596
2013-11-27,0.0004364377872170449
2013-11-28,0.0013511436910368323
2013-11-29,0.0008342262520957672
2013-12-02,0.002509144202049314
2013-12-03,-0.0011790920017985883
2013-12-04,-0.0014052320160239298
2013-12-05,-0.0008854029756795502
2013-12-06,0.001263885849638254
2013-12-09,-0.0007146293811098553
2013-12-10,-0.00046234782694943373
2013-12-11,-0.00205692362688367
2013-12-12,-3.816457982994191e-05
2013-12-13,-0.00038951840412866786
2013-12-16,0.0014311557472720972
2013-12-17,-0.001744865533383245
2013-12-18,0.004335780626159119
2013-12-19,0.001147091763122294
2013-12-20,-0.0007575982684680778
2013-12-23,0.001501965884317921
2013-12-24,0.00016649138687770912
2013-12-25,8.427399361000284e-05
2013-12-26,0.0021963946947729765
2013-12-27,0.0030251854228514354
2013-12-30,0.0010878929651776726
2013-12-31,0.002957502923436963
2014-01-01,0.00019004587021243094
2014-01-02,-0.004892089187528216
2014-01-03,-0.0029221987651145698
2014-01-06,-0.0031780807117237145
2014-01-07,0.001423216905575662
2014-01-08,0.0012942195954159395
2014-01-09,-0.0007780034087377905
2014-01-10,-0.003498287263513715
2014-01-13,-0.002776205301327113
2014-01-14,0.0022131679464334627
2014-01-15,0.004394835646012661
2014-01-16,-0.0018428717026987335
2014-01-17,-0.0020558975467297284
2014-01-20,-0.0003978952044119655
2014-01-21,0.003598708368994661
2014-01-22,0.002991323163070081
2014-01-23,-0.002655590574169625
2014-01-24,-0.0027982205870222114
2014-01-27,-0.004338146562427987
2014-01-28,0.004234561122753913
2014-01-29,0.0006159497939894926
2014-01-30,-0.0006951651623082577
2014-01-31,-0.004926942825008263
2014-02-03,-0.00826260500750455
2014-02-04,0.0014496975075686267
2014-02-05,0.001360858172779542
2014-02-06,0.002743872057398377
2014-02-07,-0.0004954839651515083
2014-02-10,0.00018927487203544203
2014-02-11,0.004756081263380404
2014-02-12,0.0006128808969977638
2014-02-13,0.0004503155912774957
2014-02-14,0.00032645826596068003
2014-02-17,0.0005144895764118075
2014-02-18,0.00038066200157472975
2014-02-19,-0.0012240780476098214
2014-02-20,-0.00032636615817251743
2014-02-21,0.0011234180789052206
2014-02-24,0.0012687255835059715
2014-02-25,-0.0019961865723303984
2014-02-26,-0.0012424969061726912
2014-02-27,-0.00038243827647242083
2014-02-28,0.001095666958379942
2014-03-03,-0.007191332840362102
2014-03-04,0.003335930134438324
2014-03-05,-0.0011705118473353373
2014-03-06,0.0025067001117239735
2014-03-07,0.00723894241407151
2014-03-10,0.00023339769324401982
2014-03-11,-0.001954204929368535
2014-03-12,-0.004869604233442735
2014-03-13,-0.0037015199292435757
2014-03-14,-0.0026169896716742203
2014-03-17,0.0037415228371536066
2014-03-18,0.001116876298071915
2014-03-19,0.000541838080458267
2014-03-20,0.00016161367516578028
2014-03-21,-0.0026751345132414086
2014-03-24,-0.0006428912121852227
2014-03-25,0.001167177747134004
2014-03-26,0.0007525712066563067
2014-03-27,-0.0005005380410048645
2014-03-28,0.001926039193760668
2014-03-31,0.0007543304955351932
2014-04-01,0.000554047766818453
2014-04-02,0.0027613962642976785
2014-04-03,-0.00026502576816562714
2014-04-04,-0.003465473818499361
2014-04-07,-0.002521875536307636
2014-04-08,-0.0013533003350218648
2014-04-09,0.004255839257414473
2014-04-10,-0.003370421924674218
2014-04-11,-0.002368144801258318
2014-04-14,0.00031772083181249216
2014-04-15,0.001269007832352195
2014-04-16,0.0020293642505868317
2014-04-17,0.004729960310818716
2014-04-18,-0.0001084548270883893
2014-04-21,0.0011372722172740407
2014-04-22,-0.0014164695516831207
2014-04-23,-0.0014945881995846132
2014-04-24,-0.0015025786030344527
2014-04-25,-0.002419378324874805
2014-04-28,0.0014279415458898375
2014-04-29,0.0013058474111392198
2014-04-30,-2.4679946629339415e-05
2014-05-01,0.0006216600954780101
2014-05-02,-0.0011246056532349241
2014-05-05,-0.0005126995136040565
2014-05-06,-0.0013027481536660196
2014-05-07,0.0034976599030390266
2014-05-08,-0.0012646061711270248
2014-05-09,-0.0007267533972250835
2014-05-12,-0.0005361917484737416
2014-05-13,-0.0006838864437687425
2014-05-14,-0.003250870004419793
2014-05-15,-0.0009049328941026042
2014-05-16,0.0008362147497952238
2014-05-19,0.0019760964106032993
2014-05-20,-0.0002042263977715711
2014-05-21,0.0019441271007003833
2014-05-22,-0.00035707754508509666
2014-05-23,-0.0010736915577072357
2014-05-26,-0.0003737343389613052
2014-05-27,0.0027259198607818167
2014-05-28,-0.002817130873758654
2014-05-29,0.0001006832144045692
2014-05-30,0.0015093835157195328
2014-06-02,0.0019401583074802348
2014-06-03,-0.0014807384758818115
2014-06-04,0.001594400561346567
2014-06-05,0.001808159692843125
2014-06-06,0.0015716499653901984
2014-06-09,0.0007040904703801042
2014-06-10,-0.0026661068554975956
2014-06-11,-0.0014289069410748608
2014-06-12,0.0033813551032856803
2014-06-13,0.0015352854632453103
2014-06-16,0.00047198339647520036
2014-06-17,-0.0009680300890086845
2014-06-18,0.002809614285936636
2014-06-19,-0.002911915238302431
2014-06-20,0.0007689464236647555
2014-06-23,-0.0019522916628350422
2014-06-24,0.0008077784922340134
2014-06-25,0.0005412682164365931
2014-06-26,-0.0005439564169489685
2014-06-27,-0.00042517535795707595
2014-06-30,0.0019293317103039741
2014-07-01,0.00146626927090321
2014-07-02,-0.0032396879486186903
2014-07-03,-0.0004682862889518345
2014-07-04,-3.072557460615259e-05
2014-07-07,-0.0009622980445207988
2014-07-08,-0.00038115688271903877
2014-07-09,0.0008684092830602382
2014-07-10,-0.0010701245731413712
2014-07-11,-0.0002191111038654434
2014-07-14,-0.00013995431614615236
2014-07-15,-0.0017261642846219585
2014-07-16,0.0029987842182781547
2014-07-17,-0.0005029448264292558
2014-07-18,0.0007815413543674031
2014-07-21,0.0005939859632037956
2014-07-22,0.000501578216249806
2014-07-23,-0.000643336343863717
2014-07-24,-0.0030937755552110017
2014-07-25,0.0012803968054366254
2014-07-28,-0.0012000321173942508
2014-07-29,0.00034587039153537993
2014-07-30,-0.004373973718792721
2014-07-31,-0.00470628687963737
2014-08-01,0.0011335366898513571
2014-08-04,-0.0006501175193624818
2014-08-05,-0.0006045526418874761
2014-08-06,-0.0006829331520368818
2014-08-07,-0.001864947775403125
2014-08-08,0.002212259236629124
2014-08-11,0.0012076086600457394
2014-08-12,-0.0004724364067350955
2014-08-13,0.002120859129494306
2014-08-14,0.003182684781017523
2014-08-15,-0.0005114541437510466
2014-08-18,0.0025421207991570913
2014-08-19,0.0020241867005877452
2014-08-20,-0.0030790206280657986
2014-08-21,0.0021693096363427666
2014-08-22,-0.0008546090982728333
2014-08-25,0.002630120234926638
2014-08-26,-0.00172073906800041
2014-08-27,0.0011198872444071334
2014-08-28,-0.0007076431176436907
2014-08-29,-0.00016527702532122165
2014-09-01,3.442965114150377e-05
2014-09-02,0.0012697957571469818
2014-09-03,0.001295391400137894
2014-09-04,-0.0026429123058335454
2014-09-05,0.0011291059184407957
2014-09-08,-0.0005871553365484746
2014-09-09,0.0003101629948483776
2014-09-10,0.0010035495053534887
2014-09-11,0.0015751105385023315
2014-09-12,0.0002462182923192503
2014-09-15,-0.00021785108553708834
2014-09-16,-0.0017423911310061654
2014-09-17,-3.6039861097773684e-05
2014-09-18,0.006294612856145209
2014-09-19,0.003464638141607622
2014-09-22,0.0012192970249862995
2014-09-23,-0.0010499549686214388
2014-09-24,-0.000655305922345131
2014-09-25,0.001507136743590155
2014-09-26,0.0006819654319744301
2014-09-29,0.0007142964024143174
2014-09-30,0.001990181297620266
2014-10-01,-0.000621251651765143
2014-10-02,-0.0022358062898316182
2014-10-03,0.0012307788291979276
2014-10-06,-0.0011608597881741462
2014-10-07,-0.0018859814342797596
2014-10-08,0.000843787032103245
2014-10-09,-0.00125289144043022
2014-10-10,0.0010881984433381798
2014-10-13,-0.001551840526008803
2014-10-14,-0.0012118301910330489
2014-10-15,0.0023795250915484823
2014-10-16,-0.004856362606478542
2014-10-17,0.002982551389113416
2014-10-20,0.0003294787429814907
2014-10-21,-0.0004935478298868239
2014-10-22,0.0014320986957537642
2014-10-23,-0.0013672444052657002
2014-10-24,0.002637091038087843
2014-10-27,-0.0009045744634571401
2014-10-28,1.5815188549506056e-07
2014-10-29,-0.001782158867290679
2014-10-30,0.004223531733106571
2014-10-31,0.0005792741464013771
2014-11-03,0.006920108886976804
2014-11-04,0.00234765737207076
2014-11-05,0.0003650962059875253
2014-11-06,0.0011539622116238531
2014-11-07,-0.00047750321500825024
2014-11-10,0.000522756482951367
2014-11-11,-0.0016144160541595037
2014-11-12,2.0726615217304825e-05
2014-11-13,0.0006195786504143354
2014-11-14,-0.002443704115333253
2014-11-17,0.0013031892187048708
2014-11-18,0.0023929484115240308
2014-11-19,0.0009657151799795695
2014-11-20,-0.00019624471607429745
2014-11-21,-3.7262731957443925e-05
2014-11-24,0.0017967593361676146
2014-11-25,0.002902297146210167
2014-11-26,0.00016811070982319703
2014-11-27,0.0001260193593039994
2014-11-28,0.006178301870377967
2014-12-01,-0.006200036080228554
2014-12-02,-0.0016155652757085712
2014-12-03,0.0013614265784373252
2014-12-04,0.016444722640388695
2014-12-05,-0.023954777558762262
2014-12-08,0.003875102899007707
2014-12-09,-0.002928257233135873
2014-12-10,0.0008041322243495519
2014-12-11,-0.002198529011698055
2014-12-12,0.003131352120054448
2014-12-15,-0.0001920484291568733
2014-12-16,0.0024265281270085945
2014-12-17,-0.0020950151976029227
2014-12-18,0.0034940263371196056
2014-12-19,-0.0020024329075506078
2014-12-22,0.002549695599798318
2014-12-23,-0.0028462463493858815
2014-12-24,0.002155579491812885
2014-12-25,-0.0005900458159855649
2014-12-26,-5.675492102313003e-05
2014-12-29,0.003325717919538788
2014-12-30,-0.0004379026560592769
2014-12-31,-0.000987023079097421
2015-01-01,0.0004617376312050894
2015-01-02,0.0021254142374357134
2015-01-05,0.005890102941417414
2015-01-06,0.00318639920837652
2015-01-07,0.0012194164772971455
2015-01-08,-0.001148799544769099
2015-01-09,0.0018784806536509882
2015-01-12,-0.00011208204898906292
2015-01-13,0.0001034791332790253
2015-01-14,-0.0006491652925183188
2015-01-15,0.0009289357685968426
2015-01-16,-0.003210007730458832
2015-01-19,0.0015874636985442488
2015-01-20,0.0023833418197615696
2015-01-21,-0.0017758540605102577
2015-01-22,-0.00015681499766311783
2015-01-23,0.005762553745566905
2015-01-26,0.0007058963223899026
2015-01-27,-0.0023451341004324744
2015-01-28,0.0022728309466385167
2015-01-29,0.0009216797634189358
2015-01-30,0.0018226229465854457
2015-02-02,-0.00010312434755555927
2015-02-03,-0.007017707144867445
2015-02-04,0.0009754409269317955
2015-02-05,-0.0010328038587082097
2015-02-06,-0.0033872163075864027
2015-02-09,0.0005692466801476713
2015-02-10,0.0007984713768562182
2015-02-11,0.0010487407826882036
2015-02-12,0.0005111217944812888
2015-02-13,-0.0041495082041851095
2015-02-16,-0.00022778862461748272
2015-02-17,-0.0006773025889037509
2015-02-18,0.0021545006024208534
2015-02-19,-0.0015748308041361558
2015-02-20,0.0014109263540600747
2015-02-23,0.002768307128013358
2015-02-24,0.0015687807252565997
2015-02-25,-0.0006490746173864381
2015-02-26,-0.0008659496200282236
2015-02-27,0.002128563886339739
2015-03-02,-0.0005779776947177886
2015-03-03,-0.0011215417094829812
2015-03-04,-0.0014556764600463577
2015-03-05,0.001606968791537769
2015-03-06,-0.000858612741587442
2015-03-09,0.003874265946561587
2015-03-10,-0.0008613724141910948
2015-03-11,0.0012108785960581645
2015-03-12,0.005646692028826757
2015-03-13,0.000143030001878062
2015-03-16,0.004531633152127775
2015-03-17,0.00040292369670421924
2015-03-18,0.0027064734564911878
2015-03-19,-0.0046183781340390475
2015-03-20,0.0038957326878666302
2015-03-23,-0.0034711834405044065
2015-03-24,-0.0011905051197185627
2015-03-25,-0.001311381228520892
2015-03-26,-0.0036301187524974935
2015-03-27,0.00308712347606253
2015-03-30,0.0006584265169466012
2015-03-31,0.001691160295956602
2015-04-01,0.00019545936175469837
2015-04-02,-0.0010863609799205583
2015-04-03,-0.0003812812198156823
2015-04-06,-0.00129346338610883
2015-04-07,0.001290863534013866
2015-04-08,0.0036604060138040843
2015-04-09,-4.344286090926243e-06
2015-04-10,0.0017601501296838327
2015-04-13,0.0007824851899236166
2015-04-14,0.00124513561418826
2015-04-15,-0.0024765110024024986
2015-04-16,-0.001303026933026283
2015-04-17,-0.002210181292985439
2015-04-20,0.00059222101555995
2015-04-21,0.0020044051752339358
2015-04-22,0.0003914260795056711
2015-04-23,0.00036829194638636465
2015-04-24,0.0019515768972052975
2015-04-27,-0.0017853229693376486
2015-04-28,-0.0015028111510213109
2015-04-29,-0.004162031797244351
2015-04-30,-0.0038107164197830378
2015-05-01,0.0009901806773626367
2015-05-04,0.0014723137288341303
2015-05-05,-0.00343475151975665
2015-05-06,-0.0023925126673204956
2015-05-07,0.0014682767746032794
2015-05-08,0.0024448455523816966
2015-05-11,-0.0029534508671777136
2015-05-12,-0.0016466642239103733
2015-05-13,-0.0022770649746793282
2015-05-14,-0.0008099860226416043
2015-05-15,0.0019404457273086836
2015-05-18,-0.0012860994320326217
2015-05-19,0.0036078384577704495
2015-05-20,0.0031902277302404258
2015-05-21,0.0012064282828138824
2015-05-22,7.137791655593132e-05
2015-05-25,0.002089171396521833
2015-05-26,0.0015968907024139596
2015-05-27,0.004577281026412851
2015-05-28,0.0009107393332003893
2015-05-29,-0.0008675640596243794
2015-06-01,-0.00046116767945003363
2015-06-02,-0.0023347573558291923
2015-06-03,-0.003078263282757607
2015-06-04,0.0017622764560992156
2015-06-05,-0.00046098460873861263
2015-06-08,0.00013801457048348456
2015-06-09,-0.005488895500378301
2015-06-10,-0.0014572160524003329
2015-06-11,0.0014324136872922988
2015-06-12,0.0016206501680040772
2015-06-15,0.0005894695244519545
2015-06-16,0.00023890709833129253
2015-06-17,-0.001174248899358618
2015-06-18,-0.0017994750979416123
2015-06-19,0.002763498648944751
2015-06-22,-0.0018222219287884322
2015-06-23,-0.0007611419288288868
2015-06-24,0.002199750855398698
2015-06-25,-0.002114653044663639
2015-06-26,-0.004161980502267028
2015-06-29,0.00212214492880429
2015-06-30,-0.001843924705843861
2015-07-01,0.00042456128371231433
2015-07-02,0.0019100417372766147
2015-07-03,-0.0005567832795629894
2015-07-06,0.00526347708882496
2015-07-07,0.002828186092986847
2015-07-08,-0.0003589566365809621
2015-07-09,-0.004727059013675741
2015-07-10,-0.0012493264487468338
2015-07-13,-0.00034766496232559846
2015-07-14,0.0036090674167768705
2015-07-15,0.0002653776394714147
2015-07-16,0.002630323176177167
2015-07-17,0.002559662527351488
2015-07-20,0.003779402686734461
2015-07-21,-0.00022350383305518777
2015-07-22,0.0015061563657459177
2015-07-23,0.002169547846436448
2015-07-24,0.0002922173447996119
2015-07-27,0.002951293797431456
2015-07-28,-0.0027936389060489375
2015-07-29,0.00011098655752529742
2015-07-30,0.002073748595899464
2015-07-31,0.00245281461644432
2015-08-03,0.0019821415851900377
2015-08-04,-0.0017484617797546163
2015-08-05,0.0013771228326147395
2015-08-06,-0.0003095451563660361
2015-08-07,0.001782251245596244
2015-08-10,-0.0020012994690662062
2015-08-11,-0.00044073573761304024
2015-08-12,-0.001015055192334748
2015-08-13,2.9367924904978105e-05
2015-08-14,0.0007259512878776987
2015-08-17,0.0018217647102587125
2015-08-18,-0.000754052714104147
2015-08-19,-0.0005300069957168331
2015-08-20,-0.006541409850064453
2015-08-21,-0.004446238189463024
2015-08-24,-0.005964735318918569
2015-08-25,-0.005487965696648391
2015-08-26,0.006483679341895941
2015-08-27,0.0036128022328316177
2015-08-28,-0.0008170955584134728
2015-08-31,-0.0034049200082448034
2015-09-01,-0.0026954543489549143
2015-09-02,-0.00044445886345146073
2015-09-03,0.0009736041810366378
2015-09-04,0.0018957339229012573
2015-09-07,-0.0003303766189572849
2015-09-08,-0.002690950263983446
2015-09-09,0.001085504244680494
2015-09-10,-0.0016888635012630366
2015-09-11,-0.0004802032643487566
2015-09-14,-0.0004938011344975629
2015-09-15,-0.0005614040859365514
2015-09-16,-0.00038872545059949844
2015-09-17,-0.0006055178468995123
2015-09-18,0.0009269198670497601
2015-09-21,-0.0006384278067231604
2015-09-22,0.0038559264547436546
2015-09-23,0.001312775878771737
2015-09-24,-0.000995739916189701
2015-09-25,0.00038875795648203674
2015-09-28,0.0018963603629833848
2015-09-29,0.00036235956620630876
2015-09-30,0.0010573109334419343
2015-10-01,0.002658698970683352
2015-10-02,-0.0012515071056331685
2015-10-05,-0.00197017193378109
2015-10-06,-0.0009480121124541884
2015-10-07,-0.0008908636274058978
2015-10-08,-0.0013511087463947008
2015-10-09,-0.0009001639272269729
2015-10-12,0.000543394760748499
2015-10-13,0.0003861604595273463
2015-10-14,-0.000395803435274971
2015-10-15,-0.001526003621606441
2015-10-16,0.0015359880488622028
2015-10-19,0.0015830030299225609
2015-10-20,-0.00149220471208465
2015-10-21,0.003031440669756539
2015-10-22,0.0013375432120812268
2015-10-23,0.003098117299493253
2015-10-26,0.003209624986325833
2015-10-27,-1.8065618795695915e-05
2015-10-28,0.000349723198706243
2015-10-29,0.0007642101342796542
2015-10-30,-0.0008752860851460902
2015-11-02,0.00016064556204601374
2015-11-03,-0.0007734328144616159
2015-11-04,0.0011934373518241647
2015-11-05,0.0009816334381332343
2015-11-06,0.0010999491839851386
2015-11-09,0.004835783706499732
2015-11-10,0.0009533969716752556
2015-11-11,0.0007933573263951927
2015-11-12,6.983159478407108e-06
2015-11-13,-1.07067658166126e-05
2015-11-16,0.0014888604747911962
2015-11-17,0.0019422986769560328
2015-11-18,0.0017226970764438738
2015-11-19,0.00023286095369057938
2015-11-20,0.0006264668440517814
2015-11-23,0.00192014984158762
2015-11-24,-0.0005390587001471652
2015-11-25,0.000533402280261078
2015-11-26,-1.5918424540362303e-05
2015-11-27,0.0025303145094520193
2015-11-30,-0.00024092780794707545
2015-12-01,0.001380654125454311
2015-12-02,0.0005612902041006531
2015-12-03,-0.0020867218634276425
2015-12-04,-0.004344023212821992
2015-12-07,0.004998739344698296
2015-12-08,-0.0011455718475683711
2015-12-09,-0.0010794213067008757
2015-12-10,-0.0028454148270004626
2015-12-11,-0.0014286995346838825
2015-12-14,0.0003270670370830309
2015-12-15,0.0028101690626013568
2015-12-16,0.004592866613288899
2015-12-17,0.0024537323310996092
2015-12-18,-0.0031023106200099826
2015-12-21,-0.0030681367585657557
2015-12-22,0.0026939134330598623
2015-12-23,0.0001264872370992984
2015-12-24,-0.0017822781203566899
2015-12-25,-0.0016308740883215476
2015-12-28,-0.0007121438294372873
2015-12-29,0.000235888039194105
2015-12-30,0.0025085650418788918
2015-12-31,-0.002729562818049733
2016-01-01,0.0008444819876141234
2016-01-04,-0.0020161221061780455
2016-01-05,0.0006023463401671554
2016-01-06,-0.0032142577498841295
2016-01-07,-0.0042002891534998815
2016-01-08,-0.005857748786513893
2016-01-11,0.005893159210805251
2016-01-12,0.0009678799964499794
2016-01-13,-0.00319691930063766
2016-01-14,0.004021683672904468
2016-01-15,-0.004874114251672328
2016-01-18,-0.0005770079825289756
2016-01-19,-0.0015833583837022132
2016-01-20,-0.002436285006573136
2016-01-21,0.00038775641591787176
2016-01-22,0.004064483473022028
2016-01-25,-0.0012352171831426007
2016-01-26,-0.0004248885480019492
2016-01-27,-0.0027153841680182807
2016-01-28,-3.970921836023062e-05
2016-01-29,0.0001967091913801351
2016-02-01,0.00591598393949763
2016-02-02,0.004533460647212337
2016-02-03,-0.0020831062376591714
2016-02-04,-0.0005590264511955302
2016-02-05,0.002551785282752469
2016-02-08,0.004296464561741615
2016-02-09,0.004698853096722406
2016-02-10,0.002248359403315397
2016-02-11,0.002407996603295586
2016-02-12,-0.0033913535076702406
2016-02-15,-0.0007602936152512523
2016-02-16,-0.00216750001273021
2016-02-17,-0.0037046838005692995
2016-02-18,0.0020173183242523846
2016-02-19,0.002026046106165212
2016-02-22,-0.0013580425458825547
2016-02-23,0.0046594289513258525
2016-02-24,0.0012505518141555775
2016-02-25,0.000602784418310475
2016-02-26,-0.0024066265295203467
2016-02-29,0.0029541796092308805
2016-03-01,-0.0048071962131659065
2016-03-02,-0.0016368740925799396
2016-03-03,-0.0002980222135453749
2016-03-04,-0.0037560996224441125
2016-03-07,-0.001120924010534188
2016-03-08,0.0035124285928572058
2016-03-09,-0.0018306154392846853
2016-03-10,-0.0009288264962591082
2016-03-11,-0.003753396898711335
2016-03-14,-0.0019242304486918134
2016-03-15,0.0009396159141196805
2016-03-16,0.0016524586751173246
2016-03-17,-0.0012281844357844103
2016-03-18,0.001098168896242842
2016-03-21,-0.0015345681222779422
2016-03-22,-0.0007262827875964238
2016-03-23,0.0042119067833350145
2016-03-24,0.00023525236767854254
2016-03-25,-0.0004787342390589424
2016-03-28,-0.0014407363311764994
2016-03-29,0.0006732196453345377
2016-03-30,-0.00018199818635034173
2016-03-31,0.0060252436463241925
2016-04-01,0.0014510709956986867
2016-04-04,0.0011501307210126373
2016-04-05,0.0030038797220763385
2016-04-06,-0.0007933181852494985
2016-04-07,0.0021061526795256792
2016-04-08,-0.0018209799805384594
2016-04-11,0.0013349522832458412
2016-04-12,-0.0048324083379041975
2016-04-13,-0.0038634730230224226
2016-04-14,-0.0017417510144195046
2016-04-15,0.0023736950634208457
2016-04-18,-0.000696394497876895
2016-04-19,-0.004851839583142085
2016-04-20,-0.00365849283409285
2016-04-21,0.0003420002941091068
2016-04-22,0.00043228520341579384
2016-04-25,-0.0026621338842318532
2016-04-26,-0.0008663720332641372
2016-04-27,0.0017090361325830476
2016-04-28,0.0029790772089969835
2016-04-29,0.0016647265020180684
2016-05-02,0.001251069240997553
2016-05-03,0.004422016032426376
2016-05-04,0.001368795481122721
2016-05-05,0.0019388205847899157
2016-05-06,-0.0017815071834903422
2016-05-09,0.0013454105444214769
2016-05-10,-0.0024309954275693207
2016-05-11,0.00010005399250102539
2016-05-12,-0.0010703909865975038
2016-05-13,0.0010286352415484969
2016-05-16,-0.001379923529383094
2016-05-17,-0.0012542710419098616
2016-05-18,-0.0018082903317965821
2016-05-19,-0.001307398413679453
2016-05-20,-0.0002027516986883236
2016-05-23,0.0009093606936621101
2016-05-24,-0.0009905720553130284
2016-05-25,-0.0042429550895645395
2016-05-26,0.0002786444994648455
2016-05-27,-1.5271757095036156e-05
2016-05-30,-0.0011250220049052666
2016-05-31,0.0005887230496306524
2016-06-01,-9.777266031100203e-05
2016-06-02,0.0020893717692237945
2016-06-03,0.0029437718806380304
2016-06-06,-0.003257800892692157
2016-06-07,-0.00043926556599865505
2016-06-08,0.0006083838711484893
2016-06-09,0.0019268414765637077
2016-06-10,0.004560484070750848
2016-06-13,0.003939107663373869
2016-06-14,-7.083141821980524e-06
2016-06-15,0.0014298667089747757
2016-06-16,0.0004687458163649266
2016-06-17,-0.002453501648123669
2016-06-20,-0.006381872061538034
2016-06-21,-0.0011347597801712019
2016-06-22,0.0016832837844388863
2016-06-23,-0.005242691410521916
2016-06-24,0.013337167187128436
2016-06-27,0.013555852304374538
2016-06-28,-0.001599477049360388
2016-06-29,-0.002589563648238519
2016-06-30,0.00035410584402777623
2016-07-01,0.0022663059300564916
2016-07-04,0.000619027997850891
2016-07-05,0.006465553361773398
2016-07-06,0.0023535839001041074
2016-07-07,0.0020637137027529453
2016-07-08,-0.00022431432099397482
2016-07-11,-0.0021528025424931672
2016-07-12,-0.006573243942750135
2016-07-13,-0.0009038731697728424
2016-07-14,-0.0001463061181805894
2016-07-15,-0.0031195692033864006
2016-07-18,0.000501392820417603
2016-07-19,0.0017820564573690241
2016-07-20,-0.00045995094927462883
2016-07-21,0.0007083460961331329
2016-07-22,0.0007558925762141349
2016-07-25,-8.216559196833718e-05
2016-07-26,0.0014582507354369667
2016-07-27,0.0028194473715349323
2016-07-28,-0.0005735441998502633
2016-07-29,0.0004288641335660834
2016-08-01,0.002779756748388982
2016-08-02,0.00043298308216504415
2016-08-03,-0.0008803126584163372
2016-08-04,-0.0003921879295512361
2016-08-05,-0.00042143464050747084
2016-08-08,-0.00162858353923823
2016-08-09,0.0017458124518790767
2016-08-10,0.0014624372485212015
2016-08-11,-0.0015430043824208619
2016-08-12,0.0004073063386386885
2016-08-15,-0.0015726433390749978
2016-08-16,-0.0006722398421996215
2016-08-17,0.0008956708775169709
2016-08-18,-0.00032464493359977227
2016-08-19,-0.0005759787467494289
2016-08-22,0.0010781195521979683
2016-08-23,0.0002315474056800164
2016-08-24,-0.00047683878494408964
2016-08-25,-0.0010015203262896556
2016-08-26,0.0005643031185242223
2016-08-29,0.0007145124582238573
2016-08-30,0.0005003967833008599
2016-08-31,-0.0008638794444925349
2016-09-01,-3.751046447948952e-05
2016-09-02,-0.0007592708796499244
2016-09-05,-0.00012897018675424283
2016-09-06,0.002522435741332212
2016-09-07,-0.0003589234536034835
2016-09-08,-0.003901187559578
2016-09-09,-0.0041895811990677895
2016-09-12,0.0005910860843792676
2016-09-13,-0.0021187774130527
2016-09-14,0.0007302334973746423
2016-09-15,-0.0007229466446103868
2016-09-16,-0.0009473411585097959
2016-09-19,0.0013442443168472358
2016-09-20,0.00015868533782055738
2016-09-21,0.00383984825210757
2016-09-22,0.0024230418170816696
2016-09-23,-0.0011088868824582396
2016-09-26,-0.00024999445994923193
2016-09-27,0.0019550399345235783
2016-09-28,-0.0001066962892415523
2016-09-29,-0.0018143753981139004
2016-09-30,-0.0010939449260046078
2016-10-03,-0.0021997335619928344
2016-10-04,-0.004051466801511352
2016-10-05,-0.0008435134759418629
2016-10-06,-0.0016657099671570498
2016-10-07,0.001046812984343577
2016-10-10,-0.001930576229316095
2016-10-11,-0.0019442010964142967
2016-10-12,0.002646480126650176
2016-10-13,-0.0003752948863169509
2016-10-14,-0.0014820460864353687
2016-10-17,0.0017670751702793992
2016-10-18,0.0015125809098752619
2016-10-19,0.0008930345016318736
2016-10-20,0.0016612785283946691
2016-10-21,0.0008340440928475256
2016-10-24,0.001597807973386824
2016-10-25,0.0004052458845513871
2016-10-26,-0.0010082783358846602
2016-10-27,-0.003131206281783284
2016-10-28,-0.00025179691582979334
2016-10-31,0.0015128438119195436
2016-11-01,8.244889495084154e-05
2016-11-02,0.003962508624679774
2016-11-03,0.00035762419430809
2016-11-04,-0.00020058951494186122
2016-11-07,-0.003881342360118756
2016-11-08,-0.0016731352839991775
2016-11-09,-0.007175421762680656
2016-11-10,-0.005690139107320031
2016-11-11,-0.0023879052249580063
2016-11-14,-0.0028516112365910584
2016-11-15,-0.0011500285183945196
2016-11-16,0.0011081949905879954
2016-11-17,-0.0014124397884923644
2016-11-18,-0.005412435205253461
2016-11-21,-0.0023950140821902715
2016-11-22,-8.69168816592289e-06
2016-11-23,-0.0038663059439974024
2016-11-24,-0.0022814718966044814
2016-11-25,-0.002082276299248509
2016-11-28,0.002779588743649847
2016-11-29,0.004012229790837223
2016-11-30,-0.0056238987345533275
2016-12-01,-0.007089550570803258
2016-12-02,-0.0002414602783140365
2016-12-05,0.0018560323886562965
2016-12-06,-0.0014604097079610485
2016-12-07,0.004237422979777437
2016-12-08,-0.0002498258604379588
2016-12-09,0.00033974927363351957
2016-12-12,-0.003000352636498864
2016-12-13,9.151065464392961e-06
2016-12-14,-0.003912042327557644
2016-12-15,-0.0007274612706105908
2016-12-16,-0.000343669786067694
2016-12-19,0.0014011574843412417
2016-12-20,0.0009122818604693824
2016-12-21,0.001960812877274078
2016-12-22,-0.0009343324614945972
2016-12-23,0.0015058868732096761
2016-12-26,-6.898752580984831e-05
2016-12-27,-0.0007802774825176823
2016-12-28,0.0010085242079718533
2016-12-29,0.0016452729159094422
2016-12-30,-0.0016540666000951219
2017-01-02,-0.00027671494905652034
2017-01-03,-0.0003285179951501838
2017-01-04,0.003478504590752941
2017-01-05,-0.0006531776788775059
2017-01-06,0.0001523393188469027
2017-01-09,-0.0015550799726306865
2017-01-10,0.002411854315361904
2017-01-11,0.001886958794364016
2017-01-12,0.0014373850952473452
2017-01-13,0.0026281176622416458
2017-01-16,0.0011294162323617317
2017-01-17,-0.003276674573996863
2017-01-18,-0.0022928094790182272
2017-01-19,4.675565325365635e-05
2017-01-20,0.0003824647532579029
2017-01-23,-0.0003828186980330959
2017-01-24,0.0026158408738280675
2017-01-25,0.0025467387271470446
2017-01-26,-0.0015288811813965683
2017-01-27,-0.0008839258529029767
2017-01-30,-0.002020265493437084
2017-01-31,0.0014639786061361737
2017-02-01,-0.00039933435784076624
2017-02-02,-0.0002319837170074223
2017-02-03,0.0007888105337939043
2017-02-06,-0.002865163542132771
2017-02-07,-0.0011139883596568373
2017-02-08,2.138717243852764e-05
2017-02-09,0.001978101355999851
2017-02-10,0.0032229884799444726
2017-02-13,0.001974853845865431
2017-02-14,-0.00016108669835666076
2017-02-15,0.0017914988548884772
2017-02-16,-0.0014627353430578954
2017-02-17,-0.0012717816559249266
2017-02-20,0.0004326565075358525
2017-02-21,0.0009972970652608933
2017-02-22,-0.0003684470038466368
2017-02-23,-0.0007532039083234913
2017-02-24,-0.0027211317815645565
2017-02-27,0.0017723400681387352
2017-02-28,-0.000992359828276601
2017-03-01,0.004894447493849665
2017-03-02,-0.0007534207012049488
2017-03-03,0.0010140754722105885
2017-03-06,-0.0009506446149673341
2017-03-07,0.00035274833932249654
2017-03-08,-0.0004747059653228336
2017-03-09,0.0025394149601813618
2017-03-10,0.00044338815885885035
2017-03-13,0.0017558638496675705
2017-03-14,-0.002544242491731255
2017-03-15,0.0015003860932292583
2017-03-16,-0.0012533656913370206
2017-03-17,-0.001260981332644233
2017-03-20,-0.00021215686765958136
2017-03-21,-0.004814249919470126
2017-03-22,-0.000609900098377316
2017-03-23,0.0011643272628496875
2017-03-24,0.0005010966542256163
2017-03-27,-0.0016306754254967475
2017-03-28,0.003707410548787646
2017-03-29,0.000810982251304042
2017-03-30,0.0022163839747844057
2017-03-31,-0.0028455970478634667
2017-04-03,-0.0033458443252971726
2017-04-04,0.002454754962743453
2017-04-05,-0.0013097551361043616
2017-04-06,0.0006284548185318537
2017-04-07,0.0013752526244688163
2017-04-10,-0.00033751265814916927
2017-04-11,-0.002736687355200226
2017-04-12,-0.005012980209988173
2017-04-13,-0.004204371137191063
2017-04-14,0.0008951962402953522
2017-04-17,0.0032161787437874224
2017-04-18,-0.0035418432410503856
2017-04-19,-0.003184594864187884
2017-04-20,0.0040504077653594275
2017-04-21,-0.0010275121224720637
2017-04-24,0.003966991934729293
2017-04-25,0.004459258110880146
2017-04-26,-0.00045907289305922524
2017-04-27,-4.587858021087511e-05
2017-04-28,-0.000518802745258086
2017-05-01,0.000753501416621967
2017-05-02,0.0014448075551989213
2017-05-03,-0.0006598502190412188
2017-05-04,0.0067242234180721104
2017-05-05,-0.0003757594333785946
2017-05-08,-0.00032643837537999843
2017-05-09,0.0016490817867721198
2017-05-10,-0.0004528886976926565
2017-05-11,0.0006628676092600909
2017-05-12,-0.0009104863890392163
2017-05-15,-0.00024537492633856377
2017-05-16,-0.0009420756678489338
2017-05-17,-0.009936776340025209
2017-05-18,-0.0004162134907423051
2017-05-19,0.002259878297176492
2017-05-22,-0.0007361716078387297
2017-05-23,0.0008200947468768268
2017-05-24,0.0006897977012183795
2017-05-25,0.0018298494218274186
2017-05-26,-0.002224220680151083
2017-05-29,0.000755058424128297
2017-05-30,-0.0002650569452645568
2017-05-31,-0.0011388232559491397
2017-06-01,0.0015315511255257345
2017-06-02,0.0018855705696730661
2017-06-05,-0.0014652786098995133
2017-06-06,-0.004260451954062026
2017-06-07,0.0018621410065212296
2017-06-08,0.0011857865305330115
2017-06-09,0.0016444930118075106
2017-06-12,0.0012271870349387216
2017-06-13,0.0013005049531247233
2017-06-14,-0.000727018154383265
2017-06-15,-0.0033019974015572992
2017-06-16,0.0018835078425362285
2017-06-19,0.004936426893709673
2017-06-20,0.00047573333347469983
2017-06-21,0.0008217618607555793
2017-06-22,-0.0005210918458810671
2017-06-23,0.00031682712359511016
2017-06-26,-0.002185841429970769
2017-06-27,0.0006744241780461866
2017-06-28,0.0006093926297861549
2017-06-29,-0.0024247809289401354
2017-06-30,-0.0016858136934271171
2017-07-03,0.0008518724981852732
2017-07-04,0.0009073223861449699
2017-07-05,0.0007447265213224338
2017-07-06,-0.0010510326436269043
2017-07-07,0.0033264846455484613
2017-07-10,-0.0013796489307460144
2017-07-11,-0.0012297812625864759
2017-07-12,0.002992273537469039
2017-07-13,0.0012794241514399421
2017-07-14,-0.0011488911860542972
2017-07-17,-0.001008904956717467
2017-07-18,-0.001464789162580428
2017-07-19,0.0005888074497983791
2017-07-20,-0.0003214705780137363
2017-07-21,0.0020994240907551143
2017-07-24,-6.353148343639814e-05
2017-07-25,0.0032069336077902447
2017-07-26,0.00036850001123786726
2017-07-27,-0.0006395819595614404
2017-07-28,-0.0015304004971828612
2017-07-31,0.0011867794386164032
2017-08-01,0.0015981353289843054
2017-08-02,0.0008902304253097254
2017-08-03,-0.0010059901285401328
2017-08-04,0.0017440644978093359
2017-08-07,-0.00041263757419461003
2017-08-08,-0.0004559650384677983
2017-08-09,-0.0043565203554825046
2017-08-10,-0.008581019364847927
2017-08-11,-0.0012131284257470044
2017-08-14,0.004238972902219086
2017-08-15,0.00047508021184227377
2017-08-16,0.00048141693047444676
2017-08-17,-0.006808378923707578
2017-08-18,0.0011827994707518247
2017-08-21,-0.0009713571533726478
2017-08-22,0.003517836767935453
2017-08-23,-0.00221797007354031
2017-08-24,-0.00021765585797223094
2017-08-25,0.0009471394523132611
2017-08-28,0.0002134552505340544
2017-08-29,-0.0014511684169047157
2017-08-30,0.0007707158298696624
2017-08-31,0.0017974860912957922
2017-09-01,0.0007150657973663248
2017-09-04,-0.0007073034653560821
2017-09-05,-0.0030973977781373297
2017-09-06,-0.0003146715743586946
2017-09-07,0.0016898820850180306
2017-09-08,0.0002000338880451761
2017-09-11,0.0021612236456206163
2017-09-12,0.001808481726067312
2017-09-13,-0.0026841192322626575
2017-09-14,-0.0006649079427938293
2017-09-15,-0.001823229563531328
2017-09-18,0.00035401422376175385
2017-09-19,0.0032879140339681723
2017-09-20,-0.0006926430245959496
2017-09-21,-0.000660231767805415
2017-09-22,0.00020868484135131278
2017-09-25,-0.0012062349331917277
2017-09-26,-0.0017971761886084502
2017-09-27,0.001397381497450272
2017-09-28,0.002086681527665455
2017-09-29,0.0004240014660805015
2017-10-02,0.002432071615773446
2017-10-03,0.0003666750816058496
2017-10-04,0.00031508390078149916
2017-10-05,0.0013625858074359657
2017-10-06,0.0002526130722397204
2017-10-09,0.00042478784886259614
2017-10-10,0.0018931848482803227
2017-10-11,0.00222149507014897
2017-10-12,-0.0005931245106398037
2017-10-13,0.0006296848460636889
2017-10-16,0.001866740661734261
2017-10-17,-0.001295903962383491
2017-10-18,0.000432209944360168
2017-10-19,0.0009004500232380057
2017-10-20,0.001343407359559331
2017-10-23,-0.000671237974880631
2017-10-24,0.0014997049804932909
2017-10-25,-0.0010036931612870358
2017-10-26,0.0023123633927732857
2017-10-27,-0.0016611216418001226
2017-10-30,-0.0021250470256533632
2017-10-31,0.002028059073730012
2017-11-01,0.0020740242896014915
2017-11-02,0.0008214152346493904
2017-11-03,-0.00042017524064342333
2017-11-06,0.0017954447335673304
2017-11-07,-0.0006362240582332822
2017-11-08,0.0011113296809467535
2017-11-09,-0.002030927997668374
2017-11-10,-0.00428198600524275
2017-11-13,0.0010998215901931736
2017-11-14,-0.0004605434273953901
2017-11-15,0.0005331519041231556
2017-11-16,0.0028731704606530287
2017-11-17,3.459412767316581e-05
2017-11-20,-0.0007415436287778492
2017-11-21,0.004984609462550118
2017-11-22,0.0025215047309669713
2017-11-23,0.0003547663907705902
2017-11-24,0.004343423880991279
2017-11-27,-0.0016209409255003183
2017-11-28,0.0003093089947688766
2017-11-29,-0.004159198649353485
2017-11-30,0.0016137279760273153
2017-12-01,0.00265863614430432
2017-12-04,-0.0008777268323356083
2017-12-05,-0.0016751566151400324
2017-12-06,0.0009214429390524451
2017-12-07,-6.925544121550304e-05
2017-12-08,0.0008364221445987441
2017-12-11,1.973494290664012e-05
2017-12-12,0.002177863875804547
2017-12-13,0.0031580756597314403
2017-12-14,0.0002878362807053962
2017-12-15,0.0034842435358977903
2017-12-18,0.000695532818653641
2017-12-19,-0.003046263943255564
2017-12-20,-0.00038659063049261474
2017-12-21,0.0017972263481091679
2017-12-22,0.0006305632777369338
2017-12-25,-0.00010326813264122698
2017-12-26,0.0005909890513119841
2017-12-27,0.0013209856139576276
2017-12-28,-0.0002684014374153958
2017-12-29,0.0009352137297101824
2018-01-01,0.0012196052519105583
2018-01-02,0.0009188791713263543
2018-01-03,0.005811866468382191
2018-01-04,0.003040265192735447
2018-01-05,0.0022113079738499413
2018-01-08,0.0009775312522566674
2018-01-09,-0.003415987759332362
2018-01-10,0.0006725433469967142
2018-01-11,0.0032502078289602036
2018-01-12,0.004910790147770664
2018-01-15,0.003175545057449069
2018-01-16,0.0015611610781511936
2018-01-17,-0.0001977282659224111
2018-01-18,-0.0035720691561021128
2018-01-19,0.0026958599461297202
2018-01-22,0.003345206904417878
2018-01-23,0.0014336502276006966
2018-01-24,0.003805217168118449
2018-01-25,0.0015765337211242712
2018-01-26,0.001652747960617683
2018-01-29,-0.0036452754493308225
2018-01-30,-0.007162057304848485
2018-01-31,0.0033494470902266827
2018-02-01,0.00043814402838957163
2018-02-02,-0.00658749126371679
2018-02-05,-0.014306830261805903
2018-02-06,0.0028495965575044066
2018-02-07,-0.005865920362263452
2018-02-08,-0.011529115322346
2018-02-09,0.003424708754816849
2018-02-12,0.004205141297690821
2018-02-13,0.0013898137390823964
2018-02-14,0.009687871301086254
2018-02-15,0.006262643293493557
2018-02-16,0.003525343879274266
2018-02-19,-0.0016097511492075443
2018-02-20,-0.005045050315584739
2018-02-21,-0.00439785629625578
2018-02-22,0.0013459043723967252
2018-02-23,0.0055827928290656335
2018-02-26,0.0023502061601558158
2018-02-27,-0.005821929332508285
2018-02-28,-0.006319286156268817
2018-03-01,-0.008113441059701694
2018-03-02,0.0019707856877938397
2018-03-05,0.0014581845163896493
2018-03-06,0.0014076957867487385
2018-03-07,-0.00017267005238448606
2018-03-08,-0.002206868873366241
2018-03-09,0.001518463388710621
2018-03-12,-0.00045592518700595866
2018-03-13,0.0007916217145630822
2018-03-14,0.0029596582502658428
2018-03-15,0.00041030680856634
2018-03-16,-0.0005715341748871393
2018-03-19,-0.0002737036796635139
2018-03-20,0.0009071322744107133
2018-03-21,0.0023674145337369253
2018-03-22,-0.0009444780889857036
2018-03-23,-0.0002527513844785249
2018-03-26,0.0029565624176460573
2018-03-27,0.000489032718085016
2018-03-28,-0.0008533822528536295
2018-03-29,-0.004356044664408221
2018-03-30,-7.175265103296719e-05
2018-04-02,-0.0012169578226789786
2018-04-03,0.0010035217523439747
2018-04-04,0.0005803986143457137
2018-04-05,-0.000781793052855599
2018-04-06,-0.0029948590994001707
2018-04-09,0.0026012674296395483
2018-04-10,0.005149633877536738
2018-04-11,0.0011924681368890818
2018-04-12,-0.0011809335618133863
2018-04-13,0.0005623155759453898
2018-04-16,0.00073030528221927
2018-04-17,0.002600233549669837
2018-04-18,0.0022364378320432546
2018-04-19,-0.001845172771950946
2018-04-20,-0.001852971025422214
2018-04-23,-0.0023043356632119457
2018-04-24,-0.0031581750798809227
2018-04-25,-0.0007610424416340071
2018-04-26,-0.0008661746390042002
2018-04-27,-0.001020171981038534
2018-04-30,-0.0018671172003964357
2018-05-01,-0.002963815309705296
2018-05-02,-0.002219119179941045
2018-05-03,0.0005763950130389287
2018-05-04,0.003218500308444298
2018-05-07,0.00010191064029611034
2018-05-08,-0.00020183415574034257
2018-05-09,-0.0002634738997657047
2018-05-10,0.0009155095942411392
2018-05-11,0.0014720162758856876
2018-05-14,0.00022789110881425286
2018-05-15,-0.0038864027051650147
2018-05-16,-0.0005282627274693994
2018-05-17,-8.956747095888226e-06
2018-05-18,-0.0018180971058539641
2018-05-21,0.0004939111731613647
2018-05-22,-0.002062297091749604
2018-05-23,-0.00139233933911984
2018-05-24,8.430460738921694e-05
2018-05-25,-0.0018105332832740063
2018-05-28,-0.0011377388497203227
2018-05-29,-0.0014113445033162072
2018-05-30,0.0033820676868724863
2018-05-31,-0.0016590085468269219
2018-06-01,0.0006943199719551456
2018-06-04,0.0035851031980628644
2018-06-05,0.0006005956232776344
2018-06-06,0.004742646985832251
2018-06-07,-0.0014680523290904269
2018-06-08,0.002157039790717675
2018-06-11,0.0015222597583319946
2018-06-12,-0.0035914887789227938
2018-06-13,0.0005491964163807724
2018-06-14,0.0003846673463291251
2018-06-15,-0.008936158256978797
2018-06-18,0.0012066555398792518
2018-06-19,-0.0028296816637887324
2018-06-20,-0.0005381066659613834
2018-06-21,-0.0029848820979850215
2018-06-22,0.00482753777972832
2018-06-25,-0.002811636118139709
2018-06-26,0.001791261691091668
2018-06-27,-0.0048717681665483535
2018-06-28,0.0001451733584407433
2018-06-29,0.00023068186564368276
2018-07-02,0.0010824116078623205
2018-07-03,-0.0013240260820826222
2018-07-04,0.0011283304530822266
2018-07-05,0.0014514083508080143
2018-07-06,0.00036047785364735983
2018-07-09,0.0061636887058209786
2018-07-10,-0.0002557417391395343
2018-07-11,-0.00673577896034391
2018-07-12,8.297319028071053e-05
2018-07-13,0.0007291964708730889
2018-07-16,-0.0007249010957758519
2018-07-17,-8.641962486614398e-05
2018-07-18,-0.0019255638264088762
2018-07-19,-0.0027180085571660143
2018-07-20,0.0013389924780236753
2018-07-23,0.003187227773354535
2018-07-24,0.0015479393268547845
2018-07-25,0.002802511787658767
2018-07-26,-0.0005134312811389537
2018-07-27,-0.0030272201740197784
2018-07-30,-0.0014254989336332732
2018-07-31,0.0007267273394299151
2018-08-01,-0.0032567614778749635
2018-08-02,-0.0005205328539924078
2018-08-03,-0.0022856909695377456
2018-08-06,-0.0003512211722534633
2018-08-07,0.0007683317558339124
2018-08-08,-0.002598934064706263
2018-08-09,-0.0026758610105159903
2018-08-10,-0.0019650303362800667
2018-08-13,0.0007335963872336169
2018-08-14,0.0007851948613942193
2018-08-15,-0.00040759410369831507
2018-08-16,0.0007881226591942627
2018-08-17,-0.0007386729183200363
2018-08-20,-0.0012444568513952587
2018-08-21,0.00019444482439035676
2018-08-22,0.002207774969075862
2018-08-23,0.0007415204191655738
2018-08-24,6.499075013953655e-05
2018-08-27,0.003567169322446738
2018-08-28,0.0015589737367654956
2018-08-29,0.000655470758283328
2018-08-30,0.0008351796586190707
2018-08-31,-0.0019064738675746442
2018-09-03,-0.00014566338569540734
2018-09-04,0.0018367715693554103
2018-09-05,-0.0007080244291053851
2018-09-06,-0.0025178809942116597
2018-09-07,-0.00014973943398474503
2018-09-10,0.0004300637199347124
2018-09-11,0.0015618183336831484
2018-09-12,0.0005718353170653724
2018-09-13,0.0008015524174171203
2018-09-14,0.003541434549440165
2018-09-17,-0.0006968860857119281
2018-09-18,0.0015868488281371724
2018-09-19,0.0019457523652383472
2018-09-20,-0.0010655534365636632
2018-09-21,-0.0027225751613999295
2018-09-24,0.0008967318656580104
2018-09-25,0.000525816565318548
2018-09-26,-0.0002867226131723632
2018-09-27,-0.00011039801211355465
2018-09-28,0.0029942827543073948
2018-10-01,0.001734091614489485
2018-10-02,-0.0032606742008053718
2018-10-03,0.002334137324104358
2018-10-04,0.0005489982357021647
2018-10-05,-0.0010953048898067071
2018-10-08,-0.0013732313104416912
2018-10-09,-0.002218388278226158
2018-10-10,-0.007276205545531384
2018-10-11,-0.011465576064779928
2018-10-12,0.00220238784593661
2018-10-15,-0.0012993449975133627
2018-10-16,0.004355292050008908
2018-10-17,-0.0004703677898045624
2018-10-18,-0.0014393450556386723
2018-10-19,0.001291754714273423
2018-10-22,-0.0006346201579089513
2018-10-23,-0.004141411605326572
2018-10-24,-0.009012955286103455
2018-10-25,0.006906241299532894
2018-10-26,-0.004252654763443095
2018-10-29,-0.0009168450087613928
2018-10-30,0.005885587168468338
2018-10-31,0.004358442073460706
2018-11-01,-0.001142752435520764
2018-11-02,-0.0029674393144097323
2018-11-05,0.0026465202564107883
2018-11-06,-0.0007459002592728434
2018-11-07,-0.0013423334528084023
2018-11-08,0.0005289885984458679
2018-11-09,0.0025293407115281994
2018-11-12,0.0022799767695428695
2018-11-13,0.0011217373493538302
2018-11-14,0.0019061923736253662
2018-11-15,-0.005453959233187959
2018-11-16,0.0030926383198178996
2018-11-19,0.0007047063442037658
2018-11-20,-0.0014608186686543942
2018-11-21,-0.0005619080815422242
2018-11-22,-0.00042538984824000187
2018-11-23,-0.002113669657662068
2018-11-26,0.00046883119272375987
2018-11-27,2.641966870749993e-05
2018-11-28,0.0010866295355365504
2018-11-29,-0.0012381498675501546
2018-11-30,-0.0006142032385642055
2018-12-03,-0.0028748390721388983
2018-12-04,0.0003741060808802646
2018-12-05,0.0012392863245344616
2018-12-06,-0.0002925570174898205
2018-12-07,-0.002010677270635985
2018-12-10,0.002431478903266628
2018-12-11,-0.0005314986966295432
2018-12-12,-0.00021874719506141324
2018-12-13,-0.001557107841962535
2018-12-14,-0.00017600240682788112
2018-12-17,1.2674639059871354e-05
2018-12-18,0.0016945447540706242
2018-12-19,-0.001190077033563487
2018-12-20,0.00029899965065517046
2018-12-21,0.0027016485360173296
2018-12-24,-0.0001809125338720395
2018-12-25,0.00022651391407159122
2018-12-26,4.585971748531783e-05
2018-12-27,-0.0008394999819202583
2018-12-28,-0.0029293215624308336
2018-12-31,-0.0009506482436652849
2019-01-01,-6.000030971857625e-05
2019-01-02,0.0003425805325331359
2019-01-03,0.00810122689769619
2019-01-04,-0.009091724515634524
2019-01-07,-0.003546757669173507
2019-01-08,-0.002595974450888804
2019-01-09,-0.002543182205046604
2019-01-10,-0.0003811040989841177
2019-01-11,0.002377684129120282
2019-01-14,0.0014752290430450569
2019-01-15,-0.0014733554722116272
2019-01-16,-0.0015701012380476588
2019-01-17,-0.001775921528446661
2019-01-18,-0.0032585998278957724
2019-01-21,0.0004957552951066348
2019-01-22,0.0033903339222343966
2019-01-23,-0.00037080096699182983
2019-01-24,0.00014676761830493683
2019-01-25,-0.004251159695056066
2019-01-28,-0.0004389653071276272
2019-01-29,0.00010071249838147555
2019-01-30,-0.003095325623239832
2019-01-31,0.0014715616363022445
2019-02-01,-0.0013595353974012174
2019-02-04,-0.00038960604635531306
2019-02-05,0.0009433067554949056
2019-02-06,0.0019090765419357831
2019-02-07,0.003005202398313028
2019-02-08,0.0016714009605755375
2019-02-11,0.0007033177468114093
2019-02-12,-0.0007903425726929011
2019-02-13,-0.001744231542512342
2019-02-14,0.002312713511995028
2019-02-15,-0.0023115140853097065
2019-02-18,-0.0006549604567600265
2019-02-19,-0.001317046266195672
2019-02-20,-0.0025779895645227664
2019-02-21,-0.0003429579100130565
2019-02-22,-0.0002429780769582985
2019-02-25,0.0008570877027590599
2019-02-26,0.0006752351106966154
2019-02-27,-0.002169165784778627
2019-02-28,0.0010252586471361732
2019-03-01,0.0011795026171625676
2019-03-04,0.0016734376057620155
2019-03-05,0.00031190452043194076
2019-03-06,0.0023398477101061023
2019-03-07,0.003063399238924938
2019-03-08,0.0019401777264619535
2019-03-11,-0.0010700295430214161
2019-03-12,-0.00225148958148611
2019-03-13,-0.0009121425107480077
2019-03-14,-0.0011928488394006493
2019-03-15,-0.00019754857818298974
2019-03-18,-0.0010761919378295495
2019-03-19,-0.0006593207869313424
2019-03-20,0.00030511697846431963
2019-03-21,-0.0008634850489774432
2019-03-22,0.004938719557939576
2019-03-25,-0.0009208625532179826
2019-03-26,-0.000800848402686657
2019-03-27,0.003190626708829348
2019-03-28,0.002099723888385896
2019-03-29,0.0022943987711520103
2019-04-01,-0.0036022750812453185
2019-04-02,0.0009227527603093098
2019-04-03,-0.003470700487514453
2019-04-04,6.17914384660277e-05
2019-04-05,0.0022422815789818608
2019-04-08,-0.0012409961232336816
2019-04-09,-0.0003317363001337228
2019-04-10,-0.0005202141021009124
2019-04-11,0.0008636087344708252
2019-04-12,-0.0013140821730147773
2019-04-15,-0.0002201749643702235
2019-04-16,-0.0005701389311843271
2019-04-17,-0.0003324433917580572
2019-04-18,0.0014569961728631187
2019-04-19,0.0009190292182541378
2019-04-22,-0.00013362130362978478
2019-04-23,0.0004508968919526525
2019-04-24,0.003625441042979069
2019-04-25,0.0021069925993469217
2019-04-26,-0.0008748915239565292
2019-04-29,-0.0014712464469142869
2019-04-30,-0.00022052718747696146
2019-05-01,0.0009159227770438418
2019-05-02,0.0011699524814329223
2019-05-03,-0.0011261158631558487
2019-05-06,3.853174307237063e-05
2019-05-07,0.004111719572681126
2019-05-08,-0.0010807640108311878
2019-05-09,0.003041436024729713
2019-05-10,-0.002280435315055272
2019-05-13,0.002508663698726092
2019-05-14,-0.003949348487900619
2019-05-15,0.002616503162892676
2019-05-16,-0.00220274133243297
2019-05-17,0.0030058882496680956
2019-05-20,-0.0005362452431260853
2019-05-21,-0.0005598797997737582
2019-05-22,0.004544480134773455
2019-05-23,0.00422402458155417
2019-05-24,-0.0055855461099088115
2019-05-27,-0.000984910130752483
2019-05-28,0.0016003476188502595
2019-05-29,0.0009472275408558673
2019-05-30,0.0023739842778051122
2019-05-31,0.006188501350809279
2019-06-03,-0.0026219230006375195
2019-06-04,-0.003629372266671245
2019-06-05,0.0029440898724085647
2019-06-06,-8.926518757520199e-05
2019-06-07,0.0003653531921716739
2019-06-10,-0.0043869420757274595
2019-06-11,-0.0016948142212908036
2019-06-12,0.0033327170491555614
2019-06-13,0.0013463654745229274
2019-06-14,0.00047634908189043073
2019-06-17,0.0007453736639216698
2019-06-18,-6.935445453129752e-05
2019-06-19,0.0018090276979698483
2019-06-20,0.0004958078741486048
2019-06-21,0.0005972460920975092
2019-06-24,-0.0016586396221233886
2019-06-25,0.00045456287899193115
2019-06-26,-0.0012848148629820873
2019-06-27,-0.0007264849475207371
2019-06-28,0.0020064750978462925
2019-07-01,-0.0021436551512196865
2019-07-02,0.006940941054747203
2019-07-03,0.0032808966041234433
2019-07-04,0.00028374636718130574
2019-07-05,-0.005091223427308405
2019-07-08,-0.00029791106438804154
2019-07-09,4.717822592357096e-05
2019-07-10,-0.0007422733933644817
2019-07-11,-0.001884612333561475
2019-07-12,0.0007478249332231067
2019-07-15,0.000980119644673182
2019-07-16,0.00070584595022806
2019-07-17,0.004554019540269986
2019-07-18,0.0018196146327326835
2019-07-19,-0.003046437794152935
2019-07-22,-0.00035400205849509745
2019-07-23,0.00030839583218632
2019-07-24,0.002887211563816334
2019-07-25,-0.002052263487230959
2019-07-26,0.0010576802018306291
2019-07-29,0.0018747281492217302
2019-07-30,0.0008172237301686828
2019-07-31,-0.002001736572531061
2019-08-01,0.008049238089158013
2019-08-02,0.0028023406464772697
2019-08-05,0.002788803296627379
2019-08-06,0.0015990146694262364
2019-08-07,0.00015421265598894343
2019-08-08,0.001479500247204582
2019-08-09,-0.0008245198912449624
2019-08-12,0.006307697163358787
2019-08-13,-0.00295696209996503
2019-08-14,0.0019609370562815066
2019-08-15,0.0029512425131783134
2019-08-16,-0.0008511474039472754
2019-08-19,-0.002586192040900075
2019-08-20,0.0022823686976728152
2019-08-21,-0.0001500400350262015
2019-08-22,-0.0003142627731638029
2019-08-23,0.002256716226666101
2019-08-26,0.0001452442635436679
2019-08-27,0.0015344761180149913
2019-08-28,-0.0010550103282334438
2019-08-29,-0.0007890880319700833
2019-08-30,0.0012893996621326505
2019-09-02,0.0016380854949139662
2019-09-03,0.002864040403988477
2019-09-04,-0.0030325377777278327
2019-09-05,-0.007268021997627905
2019-09-06,-0.0017605413729194757
2019-09-09,-0.003615415117181017
2019-09-10,-0.004437989350389914
2019-09-11,0.00041297892202982325
2019-09-12,-0.0018984491169229281
2019-09-13,-0.00648115822958591
2019-09-16,-0.0016093966228570937
2019-09-17,0.00394216058564166
2019-09-18,-0.0005672271906710558
2019-09-19,0.0008911578975722846
2019-09-20,0.002499460942532879
2019-09-23,0.0013920172301406105
2019-09-24,0.003051729706840148
2019-09-25,-0.0027067474086568096
2019-09-26,0.0031302486629846225
2019-09-27,0.001802451796450257
2019-09-30,3.308278731561763e-05
2019-10-01,0.002035343931191198
2019-10-02,-0.000960215195037722
2019-10-03,0.0020041199157459677
2019-10-04,0.002057395885324145
2019-10-07,-0.0018172908509927828
2019-10-08,-0.0008928465997244902
2019-10-09,0.0023783221722250792
2019-10-10,-0.0015533378732732273
2019-10-11,-0.00403160683798949
2019-10-14,-0.002169984279768434
2019-10-15,0.0009829368965897224
2019-10-16,-0.0002415080355385293
2019-10-17,-0.0018294690811384207
2019-10-18,-0.001829591379870885
2019-10-21,0.0005369092695393593
2019-10-22,-0.00025832510220585045
2019-10-23,0.0010543837459363844
2019-10-24,-0.00027942820554360196
2019-10-25,0.00036118557740517
2019-10-28,-0.0007848333221951946
2019-10-29,-0.0009782913997788522
2019-10-30,0.001492862955735543
2019-10-31,0.0026087831270747426
2019-11-01,0.00017060256873260046
2019-11-04,-0.0019261417574699988
2019-11-05,-0.0038867250026489338
2019-11-06,0.0024305241920334385
2019-11-07,-0.0020873336819283534
2019-11-08,-0.0008646649003160437
2019-11-11,0.002184219766995743
2019-11-12,0.0011657501535548797
2019-11-13,0.0007369948166369502
2019-11-14,0.0016652156690734198
2019-11-15,0.0007668663016483947
2019-11-18,0.0023663332732415427
2019-11-19,0.00021955781945661405
2019-11-20,-0.00020989323504189697
2019-11-21,-0.0015128397019558639
2019-11-22,-0.00040610940692345916
2019-11-25,0.001925544059408189
2019-11-26,0.0008382483309761954
2019-11-27,-7.645765414567872e-05
2019-11-28,0.0004065414139234876
2019-11-29,0.0014993984432848308
2019-12-02,-0.002443663982659913
2019-12-03,0.002512357682088023
2019-12-04,0.0025572236180226465
2019-12-05,-0.00017859550236398096
2019-12-06,0.0001264287660663731
2019-12-09,0.0005564757065427087
2019-12-10,-0.00032770342203929364
2019-12-11,0.0015669200670569603
2019-12-12,-0.002388365004588373
2019-12-13,0.003226281989907361
2019-12-16,-0.0006036992840893065
2019-12-17,-0.001393170936533749
2019-12-18,-0.0018254935289256373
2019-12-19,0.0005555526225931898
2019-12-20,-0.00025223586883958227
2019-12-23,0.0013909320316452104
2019-12-24,0.00011829523964871326
2019-12-25,-2.6030409354745156e-05
2019-12-26,0.0012054456660276075
2019-12-27,0.000616907941057653
2019-12-30,-0.0015304142326497635
2019-12-31,0.0010517410587294908
2020-01-01,0.0010256837366305767
2020-01-02,0.005554043711063219
2020-01-03,0.0007485063725959831
2020-01-06,0.00040998234735644594
2020-01-07,0.00022453718878762921
2020-01-08,-0.0020231644060095576
2020-01-09,0.0029446322213402655
2020-01-10,-0.0003941318424391752
2020-01-13,0.0008413361369064034
2020-01-14,0.0009018467033468475
2020-01-15,0.0016264294969800942
2020-01-16,0.002561318742861541
2020-01-17,0.000330960025397384
2020-01-20,0.00016752032845580115
2020-01-21,-0.0005961804171230985
2020-01-22,-0.00035424096299365533
2020-01-23,-0.0007562878496161313
2020-01-24,-0.00043635798514932394
2020-01-27,-0.006228752668269053
2020-01-28,0.0008370382497849676
2020-01-29,0.0011989014105843383
2020-01-30,0.0007558532544887688
2020-01-31,-0.005128986150685102
2020-02-03,-0.0006856192886530632
2020-02-04,-0.002112597639090142
2020-02-05,-0.0008527060833501022
2020-02-06,0.002126991961614628
2020-02-07,0.00029865967726816863
2020-02-10,0.0036357111789002035
2020-02-11,-0.00018416119738644078
2020-02-12,-0.0026562451675539475
2020-02-13,0.00036272227299006214
2020-02-14,0.001991403807191333
2020-02-17,5.506516714361996e-05
2020-02-18,-0.002535591870139375
2020-02-19,0.0008660864553527658
2020-02-20,-0.0015665651554335424
2020-02-21,0.00044968743407642394
2020-02-24,-0.0025525389249172505
2020-02-25,-0.0031032230018910767
2020-02-26,0.002144923719776555
2020-02-27,-0.0051766995839945635
2020-02-28,-8.309871057409195e-05
2020-03-02,0.002237819184364287
2020-03-03,0.001760446967097976
2020-03-04,-0.0015548692844867523
2020-03-05,0.006942214367232126
2020-03-06,0.009374286721685407
2020-03-09,0.014342953809383694
2020-03-10,-0.013740448804872291
2020-03-11,0.0017952512177179464
2020-03-12,0.011042162652955054
2020-03-13,-0.007293634958801402
2020-03-16,0.01921921358768612
2020-03-17,-0.0026072837805333595
2020-03-18,0.006873654623762631
2020-03-19,-0.003222915507928216
2020-03-20,0.014258563814051902
2020-03-23,0.007164337368482081
2020-03-24,-0.00896097585099893
2020-03-25,-0.006283206942834653
2020-03-26,0.0007872874193485526
2020-03-27,0.0032420569775696052
2020-03-30,0.001008336164429923
2020-03-31,6.8073615956965e-05
2020-04-01,0.0076179971372163325
2020-04-02,-0.001311555523513279
2020-04-03,-0.0006300790612001571
2020-04-06,-0.001954747123477579
2020-04-07,-0.0033452138043781466
2020-04-08,-0.0013536351187038787
2020-04-09,0.00048705532512500436
2020-04-10,-0.0005149085092032857
2020-04-13,0.0005715844338808077
2020-04-14,0.0013800029600136597
2020-04-15,0.0035079549748163706
2020-04-16,0.0005040704678523855
2020-04-17,-0.0033953917521801565
2020-04-20,0.0028748140693977196
2020-04-21,0.005404498253590747
2020-04-22,-0.001185558079879131
2020-04-23,0.0007944852404203814
2020-04-24,0.00022276510068395855
2020-04-27,-9.215433946148399e-05
2020-04-28,0.0002113492653285437
2020-04-29,-0.0018785708324127806
2020-04-30,-0.0017780472982356613
2020-05-01,0.001819017340323414
2020-05-04,-0.00045281133835270275
2020-05-05,-0.0009912635054479767
2020-05-06,0.0009757420646918124
2020-05-07,0.0015791053219984985
2020-05-08,-0.002224130014487374
2020-05-11,-0.00019783446014569447
2020-05-12,0.0017316402619857703
2020-05-13,0.0017767257634527288
2020-05-14,0.0012805901299362164
2020-05-15,-0.0005301154794008913
2020-05-18,-0.0031956393319480256
2020-05-19,-0.0006984106235589922
2020-05-20,-0.000938303772943263
2020-05-21,0.00021518995066839607
2020-05-22,0.0011346373266696373
2020-05-25,0.00039075065281218076
2020-05-26,-0.0027488283400108676
2020-05-27,-0.00012316981458210973
2020-05-28,-0.0008605973793848749
2020-05-29,-0.0006588778873956502
2020-06-01,-0.0003640808614144162
2020-06-02,-0.0012413733918824137
2020-06-03,-0.0027675801379540605
2020-06-04,-0.0017145239116600432
2020-06-05,-0.00276716545060592
2020-06-08,-0.00058903807571315
2020-06-09,0.0022247847288038615
2020-06-10,0.0007897199621503873
2020-06-11,0.0010725276126023256
2020-06-12,0.0011239210652689412
2020-06-15,0.0005784665071339153
2020-06-16,-0.0006329380410849094
2020-06-17,0.0005307464716646934
2020-06-18,0.0005020915043672896
2020-06-19,0.00019939449923924717
2020-06-22,0.0010649663212366999
2020-06-23,-0.0003562712853434238
2020-06-24,0.0006589032463746125
2020-06-25,0.0018747953304841423
2020-06-26,0.0006962918393568105
2020-06-29,-0.0020043126427889088
2020-06-30,-0.0024490668549152187
2020-07-01,-0.001343800777927118
2020-07-02,0.0007359686100753285
2020-07-03,-2.8880865398675715e-05
2020-07-06,-0.0007134305280912961
2020-07-07,0.0009633993596383669
2020-07-08,-5.7683547874077265e-05
2020-07-09,0.0009444585388810843
2020-07-10,0.0018884113839125725
2020-07-13,0.0018643465468117127
2020-07-14,0.0003753499237881337
2020-07-15,-0.0012448232566337966
2020-07-16,-0.0001111729375653809
2020-07-17,3.405492972709945e-05
2020-07-20,0.0013952269685533621
2020-07-21,0.0005327199368858298
2020-07-22,-0.0007888504217010098
2020-07-23,-0.0006043581712648844
2020-07-24,-9.191595667806281e-05
2020-07-27,0.0019863901739537526
2020-07-28,0.00015844139679339745
2020-07-29,0.001061436186353786
2020-07-30,-0.0005119746479876622
2020-07-31,-0.0010317868644010553
2020-08-03,-0.002278589510487387
2020-08-04,0.0023627381565009386
2020-08-05,0.00011248569260898943
2020-08-06,0.0028989240702110455
2020-08-07,-0.003455157013238187
2020-08-10,-0.001055535451084439
2020-08-11,-0.0048471846577392945
2020-08-12,-0.0002689174934062241
2020-08-13,-0.0021237994726048806
2020-08-14,-0.0006937732433106287
2020-08-17,0.0028795509848148567
2020-08-18,0.003151472296893251
2020-08-19,-0.00019811068781593738
2020-08-20,-0.001005293586160862
2020-08-21,0.00047497545995285736
2020-08-24,-0.0022335702253604077
2020-08-25,-0.0019492560989549518
2020-08-26,0.0020851284175311124
2020-08-27,-0.0026425627621643483
2020-08-28,0.0010547993306474336
2020-08-31,0.00434457871901445
2020-09-01,0.0015898504529038584
2020-09-02,0.0026692921083020173
2020-09-03,-0.004307669332405709
2020-09-04,-0.0010559121728314965
2020-09-07,-0.00039041018530804376
2020-09-08,-0.0003667541753944844
2020-09-09,0.00020603972791175635
2020-09-10,-0.0007545032355833093
2020-09-11,0.0007913044625609026
2020-09-14,0.0015261360076293167
2020-09-15,0.0007222930303567177
2020-09-16,-0.000839181090669096
2020-09-17,0.0003497944187140753
2020-09-18,-0.000724205477513843
2020-09-21,-0.002283982207603776
2020-09-22,-3.104820654699082e-05
2020-09-23,-0.005439565575755848
2020-09-24,-0.0005807733852017504
2020-09-25,0.0015834371206737343
2020-09-28,0.0016188877449508322
2020-09-29,0.0037248200007027376
2020-09-30,-0.0027046397590068452
2020-10-01,0.0004126209202074798
2020-10-02,0.0010933887574519578
2020-10-05,-0.0028828321601793603
2020-10-06,-0.0005452951390325047
2020-10-07,-0.00035931030713892676
2020-10-08,0.0011914464401241228
2020-10-09,0.0012436562375923099
2020-10-12,0.0036648600240079907
2020-10-13,-0.0009007819150100153
2020-10-14,-0.001563775165390131
2020-10-15,-0.0006967991264191497
2020-10-16,-0.0017151055119919679
2020-10-19,-0.0013869521533708348
2020-10-20,0.00035981548174805766
2020-10-21,0.0013890504795443883
2020-10-22,0.0003418013865979468
2020-10-23,0.0007874635315123249
2020-10-26,-0.0004608088485493016
2020-10-27,-0.0008012047506262449
2020-10-28,-0.0018355288172565453
2020-10-29,0.00023849676857636264
2020-10-30,-0.0036803467320513836
2020-11-02,0.0020598027463229643
2020-11-03,-0.002762903123813663
2020-11-04,0.005009624271770568
2020-11-05,-0.0017504122011186799
2020-11-06,0.002923606831911187
2020-11-09,-0.007198046083217905
2020-11-10,-0.0069795398772983935
2020-11-11,-0.00034734124337777326
2020-11-12,0.004262114526944599
2020-11-13,-0.0006466233947557928
2020-11-16,0.0011414038930159347
2020-11-17,0.0009244974231621463
2020-11-18,0.00030243702122908806
2020-11-19,0.000874234507937042
2020-11-20,0.0003223979339387702
2020-11-23,-0.0018389798199157786
2020-11-24,-0.004625624695676413
2020-11-25,0.0008694881587647512
2020-11-26,0.00048588790288596755
2020-11-27,0.00019257415474380438
2020-11-30,0.0038559768409444045
2020-12-01,-0.002149619604113352
2020-12-02,0.0015844616642400405
2020-12-03,0.002054544371980096
2020-12-04,0.0011873121681313288
2020-12-07,0.00022592302061168602
2020-12-08,0.0008084657755115931
2020-12-09,-0.0015389827970365023
2020-12-10,9.62216990160799e-05
2020-12-11,0.0003215753046501087
2020-12-14,-0.0007978450861372408
2020-12-15,0.0016639156605498663
2020-12-16,0.0012541257224765855
2020-12-17,0.0019080844664727896
2020-12-18,-7.066601393875867e-05
2020-12-21,-0.0030532740369169555
2020-12-22,-2.943636593062267e-05
2020-12-23,-0.0006085510265723195
2020-12-24,0.0012132417472713608
2020-12-25,7.02145695766199e-05
2020-12-28,0.0026882698784660673
2020-12-29,-0.0015289543260923434
2020-12-30,0.0008702295523503831
2020-12-31,0.0003733095234742742
2021-01-01,-0.0011885907661453297
2021-01-04,0.0015686234297100686
2021-01-05,0.00032144040509340406
2021-01-06,9.161351199677e-05
2021-01-07,-0.00010840861497361028
2021-01-08,-0.0035569469471028728
2021-01-11,-0.006141537105093361
2021-01-12,0.004500232761828946
2021-01-13,0.0023875868316696022
2021-01-14,0.0007688881183785396
2021-01-15,-0.002580041517920069
2021-01-18,-0.001676826557791804
2021-01-19,0.0026220120364900306
2021-01-20,0.002483419021787148
2021-01-21,-0.00010828560767669993
2021-01-22,-0.0011784401377881565
2021-01-25,0.0013029720018351142
2021-01-26,0.0006738841139048873
2021-01-27,-0.003897554780298687
2021-01-28,-0.0010961727831903015
2021-01-29,-0.0020175977755919816
2021-02-01,0.00010754597402712579
2021-02-02,-0.0019488681061697712
2021-02-03,-0.0006206299842627565
2021-02-04,-0.0018076442010816851
2021-02-05,0.00018327242447844486
2021-02-08,0.004457726122218938
2021-02-09,0.0013606811444633927
2021-02-10,0.0014170728849375999
2021-02-11,0.0011433925906497362
2021-02-12,-0.0019333629725645568
2021-02-15,-5.812158296235521e-05
2021-02-16,-0.001826459828260496
2021-02-17,-0.002606602028936865
2021-02-18,0.00010354698975641765
2021-02-19,0.0020099555321440284
2021-02-22,0.0007411027964009903
2021-02-23,0.0021122773441813085
2021-02-24,0.00048616776855815247
2021-02-25,-0.008580563044307014
2021-02-26,-0.0016682173436677458
2021-03-01,0.0011844754682907134
2021-03-02,-0.00012149788752538189
2021-03-03,-0.0018364176294153745
2021-03-04,-0.003960064875693548
2021-03-05,0.003249362924440639
2021-03-08,0.00011841423705082803
2021-03-09,0.0011583166516702156
2021-03-10,-2.9873836200468057e-05
2021-03-11,0.0022019298104218373
2021-03-12,0.005164534747512684
2021-03-15,0.0010338661734083068
2021-03-16,-0.000611067618926315
2021-03-17,0.002367167158435358
2021-03-18,0.0027729409608741084
2021-03-19,-0.0015713423029405863
2021-03-22,-0.002234845704133272
2021-03-23,-0.0018551440997408891
2021-03-24,-0.005726818500358389
2021-03-25,0.002200221924723105
2021-03-26,0.003193803281444117
2021-03-29,0.00018658866962361503
2021-03-30,-0.0022640304260822127
2021-03-31,0.0037624023131381714
2021-04-01,0.00032877082482313805
2021-04-02,0.0007865900497643645
2021-04-05,0.00366961929353781
2021-04-06,-0.0020220566044343758
2021-04-07,-0.00027600301892742097
2021-04-08,-0.0006970141590987058
2021-04-09,0.0011281183554584383
2021-04-12,-0.0005906883803377834
2021-04-13,1.5940333953539884e-05
2021-04-14,0.0021654707892334113
2021-04-15,-0.00029822471444032145
2021-04-16,0.00019418998362648565
2021-04-19,0.0004182734499351967
2021-04-20,-0.0018525787929117754
2021-04-21,0.0009679223550516139
2021-04-22,-4.714077014152786e-05
2021-04-23,0.0017337969792173699
2021-04-26,0.0020622524732911243
2021-04-27,0.0009901133955714362
2021-04-28,0.00012717424387172585
2021-04-29,0.0021723394300032037
2021-04-30,-0.0008312288856268234
2021-05-03,-0.0006552427343623666
2021-05-04,-0.0007646039401562555
2021-05-05,0.001998571024274579
2021-05-06,0.003464740650992321
2021-05-07,0.0033717243521241428
2021-05-10,0.0007748984378837481
2021-05-11,-0.0002025001448574678
2021-05-12,-0.004739857303776879
2021-05-13,-0.0011335556035352037
2021-05-14,0.001584621901404064
2021-05-17,0.000694265464992667
2021-05-18,0.0018598689454087287
2021-05-19,-0.001279202863300455
2021-05-20,0.0005673856069322086
2021-05-21,0.0011475420110115325
2021-05-24,0.0009743955854979898
2021-05-25,-0.0019251199655818706
2021-05-26,0.0007807429403594939
2021-05-27,0.00344014927700586
2021-05-28,0.001796700750075406
2021-05-31,-0.00010069002911668759
2021-06-01,0.0005191273466651444
2021-06-02,-3.6372813029289953e-06
2021-06-03,-0.0020093295171827274
2021-06-04,0.0011580535062652953
2021-06-07,0.0014656287383841469
2021-06-08,-0.001180291796245344
2021-06-09,-0.0024841375144457117
2021-06-10,0.00013713978781607755
2021-06-11,-0.000926317744447575
2021-06-14,-0.0013439912751229185
2021-06-15,0.0004829055721385092
2021-06-16,-0.0018289434529438332
2021-06-17,-0.007982924261959613
2021-06-18,-0.006391307774097621
2021-06-21,0.0037132479224341285
2021-06-22,0.00040927343296461407
2021-06-23,0.0005834907224875917
2021-06-24,0.0010363200984769786
2021-06-25,-5.2223652151905806e-05
2021-06-28,-0.0019167291726945655
2021-06-29,-0.0018396692702795819
2021-06-30,-0.0008325360512648421
2021-07-01,0.0016143969819900498
2021-07-02,0.00015654927176074593
2021-07-05,8.731714508380842e-05
2021-07-06,-0.0047561385840649935
2021-07-07,-0.003290998359075914
2021-07-08,-0.002354669953118807
2021-07-09,0.005156074006000633
2021-07-12,0.0034096510948667625
2021-07-13,0.0004019382727645335
2021-07-14,-0.003860962784576819
2021-07-15,-0.003246850439893802
2021-07-16,-0.001293460856096487
2021-07-19,-0.008438142348868517
2021-07-20,0.00385390212687943
2021-07-21,0.0056533705678985125
2021-07-22,0.0016694524646519236
2021-07-23,0.003214877203573638
2021-07-26,0.0028002069749926907
2021-07-27,-0.0030607102875848387
2021-07-28,-0.0002997632130112414
2021-07-29,0.0036770376854112635
2021-07-30,-0.0028559745721471784
2021-08-02,-0.0016524250136044972
2021-08-03,0.0009164856841325555
2021-08-04,-0.0023763475705436353
2021-08-05,0.003137395902654225
2021-08-06,0.0034466984835220043
2021-08-09,-0.0007974849425093166
2021-08-10,0.0021403156269424275
2021-08-11,0.0006292056875331015
2021-08-12,-0.0004317719480099315
2021-08-13,-0.0032214398875375417
2021-08-16,-0.0012955516405170147
2021-08-17,-0.004053852728923106
2021-08-18,-0.004392099309693066
2021-08-19,-0.00226798112165271
2021-08-20,-0.0010992451150084776
2021-08-23,0.0041091104878264026
2021-08-24,0.004092377376182537
2021-08-25,0.002791704730645016
2021-08-26,0.000820201963539488
2021-08-27,0.001347033888829767
2021-08-30,0.000612812327329472
2021-08-31,0.0005118621281019598
2021-09-01,0.0017738436792470226
2021-09-02,0.0011815473807978846
2021-09-03,0.0024050517282234707
2021-09-06,-0.00018572962612754755
2021-09-07,0.0008286610296304663
2021-09-08,0.0007232760278967469
2021-09-09,-0.0009770850670808068
2021-09-10,0.0021773193647276192
2021-09-13,0.0018645771460516825
2021-09-14,-0.0023336132950782878
2021-09-15,0.004361090096298098
2021-09-16,-0.0006682362812478063
2021-09-17,-0.0018839694726351826
2021-09-20,-0.00717341761928884
2021-09-21,-0.001196187733307581
2021-09-22,0.0012457889103902635
2021-09-23,0.008510317953143887
2021-09-24,0.0024773231249047827
2021-09-27,0.00440634797880416
2021-09-28,-0.0022176377397930126
2021-09-29,-0.0024648958503303005
2021-09-30,-0.0014209862567274125
2021-10-01,0.0003375986032869907
2021-10-04,-0.0015969541848187773
2021-10-05,0.0037196416243073026
2021-10-06,-0.0020759552261192344
2021-10-07,0.0042645557689879885
2021-10-08,0.0004114644033783285
2021-10-11,0.0014111601211666313
2021-10-12,-0.0016581430512187946
2021-10-13,0.0003669602834814782
2021-10-14,0.0024993706669617995
2021-10-15,0.005407400381549875
2021-10-18,8.137293641654253e-07
2021-10-19,0.002121916928300305
2021-10-20,0.0026423036074328388
2021-10-21,-0.0027181801520843926
2021-10-22,-0.0008275981436831698
2021-10-25,0.0008577329103839206
2021-10-26,0.0003949018610884653
2021-10-27,-0.00223287893031881
2021-10-28,0.0014398146523461035
2021-10-29,-0.0015980804599958175
2021-11-01,0.0029639219337033447
2021-11-02,-0.0012921810967499643
2021-11-03,0.001504714747999761
2021-11-04,-0.002213454891725448
2021-11-05,-0.002684159933034695
2021-11-08,-0.00011421728689836499
2021-11-09,-0.002730653761578195
2021-11-10,-0.001715031903791358
2021-11-11,0.003295666910356746
2021-11-12,0.001636562866407709
2021-11-15,0.0019743363067374065
2021-11-16,0.0015673208112499375
2021-11-17,-0.0019882773101944215
2021-11-18,0.0006378667611165197
2021-11-19,-0.001861103747460058
2021-11-22,0.0029418613672056396
2021-11-23,0.005206487375291096
2021-11-24,-0.002234391802255757
2021-11-25,0.0005123322087753001
2021-11-26,-0.012136162944765338
2021-11-29,-0.0015063638726454198
2021-11-30,-0.007376172937854101
2021-12-01,-0.005578096244509606
2021-12-02,0.00380915705473141
2021-12-03,-0.0017504225845304114
2021-12-06,0.0029802568677282553
2021-12-07,0.006037486601033296
2021-12-08,0.0022641687483029517
2021-12-09,-0.0035577287353886684
2021-12-10,0.0016171771596338032
2021-12-13,-0.0038715448381735156
2021-12-14,-9.461084265623474e-06
2021-12-15,0.003765294681394876
2021-12-16,-0.0007274390160418266
2021-12-17,-0.004161019058536304
2021-12-20,-0.00024565341909015925
2021-12-21,0.0037989320831560477
2021-12-22,0.0022525851486257338
2021-12-23,0.0019068413987745126
2021-12-24,0.0008161549140997847
2021-12-27,0.0030916074990763286
2021-12-28,0.00019194254467661106
2021-12-29,0.0012178942656970951
2021-12-30,-0.0032231669524793493
2021-12-31,0.0005985725435192573
2022-01-03,0.003868363559599442
2022-01-04,0.0022537530001795177
2022-01-05,-0.00045755383526718254
2022-01-06,0.0010181230289804792
2022-01-07,0.0015998428384453442
2022-01-10,-0.002593403567874318
2022-01-11,0.0008899359733384496
2022-01-12,0.0017952501266676796
2022-01-13,-0.006138452498953287
2022-01-14,0.0017805574753217974
2022-01-17,0.0010888824427017568
2022-01-18,0.0014516901391945127
2022-01-19,1.8330947807725925e-05
2022-01-20,-0.0019289966217677455
2022-01-21,-0.00228158957411044
2022-01-24,-0.00044649431199510496
2022-01-25,0.0009072350874315654
2022-01-26,0.0037853838449310125
2022-01-27,0.0021547986794270826
2022-01-28,0.004777876625033837
2022-01-31,0.000795752236670285
2022-02-01,0.0010821725815484233
2022-02-02,-0.001637700947685692
2022-02-03,-0.0022691464704775685
2022-02-04,0.0006907972838239274
2022-02-07,0.00047397063370444796
2022-02-08,-4.499648616297866e-05
2022-02-09,0.002821000180439604
2022-02-10,0.0007640816353660291
2022-02-11,-0.0038671015657269475
2022-02-14,0.0016866649532275373
2022-02-15,0.0024896046138417637
2022-02-16,-0.0006659437435358886
2022-02-17,-0.003949397595134786
2022-02-18,-0.0015680670810842767
2022-02-21,0.0009139773225444513
2022-02-22,0.00024182359241754824
2022-02-23,0.0009756389951419216
2022-02-24,0.001702267777097047
2022-02-25,0.002531767401382819
2022-02-28,-0.0008027093295412347
2022-03-01,-0.001261747444674476
2022-03-02,0.00343193186122133
2022-03-03,0.0026571373785113364
2022-03-04,0.007890304221202609
2022-03-07,0.00627939609428713
2022-03-08,0.003983396249778228
2022-03-09,-0.009820933972885502
2022-03-10,-0.0009800201169200087
2022-03-11,0.0036758071094565962
2022-03-14,-0.0017085901818156164
2022-03-15,-0.0022414092752329824
2022-03-16,-0.0012089552813197618
2022-03-17,0.0035187434024232865
2022-03-18,-0.002152855354562531
2022-03-21,0.005844795096663749
2022-03-22,0.00017470488177806834
2022-03-23,0.005079238496686844
2022-03-24,-0.00031548906821008506
2022-03-25,0.002793281616313325
2022-03-28,-0.002223615271222462
2022-03-29,0.00041119255772778984
2022-03-30,0.0008511129448910213
2022-03-31,-0.0024060675330846194
2022-04-01,0.0003183697058870294
2022-04-04,0.0034945820775377683
2022-04-05,0.0035058039743242997
2022-04-06,0.0025455311638838945
2022-04-07,0.001812929960927627
2022-04-08,0.0022077552856479424
2022-04-11,0.001729850570688353
2022-04-12,0.003503796837032185
2022-04-13,0.0013003326334903084
2022-04-14,0.0003064518074269561
2022-04-15,0.0017497056422046617
2022-04-18,0.003960607364341548
2022-04-19,-0.0007004212647318127
2022-04-20,-0.000591591261952666
2022-04-21,-0.0014466706002636636
2022-04-22,-0.0013737538047374422
2022-04-25,0.0005823774654657287
2022-04-26,0.0008389450893600537
2022-04-27,0.003155070695062581
2022-04-28,0.0016179062301800713
2022-04-29,0.0035379660637924653
2022-05-02,-0.0015211733564451354
2022-05-03,2.7235947430829095e-05
2022-05-04,0.000368587477175433
2022-05-05,0.0015871574328535647
2022-05-06,0.0036181725677156126
2022-05-09,-0.002899259548173846
2022-05-10,-0.0013562006612290469
2022-05-11,0.0016260330513377028
2022-05-12,0.0007151380340727404
2022-05-13,-0.0004078822769000101
2022-05-16,0.0013669610152732344
2022-05-17,-0.0007078588980221406
2022-05-18,-0.0038564230589788447
2022-05-19,-0.0008637540518742293
2022-05-20,-0.003616340746296905
2022-05-23,0.0019320557734522727
2022-05-24,-0.0029902299717601147
2022-05-25,-0.0010696158358005038
2022-05-26,0.00044992818565454896
2022-05-27,-0.0006581392796217963
2022-05-30,7.747844578794182e-05
2022-05-31,0.0003675136552198547
2022-06-01,0.001961855209458135
2022-06-02,-0.002002150174430461
2022-06-03,0.002128378509292101
2022-06-06,0.004020923661105397
2022-06-07,8.421452783555878e-05
2022-06-08,0.0015163060356087328
2022-06-09,0.0036600834162408835
2022-06-10,0.004154473810015874
2022-06-13,0.010662831329589718
2022-06-14,0.0015450045386552298
2022-06-15,-0.002804815025237978
2022-06-16,7.52485204309803e-05
2022-06-17,-0.0031828366049726467
2022-06-20,0.002904626493702814
2022-06-21,-0.002158960062022574
2022-06-22,-0.0014723141631828745
2022-06-23,-0.002522739761475587
2022-06-24,-0.0008598179465110904
2022-06-27,0.0008173548075878877
2022-06-28,0.0016618476041564648
2022-06-29,-0.0005095790577161042
2022-06-30,-0.0013422479110517058
2022-07-01,-0.0023864132711137443
2022-07-04,0.0003013032493806192
2022-07-05,-6.256141068303959e-05
2022-07-06,0.004368923892886994
2022-07-07,0.0017944809284658322
2022-07-08,0.0018754443956443664
2022-07-11,0.0020464454925317303
2022-07-12,0.00024669047662177865
2022-07-13,-0.00020569402752580878
2022-07-14,0.004070599178164928
2022-07-15,-8.422302618196634e-05
2022-07-18,0.00018744438590224553
2022-07-19,-0.0028467683690248775
2022-07-20,-0.0007011912458039023
2022-07-21,-0.0037890096172282966
2022-07-22,-0.0030472785796633955
2022-07-25,0.001621087981139331
2022-07-26,0.0011671767463010466
2022-07-27,-0.001547314367156721
2022-07-28,-0.004437956724509666
2022-07-29,-0.002502700608249481
2022-08-01,-0.0035056575696984955
2022-08-02,0.00041674892439601784
2022-08-03,0.0014268018744009198
2022-08-04,0.00042064036745326845
2022-08-05,-0.00020716379531072603
2022-08-08,0.0017517003911700262
2022-08-09,0.0012459657717922414
2022-08-10,-0.001882337532978382
2022-08-11,-0.0005009736314117105
2022-08-12,-0.0012516604797370885
2022-08-15,-0.00039958010314538684
2022-08-16,0.0005924362671493093
2022-08-17,0.0018653992634823902
2022-08-18,0.0006291380998443763
2022-08-19,0.0044925702007604425
2022-08-22,0.004556071336609145
2022-08-23,0.0027906866109942197
2022-08-24,9.944330345858427e-05
2022-08-25,-0.0026055832804813633
2022-08-26,0.0020343957153653764
2022-08-29,0.004752570988850501
2022-08-30,-0.0008488056344697363
2022-08-31,0.0008732494784341369
2022-09-01,0.002097792177304843
2022-09-02,0.0013513367413782503
2022-09-05,0.001008644644100508
2022-09-06,0.000962454319102502
2022-09-07,-0.00179990315374552
2022-09-08,-0.0007587772154785503
2022-09-09,-0.0016121592026514177
2022-09-12,-0.001824278134110074
2022-09-13,0.004898923999861816
2022-09-14,0.0031983309356106585
2022-09-15,-9.856455240493905e-05
2022-09-16,0.00013621852935417165
2022-09-19,-0.0005928717030578739
2022-09-20,0.0029158006936804153
2022-09-21,0.0016298756691598155
2022-09-22,0.003681730300334512
2022-09-23,0.0013973603074014288
2022-09-26,0.008665991834294456
2022-09-27,0.0033252760713713622
2022-09-28,-0.005445431708108628
2022-09-29,-0.0004100141998228889
2022-09-30,-0.0016265366511910816
2022-10-03,-0.004303955740284029
2022-10-04,-0.005590117036422502
2022-10-05,0.0006014163492774707
2022-10-06,0.004222135426143924
2022-10-07,0.006338844615254878
2022-10-10,0.0028826881828721072
2022-10-11,0.000715821900144822
2022-10-12,1.6035410459617228e-05
2022-10-13,-0.000644066152742739
2022-10-14,0.0015520932912740505
2022-10-17,-0.002382368165063991
2022-10-18,-0.0027634615997009586
2022-10-19,0.0032059381489753843
2022-10-20,0.002750755461604766
2022-10-21,-0.004066140547920916
2022-10-24,-0.0010661298694906543
2022-10-25,-0.002665708036956494
2022-10-26,-0.003985684222714416
2022-10-27,-0.0026051170800431905
2022-10-28,0.0010694203782471898
2022-10-31,0.004137721617928402
2022-11-01,-0.0008233278538360551
2022-11-02,0.002416596971644681
2022-11-03,0.0013803710234370715
2022-11-04,-0.002039240873913469
2022-11-07,-0.0013720811320038248
2022-11-08,-0.007097039802480669
2022-11-09,-0.001399891490425939
2022-11-10,-0.009821396299729888
2022-11-11,-0.00714028106146501
2022-11-14,-0.0011759536253938042
2022-11-15,-0.00022519104295949373
2022-11-16,-0.0019853355877898406
2022-11-17,0.0016998001803647251
2022-11-18,0.0016233307820519953
2022-11-21,0.0017203775377778174
2022-11-22,-0.0006316038065977741
2022-11-23,-0.003883555895238822
2022-11-24,-0.0023511368449859764
2022-11-25,-0.0007326525843189997
2022-11-28,0.002185718498911532
2022-11-29,0.0009087510775362528
2022-11-30,-0.004798891113508956
2022-12-01,-0.006151483422460278
2022-12-02,-0.004690821751481396
2022-12-05,0.0011904709947369902
2022-12-06,-0.0004012144490047997
2022-12-07,-0.000805476169395396
2022-12-08,-0.0011408471017738586
2022-12-09,0.0021181044668344357
2022-12-12,0.0019134577917279065
2022-12-13,-0.0019130746198146725
2022-12-14,-0.002115252202127836
2022-12-15,0.00318069583892244
2022-12-16,0.002025501547814992
2022-12-19,0.0005286118427350796
2022-12-20,-0.0010213445527369428
2022-12-21,-0.0018652047914569116
2022-12-22,0.0014290743579402144
2022-12-23,0.0010114833348127841
2022-12-26,-0.00024104391704969899
2022-12-27,0.002000687651531335
2022-12-28,0.0018963335854841079
2022-12-29,-0.0028345257351619114
2022-12-30,0.0004553807339992232
2023-01-02,-0.001466491984444479
2023-01-03,-0.0019277428290270279
2023-01-04,-0.0030125136068114224
2023-01-05,0.001446729148781366
2023-01-06,-0.004104521460430896
2023-01-09,-0.003687491128240227
2023-01-10,0.0001938851685514096
2023-01-11,-0.00182736685835456
2023-01-12,-0.0022371629900238125
2023-01-13,-0.001120159130969773
2023-01-16,-0.000241641302237012
2023-01-17,0.0010523017797187104
2023-01-18,-0.0013374698622535214
2023-01-19,-0.0005728268347901845
2023-01-20,-0.00022153716240679602
2023-01-23,-0.0014086968683687325
2023-01-24,6.255079906650115e-05
2023-01-25,-0.0006348079667431315
2023-01-26,0.00023151058525248714
2023-01-27,0.0001119519154550564
2023-01-30,0.0021273768378097255
2023-01-31,-0.001139689170663636
2023-02-01,-0.001795288666569625
2023-02-02,-0.0034819172203201295
2023-02-03,0.0029668105602829353
2023-02-06,0.005379777589330173
2023-02-07,-0.00033489186499272505
2023-02-08,0.001569266160335865
2023-02-09,-0.0006780176947222336
2023-02-10,0.0017280623753539886
2023-02-13,-0.0005295566912190904
2023-02-14,-0.0010861643724433983
2023-02-15,0.00101775989811559
2023-02-16,0.002163728288459939
2023-02-17,0.0006062108359681099
2023-02-20,-0.00035733859819426004
2023-02-21,0.003212346013871859
2023-02-22,-0.001479335294644849
2023-02-23,-0.0010145011211759977
2023-02-24,0.0018939430143250537
2023-02-27,-0.0015793013984495585
2023-02-28,-0.001912841952309277
2023-03-01,0.00117078815606884
2023-03-02,0.0006071649043428344
2023-03-03,-0.003996674585206447
2023-03-06,0.0006393427981106969
2023-03-07,0.0026206107160335855
2023-03-08,0.0034774455255449986
2023-03-09,0.0008932195323208479
2023-03-10,-0.005174613952133425
2023-03-13,-0.004786146592011095
2023-03-14,0.0011088953282674513
2023-03-15,0.0007795518337589333
2023-03-16,0.0007900543151908104
2023-03-17,-0.0026754201259528813
2023-03-20,-0.0019097185448510925
2023-03-21,-0.00011489511732010708
2023-03-22,-0.0015834611636406045
2023-03-23,-0.0030568231968258978
2023-03-24,-0.0011581943572554132
2023-03-27,0.0013235527746728786
2023-03-28,-0.0006542756517166147
2023-03-29,-0.0002849222335237732
2023-03-30,-0.00019777932716659918
2023-03-31,-0.0032523396918441257
2023-04-03,-0.0004798839535152036
2023-04-04,-0.00018999771789463536
2023-04-05,-0.002596165914392638
2023-04-06,0.0002325819614666088
2023-04-07,0.0006401190318303406
2023-04-10,0.0006925209915240836
2023-04-11,-0.00027448272715189517
2023-04-12,0.0004844431653006619
2023-04-13,0.0009155057516672839
2023-04-14,-0.00015887757561694964
2023-04-17,0.0015513214546409699
2023-04-18,-0.0007580222674570208
2023-04-19,0.0016708560652793183
2023-04-20,0.001221502406060284
2023-04-21,0.002272732576639437
2023-04-24,-0.0010013845284435683
2023-04-25,0.0004581578420639692
2023-04-26,0.0021692150607131953
2023-04-27,0.0023626896476080417
2023-04-28,-0.0028543106923442033
2023-05-01,0.003436351160149272
2023-05-02,-0.00012614510369238566
2023-05-03,9.080381818791442e-05
2023-05-04,0.0006236259768190987
2023-05-05,-0.00040682160752327184
2023-05-08,0.000891290008475625
2023-05-09,0.0010637837333236696
2023-05-10,-0.00019004301886864258
2023-05-11,0.000718361208714206
2023-05-12,-3.6517065223244384e-05
2023-05-15,-0.0003037957346966252
2023-05-16,0.0017215652166957301
2023-05-17,0.0004692149210711063
2023-05-18,0.000636675000895591
2023-05-19,0.0006543181252939663
2023-05-22,0.0009353663045317368
2023-05-23,-0.0027043995722407016
2023-05-24,-0.002079115725474952
2023-05-25,0.0016782090362929734
2023-05-26,-0.0017315779474948384
2023-05-29,0.0006060773235273709
2023-05-30,0.0005476402275804311
2023-05-31,-0.0006084617882392198
2023-06-01,0.0006436808539111237
2023-06-02,0.0014103136477971888
2023-06-05,-0.0012357898028263082
2023-06-06,0.0012230879678417897
2023-06-07,-0.0025581329102495566
2023-06-08,0.002026330759836274
2023-06-09,0.0023682861651025356
2023-06-12,0.0010593989482715097
2023-06-13,-0.0010350449615339884
2023-06-14,0.001451589850093156
2023-06-15,-0.0011601298475886791
2023-06-16,-0.0011030420104736084
2023-06-19,0.0011117416558349188
2023-06-20,-0.002262016549731558
2023-06-21,-0.003119609280197849
2023-06-22,0.0012330008471128236
2023-06-23,-0.0003734798056594528
2023-06-26,-0.0006218386157439326
2023-06-27,0.003502075209914877
2023-06-28,0.003979147008592602
2023-06-29,-0.0005087556156898724
2023-06-30,0.002039193844537822
2023-07-03,0.000633879890148933
2023-07-04,0.00015800713928463915
2023-07-05,-0.0009450380677076336
2023-07-06,-0.0019523923733912787
2023-07-07,0.002928789520002601
2023-07-10,0.00014368997180345846
2023-07-11,-0.0001734830900952648
2023-07-12,0.0032955091236154307
2023-07-13,0.002011267188489295
2023-07-14,0.0010814007839111764
2023-07-17,5.2622944658765707e-05
2023-07-18,-0.0002557997322186627
2023-07-19,-0.0018509122334891721
2023-07-20,-0.001362725411748814
2023-07-21,-0.0013884771227925248
2023-07-24,-0.00032593494447131534
2023-07-25,0.00048554546607954615
2023-07-26,0.0013747263886443848
2023-07-27,0.0006779867407206656
2023-07-28,-0.0006809014401187452
2023-07-31,0.0031357017330162947
2023-08-01,-0.0008390329407729966
2023-08-02,-0.001773228563102732
2023-08-03,6.498528879925116e-06
2023-08-04,-0.0029451985892356017
2023-08-07,0.0015623520781135214
2023-08-08,-0.0032087954229188978
2023-08-09,-0.0031237432750349558
2023-08-10,0.0034287784549575737
2023-08-11,0.00037093439421648146
2023-08-14,-0.0002688133796065299
2023-08-15,-0.000903580639064613
2023-08-16,-0.0005916332153979015
2023-08-17,-0.0009239273632529988
2023-08-18,-0.0005334895387621504
2023-08-21,0.002714357424582989
2023-08-22,0.0014680784972784713
2023-08-23,-3.968671207338218e-06
2023-08-24,-0.003077807876415691
2023-08-25,-0.0006559759139462702
2023-08-28,0.001689966443141215
2023-08-29,0.002407455836868424
2023-08-30,0.00010193643371496895
2023-08-31,0.0004964275868108021
2023-09-01,2.926667986523075e-06
2023-09-04,-0.001098874949439661
2023-09-05,0.0014303905272098562
2023-09-06,-0.0011431685760609934
2023-09-07,-0.0021918062389398134
2023-09-08,-0.0018730848965775012
2023-09-11,0.0035253224336386202
2023-09-12,-0.0013193762755436616
2023-09-13,-0.00026486376635349005
2023-09-14,0.00378762319022784
2023-09-15,-0.0015194845211865928
2023-09-18,0.00031289729756859435
2023-09-19,0.00012314696950821094
2023-09-20,-0.0018814286737330302
2023-09-21,-0.0017936221391920508
2023-09-22,-0.0012036066542572442
2023-09-25,0.0006841635094198837
2023-09-26,-0.0035962842670799883
2023-09-27,-0.0007335538077486456
2023-09-28,-0.0005931661463440519
2023-09-29,-0.0004696222561792868
2023-10-02,-0.002119189168052384
2023-10-03,-0.0033576220445411
2023-10-04,-0.004690035940994749
2023-10-05,-0.00039152522245075307
2023-10-06,0.004053087033096877
2023-10-09,0.002521408978914588
2023-10-10,0.0015049941577699004
2023-10-11,-0.0006415652830900301
2023-10-12,0.001459703405643594
2023-10-13,0.00029970093448896247
2023-10-16,0.002322913878254004
2023-10-17,0.003295389366147602
2023-10-18,-0.00039320470136391104
2023-10-19,0.0015374971320168101
2023-10-20,-0.0021663057691825513
2023-10-23,-0.0016041687977557915
2023-10-24,0.0016678589340017274
2023-10-25,-0.0008470262661863673
2023-10-26,-0.005361252476146223
2023-10-27,0.00286766444504798
2023-10-30,0.0012778689752279873
2023-10-31,-0.00010605190351040556
2023-11-01,0.0012631808887906412
2023-11-02,0.0023134657330906297
2023-11-03,0.0008042561662437382
2023-11-06,0.0022110695713248624
2023-11-07,-0.001588750470131867
2023-11-08,-0.0032356387987997103
2023-11-09,0.0034526343675846706
2023-11-10,0.0014313139677671967
2023-11-13,-0.0016566695119050413
2023-11-14,0.002992004952599795
2023-11-15,0.003258592808394685
2023-11-16,-0.0014140051247154306
2023-11-17,0.0023806955354605166
2023-11-20,0.0006600865197166765
2023-11-21,-0.0003536311664592822
2023-11-22,1.6301042619005444e-05
2023-11-23,0.0003494678257205206
2023-11-24,0.0026347418465889074
2023-11-27,0.0006961196897565918
2023-11-28,0.0007799177975985167
2023-11-29,-0.0003564936810606467
2023-11-30,-0.001270077378970415
2023-12-01,-0.0010446346656873297
2023-12-04,-0.004162838178435778
2023-12-05,-0.0037353401040807707
2023-12-06,-0.001229726516335879
2023-12-07,0.0015037688158904287
2023-12-08,-0.0002732822921855081
2023-12-11,0.0005662603126443376
2023-12-12,0.0007483506956026903
2023-12-13,0.0026653709800091335
2023-12-14,-0.0009458275094549825
2023-12-15,-0.0001000368689880212
2023-12-18,-0.00039630365525915984
2023-12-19,0.0030603359756517364
2023-12-20,-0.0001529910739398447
2023-12-21,0.0010850148767260978
2023-12-22,0.00011213972228588998
2023-12-25,0.0003578559176662902
2023-12-26,0.001299492689092699
2023-12-27,0.0008784009655420108
2023-12-28,-0.001138821504788768
2023-12-29,-0.00024287930019327892
2024-01-01,-0.0006125503795979691
2024-01-02,-0.0008975154792078222
2024-01-03,-0.004731159054156364
2024-01-04,-0.0001345928110247555
2024-01-05,0.0022501632452389996
2024-01-08,0.0030716746428028317
2024-01-09,-0.0021516054946389314
2024-01-10,0.0021859672281464683
2024-01-11,0.0017685901586331815
2024-01-12,0.0015168645875494643
2024-01-15,-0.0005872822737673863
2024-01-16,0.0011862669608059355
2024-01-17,-0.0026517945246659833
2024-01-18,0.002970209896171208
2024-01-19,0.0018831047266656671
2024-01-22,0.002094683726436914
2024-01-23,-0.0014794750326725524
2024-01-24,-0.0026895395683841816
2024-01-25,0.0012001064447470563
2024-01-26,-0.0003822556575393938
2024-01-29,0.0035678665467602498
2024-01-30,-0.0027338714824942647
2024-01-31,-0.0001778665066569618
2024-02-01,0.003551933739835937
2024-02-02,-0.0001583394523383884
2024-02-05,-0.0013260396324566335
2024-02-06,0.0007034387838999792
2024-02-07,0.002716332157159134
2024-02-08,0.002162721524701771
2024-02-09,0.0020491970438095506
2024-02-12,0.0009094253993558578
2024-02-13,-0.0029366576863907898
2024-02-14,0.0024588766873968673
2024-02-15,0.0030339949587682028
2024-02-16,-0.0008232410103379349
2024-02-19,0.0002887965366651416
2024-02-20,-0.0004977095549858293
2024-02-21,8.38865063997176e-05
2024-02-22,0.004074600452599051
2024-02-23,0.0019082242663361303
2024-02-26,-0.0008336988591992818
2024-02-27,0.00018144790649891212
2024-02-28,-0.001972595010333075
2024-02-29,0.0010363823712258682
2024-03-01,0.003960025685039851
2024-03-04,-6.456627898420997e-05
2024-03-05,-0.00022764235919472172
2024-03-06,0.0020342808547872755
2024-03-07,0.0009396793166390732
2024-03-08,0.0001061440682147911
2024-03-11,-0.0024233465501400887
2024-03-12,0.0013150265570874046
2024-03-13,-3.794219483020081e-06
2024-03-14,0.0014234423294601257
2024-03-15,-0.0021969355440240343
2024-03-18,0.002419775958492927
2024-03-19,0.0008608006211773895
2024-03-20,0.0025487419737622195
2024-03-21,0.0017656579678963077
2024-03-22,-0.002481464077743482
2024-03-25,-0.0015887656505037336
2024-03-26,0.0019672580689109364
2024-03-27,0.002108212673666816
2024-03-28,-0.0016736699426879399
2024-03-29,-5.479687494691034e-05
2024-04-01,0.0005443409227186663
2024-04-02,0.0017115333720517116
2024-04-03,0.0028064881084142223
2024-04-04,-0.0030775692651893406
2024-04-05,0.004460195338366286
2024-04-08,0.0016342245409102093
2024-04-09,-0.0005406480052296992
2024-04-10,-0.00025712302652411716
2024-04-11,0.004635107369677094
2024-04-12,-0.004761644662357544
2024-04-15,0.003744674875813282
2024-04-16,-0.0009416474444908882
2024-04-17,-0.002982787109054179
2024-04-18,0.0011700253679861466
2024-04-19,-0.0007756120647335813
2024-04-22,-0.0017943735435947605
2024-04-23,0.0005516106925337635
2024-04-24,0.0026014074855922873
2024-04-25,0.000939147850481028
2024-04-26,0.0026301261999933587
2024-04-29,0.0021062027861457216
2024-04-30,-0.005107228837209646
2024-05-01,-0.000792964563257805
2024-05-02,-0.0021463902726150045
2024-05-03,-0.001960016585634731
2024-05-06,0.0014426080358665718
2024-05-07,-0.0010087807928627142
2024-05-08,0.0007091306935417324
2024-05-09,0.0015747560268520111
2024-05-10,-8.138095335272863e-05
2024-05-13,-3.1778631848507915e-05
2024-05-14,0.0013371657638634718
2024-05-15,0.0023376568485019393
2024-05-16,-0.002340575140003476
2024-05-17,0.005046885207533821
2024-05-20,0.0005268057593747269
2024-05-21,-0.00012992530406184528
2024-05-22,-0.00650006596069719
2024-05-23,-0.0011043189226014715
2024-05-24,0.002411916462328556
2024-05-27,-0.00010591699947133861
2024-05-28,0.004916768836861919
2024-05-29,-0.0017427370924111073
2024-05-30,-0.00047982966950634726
2024-05-31,-2.326621385758418e-05
2024-06-03,-0.0025576914978848123
2024-06-04,-0.0014480842758094355
2024-06-05,0.00031983375132036784
2024-06-06,0.000712657579197591
2024-06-07,-0.0023374521884995877
2024-06-10,0.002112941071164432
2024-06-11,-0.003376166346698564
2024-06-12,0.001213369478245589
2024-06-13,-0.0031610378141951672
2024-06-14,-0.0009200641706431178
2024-06-17,0.002049314846505033
2024-06-18,0.0004009388757927947
2024-06-19,2.733115992837985e-05
2024-06-20,0.0035864757975874444
2024-06-21,-0.002890598939929259
2024-06-24,0.0006350404604359765
2024-06-25,0.002403322333706513
2024-06-26,0.0012605211299832576
2024-06-27,0.0006868348893501081
2024-06-28,0.004384089406100303
2024-07-01,0.004284805469992165
2024-07-02,0.0019062579160733747
2024-07-03,0.002309778150956261
2024-07-04,-0.0011123846337423935
2024-07-05,0.00245884554892266
2024-07-08,-0.0015872073256438658
2024-07-09,-0.00031012650770888674
2024-07-10,0.004243687072942716
2024-07-11,-0.0009304195712375522
2024-07-12,-0.0023773072868830125
2024-07-15,0.0008575780196155547
2024-07-16,0.00034826936005598834
2024-07-17,-0.0010030343398771638
2024-07-18,-0.00535821382346903
2024-07-19,-0.0015026939415164419
2024-07-22,9.260470727309842e-05
2024-07-23,-0.0011052245272137663
2024-07-24,-0.003251084685651169
2024-07-25,-0.002695418164953381
2024-07-26,0.003792189144962411
2024-07-29,-0.000960480432561032
2024-07-30,0.0005820456675244387
2024-07-31,0.007459722361078635
2024-08-01,-0.008488290856599882
2024-08-02,-0.0036460565994957997
2024-08-05,-0.008885250826340852
2024-08-06,-0.002909546842850331
2024-08-07,-0.0016152431120501857
2024-08-08,0.00533879601517493
2024-08-09,0.004055361622286635
2024-08-12,0.0022540856547238358
2024-08-13,0.004366695514528767
2024-08-14,-0.0003080922332710592
2024-08-15,0.003017736953188515
2024-08-16,0.004980701349669408
2024-08-19,6.161760646319924e-05
2024-08-20,-0.0008829707297145153
2024-08-21,0.0007119899636240893
2024-08-22,-0.0015372991074128547
2024-08-23,0.007431900594584201
2024-08-26,-0.00021874919561228143
2024-08-27,0.0006188912527061481
2024-08-28,-0.0019267887992778644
2024-08-29,0.0001522896113589574
2024-08-30,-0.0011244676699137888
2024-09-02,0.0008994371713860437
2024-09-03,-0.0019605611862804654
2024-09-04,0.0013902813701931634
2024-09-05,0.0024745013140549466
2024-09-06,-0.0025935457642134643
2024-09-09,0.003370512319281776
2024-09-10,-0.0004173807701292027
2024-09-11,0.0009837728303464578
2024-09-12,-0.00024921831271967226
2024-09-13,0.0033233507982760417
2024-09-16,0.0017612227285283256
2024-09-17,-0.0002670869319723096
2024-09-18,-0.002523428265301269
2024-09-19,0.003409680109568598
2024-09-20,0.0005885403532577039
2024-09-23,-0.001252002828301184
2024-09-24,0.0022454625180151444
2024-09-25,0.0008050677971033907
2024-09-26,0.0028084055433844984
2024-09-27,-0.0018433212579144875
2024-09-30,-0.0007830581867068456
2024-10-01,-0.001423509302453454
2024-10-02,-0.002875465495030306
2024-10-03,-0.004998188388950886
2024-10-04,-0.0013125598816198514
2024-10-07,-0.004396559877156659
2024-10-08,0.0012633687727001588
2024-10-09,-0.0006135198778455215
2024-10-10,-0.0017547759661961115
2024-10-11,0.001960800987271075
2024-10-14,0.0016782087229965253
2024-10-15,0.0008499143830338791
2024-10-16,0.001686081445333155
2024-10-17,-0.0027031788383538686
2024-10-18,0.0025165412310244484
2024-10-21,-0.003185262114288481
2024-10-22,-0.003237702547471193
2024-10-23,-0.004048399305019654
2024-10-24,-0.0002630819125232944
2024-10-25,0.0008364113057363414
2024-10-28,0.002271053294375246
2024-10-29,0.0012111928768260502
2024-10-30,-0.00015726242296686848
2024-10-31,-0.00222145150741217
2024-11-01,-0.0008202977080362362
2024-11-04,0.002939600046688914
2024-11-05,0.0032368293005182285
2024-11-06,-0.005896254578972721
2024-11-07,0.0033828672394957543
2024-11-08,-0.00030200558820436135
2024-11-11,-0.006253813294308325
2024-11-12,-0.0055830896436160765
2024-11-13,-0.004198624457657103
2024-11-14,0.001311227487202761
2024-11-15,-0.0031626220681513642
2024-11-18,0.001598838457130865
2024-11-19,0.0029771520115620355
2024-11-20,-0.0017983577953416784
2024-11-21,0.00021665721624096956
2024-11-22,0.0003659163996504495
2024-11-25,0.002163791746515821
2024-11-26,-0.0019700532972484522
2024-11-27,0.0032568123535870745
2024-11-28,0.0012000887070518621
2024-11-29,0.00300735889189079
2024-12-02,-3.710767928454721e-05
2024-12-03,0.0020198690638601755
2024-12-04,0.0014953277044048381
2024-12-05,-0.0005255457486651966
2024-12-06,-0.0008722303962497804
2024-12-09,-0.0009763285186641939
2024-12-10,-0.000902506394797635
2024-12-11,0.0017277105057934999
2024-12-12,-0.003162218650762313
2024-12-13,-0.001599874544012092
2024-12-16,-0.00039731011240593027
2024-12-17,-0.0005181422363967477
2024-12-18,-0.00678202220264474
2024-12-19,-0.0017441059105623743
2024-12-20,0.0017660002187906581
2024-12-23,-0.0011348133331642084
2024-12-24,0.001515766134443298
2024-12-25,2.0497795303635323e-05
2024-12-26,0.0011817936379965644
2024-12-27,-0.0017292596367557962
2024-12-30,-0.0019698365593948932
2024-12-31,-0.0009743193200810688
2025-01-02,0.0010779197718253626
2025-01-03,0.00605998039910223
2025-01-06,-0.0009250902309466939
2025-01-07,0.0005048345997467165
2025-01-08,0.0008546031677048047
2025-01-09,0.0013395597211278358
2025-01-10,-0.002337733867220077
2025-01-13,0.001245564564219017
2025-01-14,-0.00013848331107263912
2025-01-15,0.0015479511876744724
2025-01-16,-0.0012190316489174224
2025-01-17,-0.0007519607892814297
2025-01-20,0.0013303134275459137
2025-01-21,-0.0017800091328667661
2025-01-22,0.0007724937564915083
2025-01-23,0.0017462338791974833
2025-01-24,0.0006193660702826893
2025-01-27,-0.00537049631732479
2025-01-28,0.0016058472760198518
2025-01-29,-0.0013261062442178832
2025-01-30,0.0029657087994451473
2025-01-31,-0.0004739828164487729
2025-02-03,9.055113175815725e-05
2025-02-04,-1.3427141771202727e-05
2025-02-05,0.000709617330233777
2025-02-06,-0.0011013630211931173
2025-02-07,0.00015194833221278967
2025-02-10,0.005155527139095642
2025-02-11,0.0004653153340963616
2025-02-12,-0.0013696202771763205
2025-02-13,0.00455977597702504
2025-02-14,-0.0042992587041118914
2025-02-17,-0.0009902867764503332
2025-02-18,0.0012016376619151724
2025-02-19,0.0011927790962106082
2025-02-20,0.0003808152053061846
2025-02-21,-0.005314249770038821
2025-02-24,0.0004534670499449154
2025-02-25,0.0002593020557124745
2025-02-26,-0.0011237302768528354
2025-02-27,-0.0007011339935749726
2025-02-28,0.0028126243860015546
2025-03-03,0.0025479432686756655
2025-03-04,-0.003109070239907959
2025-03-05,0.0018129489421463375
2025-03-06,-0.006679075519546141
2025-03-07,0.0003732042967932859
2025-03-10,-0.005472261601481819
2025-03-11,0.0005420980023378896
2025-03-12,0.0016282218425708438
2025-03-13,0.0007517659075093858
2025-03-14,0.0027664976953130954
2025-03-17,0.0031969349031427396
2025-03-18,0.00015788993246164585
2025-03-19,0.0035848167225566115
2025-03-20,-0.0014000188406874193
2025-03-21,-0.0004528582815959058
2025-03-24,0.0005959362707363964
2025-03-25,0.003482119577130668
2025-03-26,-0.0025898971467036257
2025-03-27,0.0008712197534080596
2025-03-28,-0.0010822714835988022
2025-03-31,0.0009395783645690317
2025-04-01,7.164047150468619e-05
2025-04-02,0.0006845896603284368
2025-04-03,-0.0019984459660117625
2025-04-04,-0.011204946692862745
2025-04-07,-0.007162782318713569
2025-04-08,-0.004758548710101456
2025-04-09,0.01650399586230761
2025-04-10,-0.006320816004184989
2025-04-11,0.004846214133642136
2025-04-14,0.003492238989383756
2025-04-15,0.0019790312130446488
2025-04-16,0.0012633642040526508
2025-04-17,-0.000307286742573586
2025-04-21,-0.0012229060248094325
2025-04-22,0.004429081839666363
2025-04-23,0.0006231361801069821
2025-04-24,0.004048232751836177
2025-04-25,0.0010332484292292184
2025-04-28,0.003957127489888565
2025-04-29,0.004111144331899147
2025-04-30,-0.002249310656714423
2025-05-01,-0.002569226641408879
2025-05-02,-0.0024188019810278674
2025-05-05,0.0031562780653114544
2025-05-06,0.0011814568486257196
2025-05-07,0.0012996799695104773
2025-05-08,-0.003370731572233466
2025-05-09,-0.002774992724577272
2025-05-12,-0.0005645022414537598
2025-05-13,-0.003392728115531014
2025-05-14,0.001115829785294704
2025-05-15,0.0032615348289649544
2025-05-16,0.0016458109834525613
2025-05-19,0.0003633308321654909
2025-05-20,-0.0009063640765549421
2025-05-21,-0.0013755784126340078
2025-05-22,0.001632914609794714
2025-05-23,4.951190674992097e-05
2025-05-26,0.0018149152028800349
2025-05-27,0.003387538776289276
2025-05-28,-0.0017181791803568753
2025-05-29,0.00021004436929218217
2025-05-30,0.0026613802497332663
2025-06-02,-0.0015816561953047664
2025-06-03,0.0002899105598218627
2025-06-04,-0.0011623592658637732
2025-06-05,-0.00030406541604558677
2025-06-06,-0.0016569822820118084
2025-06-09,0.0010331868213306703
2025-06-10,0.0009112443018012971
2025-06-11,-0.001389702854996175
2025-06-12,0.0017097850617773394
2025-06-13,-0.0012656351821147495
2025-06-16,0.00019623272764819697
2025-06-17,-0.003291935060696962
2025-06-18,-0.002096165808720912
2025-06-19,4.647015679606228e-05
2025-06-20,0.00010619056073888669
2025-06-23,0.0039012714637826234
2025-06-24,0.0036959763566988386
2025-06-25,0.0018888077345120293
2025-06-26,0.0029158252273650434
2025-06-27,-0.0005404823229524206
2025-06-30,0.0016993920213628426
2025-07-01,0.0006849521230429942
2025-07-02,-0.0005873301994655647
2025-07-03,-0.0010984665490072329
2025-07-04,-0.0005500611047357134
2025-07-07,-0.00020971094515171354
2025-07-08,0.0017240339516788347
2025-07-09,0.0007672059355711117
2025-07-10,0.00047274694327077753
2025-07-11,-0.001052741961329993
2025-07-14,-0.0017217195419916846
2025-07-15,-0.0020276299537430437
2025-07-16,-0.0008545905199632562
2025-07-17,0.0009963785119954543
2025-07-18,-0.0007395580154349709
2025-07-21,0.0029629717157822165
2025-07-22,0.002965404390440352
2025-07-23,0.004074545048867293
2025-07-24,-0.00034442684908730394
2025-07-25,-0.001116030330166224
2025-07-28,-0.0027738131899834894
2025-07-29,-0.0024765457014432777
2025-07-30,-0.005821073996352664
2025-07-31,-0.0027051334126679777
2025-08-01,0.0007119282135314396
2025-08-04,0.0036136563450172112
2025-08-05,-0.001247988142101899
2025-08-06,0.001387276791587819
2025-08-07,0.001637577117561515
2025-08-08,0.002881180308701705
2025-08-11,-0.001033058506738257
2025-08-12,0.0045410729209700105
2025-08-13,0.0009458015657990955
2025-08-14,0.0004938216002667006
2025-08-15,-0.001115387104195813
2025-08-18,0.0005744771308506887
2025-08-19,-0.0005830445900777183
2025-08-20,0.00010811352369989524
2025-08-21,-0.002492896211574139
2025-08-22,0.00409768129668535
2025-08-25,-0.0007415837283687836
2025-08-26,-0.0001305715900375123
2025-08-27,0.0005641982865907749
2025-08-28,0.0006443878052040769
2025-08-29,-0.0016865549013835588
2025-09-01,0.0001698657401819434
2025-09-02,0.0012465807226836954
2025-09-03,-0.0012718064653853816
2025-09-04,0.001204448370633997
2025-09-05,0.0008566217436427597
2025-09-08,0.0023845073727287486
2025-09-09,0.00012796711209300674
2025-09-10,0.0010141517570067368
2025-09-11,0.001585039511282798
2025-09-12,-0.0009152200989098329
2025-09-15,0.002125691649759634
2025-09-16,-9.991424352527443e-05
2025-09-17,-0.0003641034583054757
2025-09-18,0.0012576510198981225
2025-09-19,9.296837989657537e-05
2025-09-22,0.0015571533431644451
2025-09-23,0.00013438172039156065
2025-09-24,-0.0001806840433900301
2025-09-25,-0.0019216975304527162
2025-09-26,0.0005101379987489505
2025-09-29,0.0013961546908100066
2025-09-30,0.0007762477952781319
2025-10-01,-0.00014045365783985037
2025-10-02,0.0004318374240112709
2025-10-03,0.0025677217270001457
2025-10-06,0.0028348397561660087
2025-10-07,-0.0009416632514160413
2025-10-08,0.0021329456169505616
2025-10-09,-0.0004970764717837179
2025-10-10,-0.004544667301431176
2025-10-13,0.004863213651190738
2025-10-14,0.0014603742038972844
2025-10-15,0.0017368219579433372
2025-10-16,0.002840245055019707
2025-10-17,-0.0007204989799726859
2025-10-20,0.0028011494674036823
2025-10-21,-0.005746234739188146
2025-10-22,-0.0017918734404235009
2025-10-23,-0.0001396781294587296
2025-10-24,0.0013952113435318912
2025-10-27,3.1452127541212844e-05
2025-10-28,0.0015456311247732768
2025-10-29,-0.002119514758263631
2025-10-30,-0.0015040449537715318
2025-10-31,-0.0005650351554920222
2025-11-03,-0.0015089103559387403
2025-11-04,-0.0034673846874961035
2025-11-05,-0.0025351970519423457
2025-11-06,0.00124334539389729
2025-11-07,0.0018247693014541602
2025-11-10,0.004034624945207899
2025-11-11,0.001491461515739932
2025-11-12,0.00040200479712363795
2025-11-13,-0.005171449463542069
2025-11-14,0.0018730182353043792
2025-11-17,-0.003012959443089768
2025-11-18,-0.0016954230351764856
2025-11-19,-0.00023270559174108188
2025-11-20,-0.002417164186691896
2025-11-21,0.0036476290547158333
2025-11-24,0.002961550642169935
2025-11-25,0.0027764329084377357
2025-11-26,0.0029206119829036196
2025-11-27,0.0012206843466704492
2025-11-28,0.0004887147332511315
2025-12-01,-0.0032454713940041325
2025-12-02,-0.0007640126095747946
2025-12-03,0.0038397633367218717
2025-12-04,0.0005934224117856337
2025-12-05,4.460161326977947e-05
2025-12-08,-0.0021195600136832225
2025-12-09,-0.0015261315122874163
2025-12-10,0.0034302511008134466
2025-12-11,0.0014061965914858427
2025-12-12,-0.002374324046502322
2025-12-15,0.0014652063666261497
2025-12-16,0.00011539924362535684
2025-12-17,-0.00157760603473656
2025-12-18,0.0007693888878490189
2025-12-19,0.0010313124786778915
2025-12-22,0.0004210670910194434
2025-12-23,0.004285033617093784
2025-12-24,0.00028326445060230875
2025-12-26,0.0028340135352097626
2025-12-29,-0.0018969103215288753
2025-12-30,0.0008490642304431695
2025-12-31,-0.0039718912180774215
2026-01-02,0.0014952269812933167
2026-01-05,0.003378835213978321
2026-01-06,0.003514127458082112
2026-01-07,-0.0024066547684693687
2026-01-08,-0.0023606161210984575
2026-01-09,0.0039912497007615734
2026-01-12,0.001109102361132324
2026-01-13,0.00038254484419538034
2026-01-14,0.0017785400208323331
2026-01-15,0.0006766020577939501
2026-01-16,-0.003752809229741803
2026-01-19,0.0011541094762192554
2026-01-20,-0.006947906281129382
2026-01-21,0.00307482733172975
2026-01-22,0.0011007595626324831
2026-01-23,0.0014542057864706539
2026-01-26,0.006679592718538718
2026-01-27,0.002352220832466936
2026-01-28,0.003880252060234739
2026-01-29,-8.276069762000254e-05
2026-01-30,-0.008557683937620622
2026-02-02,5.210730191107624e-05
2026-02-03,0.0028053859702694356
2026-02-04,-0.0003137950372418749
2026-02-05,-0.003181837122132507
2026-02-06,0.005369400750841175
2026-02-09,0.00648037088144862
2026-02-10,0.003217156267769757
2026-02-11,-0.000877319951913779
2026-02-12,-0.003914293002476156
2026-02-13,0.0016194355052698596
2026-02-16,0.00022315248186446782
2026-02-17,-0.0011379107835749408
2026-02-18,0.0010678256949385933
2026-02-19,-0.00014997243653242127
2026-02-20,0.0009050465542732092
2026-02-23,0.0015339328645101562
2026-02-24,0.00032190011333520127
2026-02-25,0.0017406987435370429
2026-02-26,0.0019368089515611055
2026-02-27,0.00035490010811311797
2026-03-02,-0.0036889597669851368
2026-03-03,-0.006166034541018475
2026-03-04,0.002025384306834149
2026-03-05,-0.004929536203633952
2026-03-06,-0.0006272089190092838
2026-03-09,0.0023515227044850805
2026-03-10,0.0013164427438275654
2026-03-11,-0.0032764010222202503
2026-03-12,-0.002912172043222524
2026-03-13,-0.003176540969123777
2026-03-16,0.003832136601514459
2026-03-17,0.0022523178200818824
2026-03-18,-0.005539840498385798
2026-03-19,-0.003238123824362859
2026-03-20,-0.006710356950032624
2026-03-23,0.003994642401351022
2026-03-24,-1.978495530740313e-05
2026-03-25,0.003917553932501414
2026-03-26,-0.006664122697127029
2026-03-27,-0.001016368637715856
2026-03-30,0.0039017341737366223
2026-03-31,0.0055342579939662824
2026-04-01,0.004331526227228952
2026-04-02,0.0020950545959710822
2026-04-03,-0.0005599464717388264
2026-04-06,-0.0007139642469089914
2026-04-07,0.0013408894573649196
2026-04-08,0.006967248553885551
2026-04-09,4.211017621522512e-05
2026-04-10,0.0010028297327156002
2026-04-13,0.0022285630642231036
2026-04-14,0.004012333720908354
2026-04-15,-0.0011667910550500708
2026-04-16,-0.0002339834506790683
2026-04-17,0.0018781556635873986
2026-04-20,-0.0014409034064675986
2026-04-21,-0.002799122760228015
2026-04-22,0.001897065593341808
2026-04-23,-0.0013129401990459616
2026-04-24,0.0008631704174322291
2026-04-27,-0.0008453220892275131
2026-04-28,-0.001122358578765781
2026-04-29,-0.001264554936629498
2026-04-30,0.0025848798312985174
2026-05-01,-0.0015140173530374984
2026-05-04,-0.002498222885484929
2026-05-05,0.0019485681259213295
2026-05-06,0.004424328799764061
2026-05-07,-0.0026111224400722204
2026-05-08,0.0031488585356674974
2026-05-11,0.00037429882122261233
2026-05-12,0.0012005034764862766
2026-05-13,-0.00034572726824542456
2026-05-14,-0.0020189402912937113
2026-05-15,-0.007849272865303398
2026-05-18,0.0011368141441963633
2026-05-19,-0.0018125948672613919
2026-05-20,0.002748140212242348
2026-05-21,0.0008552417835273895
2026-05-22,0.0014982000135418878
2026-05-25,0.000508711100010204
2026-05-26,0.0014973373682733836
2026-05-27,-0.0024011916716995263
2026-05-28,0.001011221488295242
2026-05-29,-0.00016232532154847006
2026-06-01,0.0013732373861397773
2026-06-02,0.0019640750180786918
2026-06-03,-0.0016539837846971848
2026-06-04,0.0009904052214564087
2026-06-05,-0.005983103309576327
2026-06-08,0.0014430652706702257
2026-06-09,-0.0005771334897925326
2026-06-10,-0.004229002950710228
2026-06-11,0.008045908420417273
2026-06-12,-0.00048720299289209363
2026-06-15,0.0020141004045375922
2026-06-16,-0.0003753924686675865
2026-06-17,-0.0027980666217512426
2026-06-18,0.0026411766269097106
2026-06-19,0.0007137011785527797
2026-06-22,-0.0009194933219241605
2026-06-23,-0.004470796071199166
2026-06-24,-0.0005221511041965881
2026-06-25,0.00107574840474246
2026-06-26,-0.0003161181851800974
2026-06-29,0.0030445907138039645
2026-06-30,-0.0018965615440305016
2026-07-01,-0.001632474082233395
2026-07-02,0.001671785486557944
2026-07-03,-0.0020242117060282686
2026-07-06,0.0004958003665927522
2026-07-07,-0.0037257193134268237
2026-07-08,0.0008746828755687799
2026-07-09,0.002946230954492256
2026-07-10,5.1346629512404274e-05
2026-07-13,-0.0018425693868969557
2026-07-14,0.003499167941076292
2026-07-15,-0.0008062627999794103
2026-07-16,-0.0038574557097988678
2026-07-17,0.0005760537545687395
2026-07-20,-0.0003841433327485453
2026-07-21,0.002828022886141271
2026-07-22,-3.745680540185811e-05
2026-07-23,-0.0030248381020070276
2026-07-24,0.002265913565202502
2026-07-27,0.0015268583084555834
2026-07-28,0.0004444840076062689
2026-07-29,-0.0019100912986313525
2026-07-30,0.0023790677761657986
2026-07-31,-0.005400095280193887
2026-08-03,-0.00260544641339233
2026-08-04,0.002248471864332801
2026-08-05,0.0015875511923065502
2026-08-06,0.00017154304976187173
2026-08-07,0.002586389185701892
2026-08-10,-0.0004101505845475298
2026-08-11,0.0015741910111297785
2026-08-12,0.0024699401649487577
2026-08-13,-0.00010264889688090472
2026-08-14,0.0012134233950525785
2026-08-17,0.0012370720339049833
2026-08-18,-0.0038127163242551864
2026-08-19,0.0018793512298431935
2026-08-20,-0.001989084106763394
2026-08-21,0.003223649279710243
2026-08-24,-0.00025197578031275905
2026-08-25,0.001445131586493802
2026-08-26,-0.000710578885607898
2026-08-27,0.00016094149473954404
2026-08-28,-0.0014218861285935224
2026-08-31,0.001486669604811109
2026-09-01,-0.002357171588598355
2026-09-02,0.0019252116516369979
2026-09-03,0.0025959609189631426
2026-09-04,-0.004120568373493335
2026-09-07,0.0007286838524545124
2026-09-08,-0.0022949540660613154
2026-09-09,0.001089763001855916
2026-09-10,-0.00023412091926916067
2026-09-11,0.0032602739137137142
2026-09-14,-0.0029727407859694533
2026-09-15,0.0017156046063632902
2026-09-16,0.00015736529957101266
2026-09-17,0.00329591825950156
2026-09-18,0.0008414452479223905
2026-09-21,0.002140735887823661
2026-09-22,-0.0005490980069068617
2026-09-23,0.00039933518205982935
2026-09-24,0.0023865429825682956
2026-09-25,0.0026385651948510227
2026-09-28,-0.0022016455577890223
2026-09-29,0.0006843002967838786
2026-09-30,0.0002434330442525552
2026-10-01,-0.0005383318082127662
2026-10-02,0.0029939787918460744
2026-10-05,0.0011196485044166985
