address,symbol,status,launch_price_sol,entry_price_sol,launch_mc_sol,launch_mc_usd,entry_mc_sol,entry_mc_usd,present_mc_sol,present_mc_usd,curve_sol_entry,liquidity_usd_entry,born_utc,entry_utc,age_min,last_price_sol,curve_sol_now,current_x,peak_x,tier_state,closed_reason,stake_sol,proceeds_sol,result_x
49gnxhTSnsV6DxRpQaEqmQ3kVZUVYSJNsFu2d5S1wavh,LIMON,RUGGED,0.0000e+00,0.0000e+00,28.33,,0,0,,,0,0.0,2026-10-04 11:51:49,2026-10-04 11:51:51,52.6,2.7959e-08,0.0,0.92,0.92,CLOSED,rug-liquidity-collapse,0.05,0.04544,0.909
B9aBQt1iAqm6VV14uw527NtyexutC7GAhSB4g9tUpump,LVA,RUGGED,0.0000e+00,0.0000e+00,46.7,,0,0,,,0,0.0,2026-10-04 11:56:19,2026-10-04 11:56:22,48.1,5.8889e-09,0.361,0.64,0.65,CLOSED,rug-liquidity-collapse,0.05,0.02331,0.466
5h9fQyRJXdT2dMb2cAyotmq7ZnfGyUQGTvbqm4AMpump,LVA,RUGGED,0.0000e+00,0.0000e+00,28.05,,0,0,,,0,0.0,2026-10-04 12:13:43,2026-10-04 12:13:45,30.7,2.7959e-08,0.0,0.92,0.92,CLOSED,rug-liquidity-collapse,0.05,0.04589,0.918
3rLov6AmWNoAPUvWzi6iQAnLDqeg3cjvu4dYb6tUcVFR,LTGD,RUGGED,0.0000e+00,0.0000e+00,28.17,,0,0,,,0,0.0,2026-10-04 12:20:30,2026-10-04 12:20:33,23.9,2.7959e-08,0.0,0.76,0.91,CLOSED,rug-liquidity-collapse,0.05,0.03712,0.742
HVXgBrdfK5UWUqzC9BzZvUcviMGAnTcnP7A1ScPJ21ek,BBL,RUGGED,0.0000e+00,0.0000e+00,29.07,,0,0,,,0,0.0,2026-10-04 12:24:03,2026-10-04 12:24:06,20.4,2.8693e-08,0.391,0.96,0.97,CLOSED,rug-liquidity-collapse,0.05,0.04544,0.909
3sFPCnXnkJKGo8VGr4cxdvzmqaMjnXrFHqWxdPm7pump,BISHOP,RUGGED,0.0000e+00,0.0000e+00,28.07,,0,0,,,0,0.0,2026-10-04 12:31:16,2026-10-04 12:31:19,13.2,2.7959e-08,0.0,0.92,0.92,CLOSED,rug-liquidity-collapse,0.05,0.04586,0.917
4HJwgBTVvh3d8qUzZZncDZgWKsRPi39vkTfhwGTSpump,nubs,RUGGED,0.0000e+00,0.0000e+00,28.42,,0,0,,,0,0.0,2026-10-04 12:32:00,2026-10-04 12:32:02,12.4,2.7959e-08,0.0,0.92,0.92,CLOSED,rug-liquidity-collapse,0.05,0.04529,0.906
6hCdirdtZTDy3HYnoxqxwFDp12jmBw2ZAxzQZpedpump,HIGGSCAT,RUGGED,0.0000e+00,0.0000e+00,28.15,,0,0,,,0,0.0,2026-10-04 12:32:10,2026-10-04 12:32:13,12.3,4.8858e-07,0.0,0.92,0.93,CLOSED,rug-liquidity-collapse,0.05,0.04586,0.917
BvKS65jJdtfa84xegmbcbza53AWww9KHGRAg3yRVxs4f,NSI,RUGGED,0.0000e+00,0.0000e+00,31.81,,0,0,,,0,0.0,2026-10-04 12:34:27,2026-10-04 12:34:30,10.0,2.8671e-08,0.38,1.03,1.09,CLOSED,rug-liquidity-collapse,0.05,0.03737,0.747
5RPLj91FY6P9Lz1fhaAq8ZfDYZkh7p88DPwk8i8Uyu4U,higher,RUGGED,0.0000e+00,0.0000e+00,33.96,,0,0,,,0,0.0,2026-10-04 12:35:04,2026-10-04 12:35:07,9.4,2.7983e-08,0.013,0.68,0.98,CLOSED,rug-liquidity-collapse,0.05,0.03103,0.62
C3zZA36QC1RCM8uYL2kNdLChfFHr4xJ9rwaa7oDbpump,a,RUGGED,0.0000e+00,0.0000e+00,28.14,,0,0,,,0,0.0,2026-10-04 12:35:09,2026-10-04 12:35:11,9.3,2.5337e-09,0.0,0.08,1.09,CLOSED,rug-liquidity-collapse,0.05,0.00414,0.083
FkJzeVw9HgKt2y8rpMxRbk4yy2bvuzVxq56zb6Dwpump,FUCKAI,RUGGED,0.0000e+00,0.0000e+00,30.79,,0,0,,,0,0.0,2026-10-04 12:35:34,2026-10-04 12:35:37,8.9,2.8026e-08,0.036,1.04,1.05,CLOSED,rug-liquidity-collapse,0.05,0.04027,0.805
AmQXs96nrGH3Jnx2JiereKtJhk2tj7i9w7UbVh2upump,$Tyrant,RUGGED,0.0000e+00,0.0000e+00,28.38,,0,0,,,0,0.0,2026-10-04 12:35:50,2026-10-04 12:35:52,8.6,2.7959e-08,0.0,0.92,0.92,CLOSED,rug-liquidity-collapse,0.05,0.04535,0.907
ABTWq76hcPtPzp7AimTGz45xZVevxJzQkegVbaHCKmRY,INU,RUGGED,0.0000e+00,0.0000e+00,33.96,,0,0,,,0,0.0,2026-10-04 12:36:55,2026-10-04 12:36:57,7.5,2.7982e-08,0.012,0.64,0.82,CLOSED,rug-liquidity-collapse,0.05,0.02915,0.583
41RpBKTL6AJ1fwBN9M843PvPb5HrhYLw8v2tc9eULive,STREAMED,RUGGED,0.0000e+00,0.0000e+00,28.89,,0,0,,,0,0.0,2026-10-04 12:37:15,2026-10-04 12:37:18,7.2,2.9237e-08,0.678,0.97,0.97,CLOSED,rug-liquidity-collapse,0.05,0.01944,0.389
8ZCDHkMABrHaUoWaWrPfoZbr1rFCZFUfaA5pBSJmtqBa,RCGRAVITY,RUGGED,0.0000e+00,0.0000e+00,27.96,,0,0,,,0,0.0,2026-10-04 12:37:24,2026-10-04 12:37:27,7.0,2.7959e-08,0.0,0.92,0.92,CLOSED,rug-liquidity-collapse,0.05,0.04316,0.863
GuQDDDNaXR2SqbQhckMwb7i6uiXcMRMoPgPXxPPpump,ORANGE,RUGGED,0.0000e+00,0.0000e+00,31.72,,0,0,,,0,0.0,2026-10-04 12:37:36,2026-10-04 12:37:39,6.8,2.7959e-08,0.0,0.92,0.92,CLOSED,rug-liquidity-collapse,0.05,0.04057,0.811
Ch8e8YowxqvPyDPb3wqe3kcn1fciD85nuraZAqfE2Hku,CLAUDIA,RUGGED,0.0000e+00,0.0000e+00,31.81,,0,0,,,0,0.0,2026-10-04 12:37:38,2026-10-04 12:37:40,6.8,2.8011e-08,0.028,1.03,1.09,CLOSED,rug-liquidity-collapse,0.05,0.03741,0.748
GeWGB466pcYxdaKoRvF3mjW3eieU2ksa5urpUBQr8jgB,PRIVACY,RUGGED,0.0000e+00,0.0000e+00,27.96,,0,0,,,0,0.0,2026-10-04 12:37:45,2026-10-04 12:37:47,6.7,2.8030e-08,0.038,0.92,0.93,CLOSED,rug-liquidity-collapse,0.05,0.04327,0.865
F8vQMkvUdSoww3trxxUoQh5AecTuQhcsY1RDaw1pump,GAO,RUGGED,0.0000e+00,0.0000e+00,28.24,,0,0,,,0,0.0,2026-10-04 12:37:59,2026-10-04 12:38:01,6.5,2.7959e-08,0.0,0.92,0.92,CLOSED,rug-liquidity-collapse,0.05,0.04559,0.912
HwrGatp2Tn4AzRi2jgbXQKatPcMrFSWakWA4WPvSpump,Jain,RUGGED,0.0000e+00,0.0000e+00,28.89,,0,0,,,0,0.0,2026-10-04 12:38:04,2026-10-04 12:38:06,6.4,2.7975e-08,0.009,0.92,0.92,CLOSED,rug-liquidity-collapse,0.05,0.04459,0.892
6dk1FwN9Fe2863eZiQqTSpF3Y65w9JxKmGkYFCe4CVPT,UMESH,RUGGED,0.0000e+00,0.0000e+00,27.96,,0,0,,,0,0.0,2026-10-04 12:38:04,2026-10-04 12:38:06,6.4,2.7959e-08,0.0,0.92,0.92,CLOSED,rug-liquidity-collapse,0.05,0.04316,0.863
CxCAtvfbiTsj5xuGmepAU4wza9q1LNYQxZpAuyord4BT,SOLCAT,RUGGED,0.0000e+00,0.0000e+00,33.83,,0,0,,,0,0.0,2026-10-04 12:38:12,2026-10-04 12:38:15,6.2,2.7959e-08,0.0,0.92,0.92,CLOSED,rug-liquidity-collapse,0.05,0.03385,0.677
AN2WRfZaWiDWrTcvRkmBJayp2QE18ecZ3x8s6v6mCMoY,DUVE,RUGGED,0.0000e+00,0.0000e+00,33.96,,0,0,,,0,0.0,2026-10-04 12:38:15,2026-10-04 12:38:17,6.2,2.7959e-08,0.0,0.69,0.74,CLOSED,rug-liquidity-collapse,0.05,0.02914,0.583
27RVsyj5CMuezYAAD54MapVL324btBfqUKite9wec4Fa,GRANG,RUGGED,0.0000e+00,0.0000e+00,27.96,,0,0,,,0,0.0,2026-10-04 12:38:25,2026-10-04 12:38:28,6.0,2.7959e-08,0.0,0,0,CLOSED,rug-liquidity-collapse,0.05,0.04316,0.863
ABJYopJgs2jCDxSRCJmpLMKBG4mjahLSgP4sSLYYpump,a,RUGGED,0.0000e+00,0.0000e+00,28.33,,0,0,,,0,0.0,2026-10-04 12:38:25,2026-10-04 12:38:28,6.0,1.8380e-09,0.0,0,0,CLOSED,rug-liquidity-collapse,0.05,0.00298,0.06
9fbcitN2FhjhwQG2ZBf7WAtxwsSJkwJShwFjwiabTGac,OWL,RUGGED,3.1811e-08,5.3260e-08,31.81,,49.64,6029,,,9.974,1211.35,2026-10-04 12:44:29,2026-10-04 12:44:31,0.2,2.8740e-08,0.416,1.06,1.06,CLOSED,rug-liquidity-collapse,0.05,0.02668,0.534
5C9NPnDbx3QsUfHrxx8iAcSpr9ZKAAYnwnRjChW6pump,BUQQI,RUGGED,3.6867e-08,3.9562e-08,36.87,,36.87,4477,,,4.449,540.33,2026-10-04 12:44:40,2026-10-04 12:44:43,0.1,2.7959e-08,0.0,0,0,CLOSED,rug-liquidity-collapse,0.05,0.03494,0.699
FK99vXAbo1JLarhksEDg6WrvUjFVas9d9VSQB7KDpump,CATE,RUGGED,2.9854e-08,4.3833e-08,29.85,,40.85,4961,,,6.262,760.52,2026-10-04 12:44:37,2026-10-04 12:44:39,0.2,2.9357e-08,0.741,0.84,0.84,CLOSED,rug-liquidity-collapse,0.05,0.03311,0.662
BoXQm952xKmunCDtniDCzVjBRFwQKv1gbAX2awYppump,TESSA,RUGGED,0.0000e+00,0.0000e+00,28.52,,0,0,,,0,0.0,2026-10-04 12:23:38,2026-10-04 12:23:40,21.3,2.7975e-08,0.009,0.9,0.92,CLOSED,rug-liquidity-collapse,0.05,0.04406,0.881
6vDdg7ysxz8ZsZtGX4wkJi4Xq1DJmKF1mJNbdxr2pump,AMM,RUGGED,2.9830e-08,3.2036e-08,29.83,,29.85,3625,,,0.997,121.13,2026-10-04 12:44:38,2026-10-04 12:44:42,0.4,2.7976e-08,0.009,0.92,0.92,CLOSED,rug-liquidity-collapse,0.05,0.04316,0.863
2dkbynn6JY7DLjR7DzAzSYCQvCtyhYXbLfGFL1tYpump,REX,RUGGED,2.8143e-08,3.0207e-08,28.14,,28.14,3418,,,0.099,12.0,2026-10-04 12:44:42,2026-10-04 12:44:45,0.5,3.8609e-08,0.0,1.27,1.27,CLOSED,rug-liquidity-collapse,0.05,0.06317,1.263
EEGcQUdBAdjwb4wnmHwetrnjXSMmCuQgt3jAUozNrWNP,CZCROCS,RUGGED,0.0000e+00,0.0000e+00,31.81,,0,0,,,0,0.0,2026-10-04 12:36:32,2026-10-04 12:36:35,8.8,2.7979e-08,0.011,0.8,0.89,CLOSED,rug-liquidity-collapse,0.05,0.03989,0.798
G9ggHoCGfTSz3gqiWqohk67W1bBH222iVzcEPP5METsh,SARAHUQ,RUGGED,2.7959e-08,4.0601e-08,27.96,,37.84,4595,,,4.899,594.96,2026-10-04 12:45:13,2026-10-04 12:45:16,0.1,2.7977e-08,0.01,0,0,CLOSED,rug-liquidity-collapse,0.05,0.03407,0.681
3ptr6CUAvq8WeVfStupFDUiNLYLP9AmHHP364nQ9zo2Y,HIEIOEJEJE,RUGGED,2.7959e-08,3.2037e-08,27.96,,29.85,3625,,,0.998,121.15,2026-10-04 12:44:32,2026-10-04 12:44:34,0.9,2.7959e-08,0.0,0.92,0.92,CLOSED,rug-liquidity-collapse,0.05,0.04313,0.863
EnwPQsb5qYVt5SP6g1jQHQgY79gH6TR85gRRUrrEpump,SPEED,RUGGED,2.8329e-08,3.2119e-08,28.33,,29.93,3635,,,1.038,126.01,2026-10-04 12:45:18,2026-10-04 12:45:21,0.1,2.8575e-08,0.329,0,0,CLOSED,rug-liquidity-collapse,0.05,0.04397,0.879
DKidqCcqb9Pyp8k1EJx17Wg7Li3TQCAwi4EcZQDupump,NPC,RUGGED,3.1762e-08,3.6627e-08,31.76,,34.13,4145,,,3.146,382.06,2026-10-04 12:44:57,2026-10-04 12:44:59,0.5,2.7959e-08,0.0,0.85,0.86,CLOSED,rug-liquidity-collapse,0.05,0.03773,0.755
6srpRyJXzhpTH9K1C9VVTFCVAjnUsu9cVecPdn3bpump,song,RUGGED,3.1720e-08,2.1262e-08,31.72,,19.79,2404,,,1.221,148.32,2026-10-04 12:45:13,2026-10-04 12:45:16,0.2,3.9172e-08,0.049,2.14,2.14,CLOSED,rug-liquidity-collapse,0.05,0.10065,2.013
7oCmw13vfJmpdtp4aiq1HUBRv2tiBa82YeBQBX8opump,Colony,RUGGED,2.9830e-08,3.0773e-08,29.83,,28.67,3482,,,0.379,46.09,2026-10-04 12:45:24,2026-10-04 12:45:27,0.1,2.7976e-08,0.009,0,0,CLOSED,rug-liquidity-collapse,0.05,0.04493,0.898
BYtpgKA5CpDPxqVddUjADCJ4Sa3kTXgytH1ZcVRYpump,🟥🟪,RUGGED,2.9830e-08,3.2016e-08,29.83,,29.83,3623,,,0.988,119.95,2026-10-04 12:45:02,2026-10-04 12:45:05,0.5,2.7976e-08,0.009,0.92,0.92,CLOSED,rug-liquidity-collapse,0.05,0.04319,0.864
Eb1EhpyhpV3MNhfYrXa8goqVUoPxFCSUYSh9Ut7BweG4,GHEEZ,RUGGED,3.7921e-08,4.0693e-08,37.92,,37.92,4606,,,4.938,599.75,2026-10-04 12:45:25,2026-10-04 12:45:28,0.1,2.8209e-08,0.134,0,0,CLOSED,rug-liquidity-collapse,0.05,0.03427,0.685
DctfNtGHzudLET7PxxyCtWuaLPhAPpeCyRMseMJbpump,Origin,RUGGED,0.0000e+00,0.0000e+00,28.75,,0,0,,,0,0.0,2026-10-04 12:38:02,2026-10-04 12:38:05,7.6,2.7959e-08,0.0,0.91,0.92,CLOSED,rug-liquidity-collapse,0.05,0.04471,0.894
DZ7jfSP7ZbQdUX8CNMrAXExxkg45bst7JtB2rm6iJRLA,wisecat,RUGGED,3.5912e-08,4.5241e-08,35.91,,42.16,5121,,,6.84,830.76,2026-10-04 12:45:30,2026-10-04 12:45:33,0.1,3.1723e-08,1.956,0,0,CLOSED,rug-liquidity-collapse,0.05,0.03467,0.693
F9JJtkjuPv41d2u1aoYKnmzMTQ9NmNFbZYnEyuNWpump,LURE,RUGGED,3.0789e-08,3.0282e-08,30.79,,28.21,3427,,,0.136,16.54,2026-10-04 12:45:30,2026-10-04 12:45:33,0.1,2.7959e-08,0.0,0,0,CLOSED,rug-liquidity-collapse,0.05,0.04563,0.912
HMzfZ6cJaKRgo8grUXgGghojRhKdAUQFTr5gxvTdpump,STAR,RUGGED,3.4783e-08,2.9847e-08,34.78,,27.8,3377,,,2.772,336.68,2026-10-04 12:45:38,2026-10-04 12:45:41,0.1,3.4815e-08,0.0,0,0,CLOSED,rug-liquidity-collapse,0.05,0.05764,1.153
5kkgndKdgtPLdM62DV2MZ2uhPRJJfDFUg9128yjJpump,HIGGSDOG,RUGGED,2.8153e-08,5.2725e-07,28.15,,491.96,59749,,,1.813,220.16,2026-10-04 12:45:01,2026-10-04 12:45:04,0.8,4.8858e-07,0.0,0.92,0.92,CLOSED,rug-liquidity-collapse,0.05,0.04586,0.917
41xYE5MLv7Df5shBeiM8nCDqj1AnnCgHafkoxzJipump,PUMPDOG,RUGGED,2.8070e-08,3.5420e-08,28.07,,33.01,4009,,,0.07,8.46,2026-10-04 12:44:53,2026-10-04 12:44:55,1.0,3.0206e-10,0.047,0.02,1.08,CLOSED,rug-liquidity-collapse,0.05,0.00042,0.008
AFEcXHsFnVYkKTte8foK6tShZoPZASy8JyHQXo5tpump,OWL,RUGGED,3.0789e-08,3.9082e-08,30.79,,36.42,4423,,,4.239,514.86,2026-10-04 12:45:16,2026-10-04 12:45:18,0.6,2.7959e-08,0.0,0.82,1.03,CLOSED,rug-liquidity-collapse,0.05,0.03536,0.707
3n6oECGfSFDDpTh5szFrVhzpudYRWiQHgiu4HgAKce3x,INUV,RUGGED,2.7987e-08,3.0366e-08,27.99,,28.29,3436,,,0.178,21.59,2026-10-04 12:45:16,2026-10-04 12:45:20,0.9,2.8050e-08,0.049,0.93,0.93,CLOSED,rug-liquidity-collapse,0.05,0.04565,0.913
HTiica7oMZJRq52ictvk1CaBiwUbSrR1scJFHhGXRURy,RAIN,RUGGED,2.7959e-08,3.1490e-08,27.96,,29.34,3563,,,0.732,88.88,2026-10-04 12:45:47,2026-10-04 12:45:50,0.4,2.7959e-08,0.0,0.9,0.92,CLOSED,rug-liquidity-collapse,0.05,0.04388,0.878
13ENVBgKd3AQHxiCabYE28qtA5dYTBxfPraJt9G547ZB,memecoin,RUGGED,2.8728e-08,4.6960e-09,28.73,,4.34,527,,,0.176,21.42,2026-10-04 12:46:06,2026-10-04 12:46:09,0.1,4.1100e-09,0.059,0,0,CLOSED,rug-liquidity-collapse,0.05,0.04289,0.858
GRNiWeUYtgKB2QqTV6YRzseyDAc7jEL1R5zQ5eu9maB2,AI,RUGGED,3.5912e-08,4.6134e-08,35.91,,42.99,5222,,,7.202,874.71,2026-10-04 12:46:09,2026-10-04 12:46:12,0.1,2.7959e-08,0.0,0,0,CLOSED,rug-liquidity-collapse,0.05,0.02996,0.599
3T7Ld4MngJHdSpnhwKrRQCvSBe9zX1bjo7tfCKmWpump,CATE,RUGGED,2.9854e-08,4.0062e-08,29.85,,37.33,4534,,,4.666,566.71,2026-10-04 12:46:07,2026-10-04 12:46:10,0.2,2.7959e-08,0.0,0.92,0.92,CLOSED,rug-liquidity-collapse,0.05,0.0345,0.69
E8hjgYjkbDq5caDCrhswaWR6xWT16rD2RXQyCHxKxTYq,swordcat,RUGGED,3.1811e-08,4.7680e-08,31.81,,44.44,5397,,,7.821,949.87,2026-10-04 12:45:57,2026-10-04 12:46:01,0.5,3.4010e-08,3.088,1.07,1.36,CLOSED,rug-liquidity-collapse,0.05,0.03527,0.705
GCy7gLSKHBHuju5UN7kuyJRVf8UwgGD1GbGxFCPtjKME,WKTC,RUGGED,0.0000e+00,0.0000e+00,28.11,,0,0,,,0,0.0,2026-10-04 12:37:26,2026-10-04 12:37:29,9.1,2.7959e-08,0.0,0.92,0.92,CLOSED,rug-liquidity-collapse,0.05,0.04465,0.893
GwacUe7PEigYspwgnuqR3EtbzZE3xgnWTzaVGDpLSvtD,SF,RUGGED,2.9854e-08,3.2042e-08,29.85,,29.85,3626,,,1.0,121.45,2026-10-04 12:46:26,2026-10-04 12:46:29,0.1,2.7959e-08,0.0,0,0,CLOSED,rug-liquidity-collapse,0.05,0.04313,0.862
DhbvW6WtWX8WoHF3rH8QdSgy17Gi44JFADDXfTZMpump,mmrich,RUGGED,2.8142e-08,2.3381e-08,28.14,,21.77,2644,,,0.468,56.85,2026-10-04 12:46:27,2026-10-04 12:46:29,0.3,2.9613e-08,0.0,1.21,1.21,CLOSED,rug-liquidity-collapse,0.05,0.06256,1.251
Cut9JgxDFyV8uN38nJrgcJXBQCkr99RjQhvbzBBppump,kimchi,RUGGED,3.0789e-08,3.3044e-08,30.79,,30.79,3739,,,1.481,179.93,2026-10-04 12:46:26,2026-10-04 12:46:28,0.5,2.7959e-08,0.0,0.92,0.92,CLOSED,rug-liquidity-collapse,0.05,0.04182,0.836
45pNqnTAjTzwpc3CDWFcbG7JJjRJWWLpMmik3JahqKJV,Aiden,RUGGED,3.3830e-08,4.6875e-08,33.83,,43.69,5306,,,7.5,910.88,2026-10-04 12:46:27,2026-10-04 12:46:29,0.5,2.8076e-08,0.063,0.75,0.75,CLOSED,rug-liquidity-collapse,0.05,0.02961,0.592
A6fQ4VjCQ9uR3ENw2v9X9C9jRbTrbG57o3uDGMkHpump,VEIL,RUGGED,0.0000e+00,0.0000e+00,28.49,,0,0,,,0,0.0,2026-10-04 12:33:39,2026-10-04 12:33:41,13.3,2.7959e-08,0.0,0.92,0.92,CLOSED,rug-liquidity-collapse,0.05,0.04564,0.913
4Y8T8MqCK4wsU8jsqXybG7KUFZhey9PZCAQoAukER5wJ,CRAWLNET,RUGGED,2.7959e-08,3.2037e-08,27.96,,29.85,3625,,,0.998,121.15,2026-10-04 12:45:54,2026-10-04 12:45:56,1.1,2.7959e-08,0.0,0.92,0.92,CLOSED,rug-liquidity-collapse,0.05,0.04313,0.863
6j3ACyqEkkSYJzNtYzm25VAeiAyGn1XBt8zoTin5pump,Claudia,RUGGED,3.0789e-08,3.9005e-08,30.79,,36.35,4414,,,4.205,510.74,2026-10-04 12:46:36,2026-10-04 12:46:38,0.5,2.8007e-08,0.026,0.83,1.04,CLOSED,rug-liquidity-collapse,0.05,0.0355,0.71
kQ595cUGW4yYQLMNrKFMKfpGZyddkg22F8rVVLGpump,Aiden,RUGGED,3.2698e-08,3.5091e-08,32.7,,32.7,3971,,,2.443,296.68,2026-10-04 12:46:19,2026-10-04 12:46:21,0.8,2.8118e-08,0.085,0.93,0.93,CLOSED,rug-liquidity-collapse,0.05,0.03961,0.792
GCMkbJyBH8N85fCSLopfzwf45zMSS5eDCFYd7XmQaGe,UPPO,RUGGED,2.7959e-08,3.2037e-08,27.96,,29.85,3625,,,0.998,121.15,2026-10-04 12:46:14,2026-10-04 12:46:17,0.9,2.7959e-08,0.0,0.92,0.92,CLOSED,rug-liquidity-collapse,0.05,0.04313,0.863
3K38vhTRZmVYL3BNYpAJk19KA6iUmyhEVXpfsdGCpump,RICK,RUGGED,3.1720e-08,2.4276e-08,31.72,,22.61,2746,,,1.394,169.3,2026-10-04 12:47:02,2026-10-04 12:47:04,0.1,9.8549e-09,0.028,0,0,CLOSED,rug-liquidity-collapse,0.05,0.02005,0.401
8joenuJnvqwmvaBMcaCoq531pV6Ctnycb2buGHdwhK2y,SI,RUGGED,2.8514e-08,3.0605e-08,28.51,,28.51,3463,,,0.296,35.99,2026-10-04 12:46:16,2026-10-04 12:46:18,1.0,2.7959e-08,0.0,0.92,0.92,CLOSED,rug-liquidity-collapse,0.05,0.04515,0.903
5vPn9vQeUcqonDedN5VskND6kZviSK8Rp1FngZsPpump,TR4CE,RUGGED,2.8747e-08,3.0914e-08,28.75,,28.8,3498,,,0.449,54.54,2026-10-04 12:46:48,2026-10-04 12:46:50,0.6,2.7959e-08,0.0,0.92,0.92,CLOSED,rug-liquidity-collapse,0.05,0.0447,0.894
6zC7WmyeL9zoQFVZaC7ojbAFkXKDaPq4rrtTTKgspump,SIWIF,RUGGED,3.0794e-08,3.5448e-08,30.79,,33.03,4012,,,2.607,316.66,2026-10-04 12:47:15,2026-10-04 12:47:18,0.2,2.8509e-08,0.293,0.92,0.92,CLOSED,rug-liquidity-collapse,0.05,0.03975,0.795
ATXck9G8UXEfDEuVKByrJc2jiq4e1UwkLbuYmFiRpump,THAT,RUGGED,2.8143e-08,3.0207e-08,28.14,,28.14,3418,,,0.099,12.0,2026-10-04 12:46:58,2026-10-04 12:47:01,0.6,3.4968e-08,0.02,1.15,1.15,CLOSED,rug-liquidity-collapse,0.05,0.05721,1.144
6xPRQXp741UTyxHGfXzAfZ1yRzSW55ibvaPEDByDpump,DOREL,RUGGED,2.8421e-08,3.3533e-08,28.42,,31.24,3795,,,1.714,208.11,2026-10-04 12:47:38,2026-10-04 12:47:40,0.1,2.8421e-08,0.247,0,0,CLOSED,rug-liquidity-collapse,0.05,0.04189,0.838
HiRt3wZuKfauS99Fua7HKLz8P8YG3tPBZiZGvQcWKTeT,MALPHA,RUGGED,2.7959e-08,3.0904e-08,27.96,,28.79,3497,,,0.444,53.98,2026-10-04 12:47:24,2026-10-04 12:47:26,0.4,2.7959e-08,0.0,0.92,0.92,CLOSED,rug-liquidity-collapse,0.05,0.04471,0.894
DpcjzKtjoDGhLce2FNkB2N5qrgBKCfKFx94CAp9rBDGw,GANPATRAO,RUGGED,2.7959e-08,3.2016e-08,27.96,,29.83,3623,,,0.988,119.95,2026-10-04 12:46:55,2026-10-04 12:46:57,1.0,2.7959e-08,0.0,0.92,0.92,CLOSED,rug-liquidity-collapse,0.05,0.04316,0.863
Db1sXxPyX92tqY3RLANpdvz1EcnPSXZ1HPwDQs5eBNRp,Claudia,RUGGED,3.3830e-08,5.6117e-08,33.83,,52.31,6353,,,11.033,1339.97,2026-10-04 12:47:47,2026-10-04 12:47:49,0.2,3.1468e-08,1.827,0.73,0.73,CLOSED,rug-liquidity-collapse,0.05,0.02773,0.555
9dAeLa9DzuLm2VR6Ka5br5J8jAMzKLy7nMMRjfyFpump,Aiden,RUGGED,3.0789e-08,3.9194e-08,30.79,,36.52,4436,,,4.288,520.83,2026-10-04 12:47:46,2026-10-04 12:47:48,0.3,2.7959e-08,0.0,0.87,0.87,CLOSED,rug-liquidity-collapse,0.05,0.03526,0.705
5NTikzFb6f41b3J76q7LkbheK7CJZoKLSyM5BCTkpump, LETCOOK,RUGGED,2.8719e-08,3.0824e-08,28.72,,28.72,3488,,,0.405,49.18,2026-10-04 12:46:32,2026-10-04 12:46:34,1.7,2.7959e-08,0.0,0.92,0.92,CLOSED,rug-liquidity-collapse,0.05,0.04483,0.896
EuHSyKx6BhsNwquj3bHMn4QCoFLKsvqhqev9b7CujV7S,RAM,RUGGED,3.3957e-08,5.2477e-08,33.96,,48.91,5940,,,9.679,1175.52,2026-10-04 12:47:34,2026-10-04 12:47:37,0.7,2.9369e-08,0.747,0.63,0.98,CLOSED,rug-liquidity-collapse,0.05,0.02767,0.553
95V9Ciu7Hnm2pmwj61xVQ5ZyRWtNs86zdz9UEQDApump,CATE,RUGGED,2.9854e-08,4.1146e-08,29.85,,38.34,4657,,,5.132,623.33,2026-10-04 12:48:05,2026-10-04 12:48:07,0.2,2.7959e-08,0.0,0.89,0.89,CLOSED,rug-liquidity-collapse,0.05,0.03359,0.672
T2NvaiX1s8UrBjJwXf1uGZBEL242bJBjwM4jXMk1tXB,QIANCHEFU,RUGGED,2.7959e-08,3.2016e-08,27.96,,29.83,3623,,,0.988,119.95,2026-10-04 12:47:16,2026-10-04 12:47:18,1.1,2.7959e-08,0.0,0.92,0.92,CLOSED,rug-liquidity-collapse,0.05,0.04316,0.863
8N3E83xriAHSmb1iFFvmuzgZPDDMTd48SQGqjtofe4L1,QUDIN,RUGGED,2.7983e-08,3.0073e-08,27.98,,28.02,3403,,,0.032,3.85,2026-10-04 12:48:20,2026-10-04 12:48:22,0.1,2.7959e-08,0.0,0,0,CLOSED,rug-liquidity-collapse,0.05,0.04594,0.919
F46JvwVUzsQxWwtNdG6WxA8ATBvy4Vo4xHS5rtwJM8nP,SELTRYS,RUGGED,2.7959e-08,3.2037e-08,27.96,,29.85,3625,,,0.998,121.15,2026-10-04 12:47:36,2026-10-04 12:47:38,1.0,2.7959e-08,0.0,0.92,0.92,CLOSED,rug-liquidity-collapse,0.05,0.04313,0.863
7LnnbfF3kKgEQum2jg33hWqgHwpbwKtBXXX65asUpump,DORELCAT,RUGGED,2.8152e-08,5.2724e-07,28.15,,491.96,59749,,,1.811,219.89,2026-10-04 12:48:20,2026-10-04 12:48:23,0.3,4.8858e-07,0.0,0.92,0.92,CLOSED,rug-liquidity-collapse,0.05,0.04586,0.917
HfP6qF5eqiVo1jMzqqJerFQeMsJGgxtipDoUc4JLpump,34%,RUGGED,3.1720e-08,3.6836e-08,31.72,,34.33,4169,,,2.114,256.73,2026-10-04 12:48:36,2026-10-04 12:48:38,0.1,7.2670e-09,0.101,0,0,CLOSED,rug-liquidity-collapse,0.05,0.00975,0.195
BtC4V6gZwJJ1DD5JEZMPbyDU5KeVpJNkJkG6QXtcpump,JEANPHIL,RUGGED,2.8747e-08,3.1006e-08,28.75,,28.89,3508,,,0.494,60.05,2026-10-04 12:48:28,2026-10-04 12:48:30,0.4,2.8348e-08,0.208,1.08,1.08,CLOSED,rug-liquidity-collapse,0.05,0.04518,0.904
DXxfxStQiB6q94KmGwDQosdUWka8VSbThcAjU6cspump,superint,RUGGED,2.9074e-08,3.1206e-08,29.07,,29.07,3531,,,0.593,71.97,2026-10-04 12:48:39,2026-10-04 12:48:42,0.3,2.7959e-08,0.0,0.92,0.92,CLOSED,rug-liquidity-collapse,0.05,0.04428,0.885
65aZraZuLpV1Q6mUVoHb2jN7P8uABRpQnajRLQVpump,?,RUGGED,3.1217e-08,3.3504e-08,31.22,,31.22,3791,,,1.7,206.47,2026-10-04 12:47:38,2026-10-04 12:47:40,1.4,2.7959e-08,0.0,0.92,0.92,CLOSED,rug-liquidity-collapse,0.05,0.04125,0.825
GTr9HwBHabrRyJHbEgtruUHt3ErBUpoePWBcgjkVW6jC,CRYPTTFLUX,RUGGED,2.7959e-08,3.2016e-08,27.96,,29.83,3623,,,0.988,119.95,2026-10-04 12:47:57,2026-10-04 12:47:59,1.1,2.7959e-08,0.0,0.92,0.92,CLOSED,rug-liquidity-collapse,0.05,0.04316,0.863
14bSp3ER6HX9axqSz2tivYBfG8Gvs93StYVMqCEZpump,?,RUGGED,3.1217e-08,3.3504e-08,31.22,,31.22,3791,,,1.7,206.47,2026-10-04 12:48:47,2026-10-04 12:48:50,0.4,2.7959e-08,0.0,0.92,0.92,CLOSED,rug-liquidity-collapse,0.05,0.04125,0.825
Bbezt7PWcew6oe9zViWwR7DDpgBVeLsmgiBW8wVpump,UNDERMRKT,RUGGED,2.9262e-08,3.1407e-08,29.26,,29.26,3554,,,0.691,83.97,2026-10-04 12:46:55,2026-10-04 12:46:57,2.6,2.7959e-08,0.0,0.91,0.92,CLOSED,rug-liquidity-collapse,0.05,0.044,0.88
9eUHtmyY9srUxY8dSTSyZE3BUVANsDrsHkYh6vGhM2AB,RAM,RUGGED,3.3957e-08,4.4790e-08,33.96,,41.74,5070,,,6.656,808.41,2026-10-04 12:48:51,2026-10-04 12:48:54,0.6,3.3058e-08,2.621,0.92,0.99,CLOSED,rug-liquidity-collapse,0.05,0.03649,0.73
AMShZyxyRqGGgwoHT5LKD8D2xuUetFd99msj4k6z35TS,OBUMPA,RUGGED,2.7959e-08,3.2016e-08,27.96,,29.83,3623,,,0.988,119.95,2026-10-04 12:48:38,2026-10-04 12:48:41,1.1,2.7959e-08,0.0,0.92,0.92,CLOSED,rug-liquidity-collapse,0.05,0.04316,0.863
5voDKrcm9aH1muGCUkj4JidPNPYNcvtpnnnYUcNrpump,dap,RUGGED,3.1720e-08,3.4043e-08,31.72,,31.72,3852,,,1.954,237.35,2026-10-04 12:49:30,2026-10-04 12:49:32,0.5,2.7959e-08,0.0,0.91,0.93,CLOSED,rug-liquidity-collapse,0.05,0.04059,0.812
A8Eh3nmTMyGhx6MDZj2PWKamSL4xgmZ94LtbTu7opump,T,RUGGED,0.0000e+00,0.0000e+00,28.04,,0,0,,,0,0.0,2026-10-04 12:37:58,2026-10-04 12:38:01,12.1,2.7959e-08,0.0,0.92,0.92,CLOSED,rug-liquidity-collapse,0.05,0.04591,0.918
3HZWYNHHJDQrNtqo7gLkityE4VNfrQsTjDngVWsmmTu3,MARSKING,RUGGED,2.7959e-08,3.4935e-08,27.96,,32.55,3953,,,2.37,287.88,2026-10-04 12:49:03,2026-10-04 12:49:06,1.0,2.8118e-08,0.085,0.85,0.87,CLOSED,rug-liquidity-collapse,0.05,0.03978,0.796
AFVXacbWgYSXv1TYwu5sfvEZL9Ege1ypN59zpXmEpump,UFO,RUGGED,2.9830e-08,3.2016e-08,29.83,,29.83,3623,,,0.988,119.95,2026-10-04 12:49:31,2026-10-04 12:49:34,0.7,2.7959e-08,0.0,0.92,0.92,CLOSED,rug-liquidity-collapse,0.05,0.04316,0.863
6E1DNd6Uaz1X13KZqwkDEQMesU6ctQHEy9Q4Py7aWq1Y,JEANPHIL,RUGGED,3.5912e-08,5.5194e-08,35.91,,51.44,6248,,,10.694,1298.78,2026-10-04 12:48:22,2026-10-04 12:48:25,1.9,3.3341e-08,2.761,0.76,1.06,CLOSED,rug-liquidity-collapse,0.05,0.02987,0.597
9o3rxBknnGsJAxGKyutqjcdH9SNeGeB1eLQp6ReGpump,NOOB,RUGGED,2.8143e-08,3.0207e-08,28.14,,28.14,3418,,,0.099,12.0,2026-10-04 12:49:16,2026-10-04 12:49:18,1.0,3.7912e-08,0.0,1.25,1.25,CLOSED,rug-liquidity-collapse,0.05,0.06203,1.24
8tzveyAcCfRNuV1toJZKd2Zrh4yFxFcWe7c1CqNEpump,BBC,RUGGED,2.8144e-08,2.8468e-08,28.14,,26.52,3221,,,0.093,11.33,2026-10-04 12:49:49,2026-10-04 12:49:51,0.5,1.3802e-08,0.102,0.78,1.61,CLOSED,rug-liquidity-collapse,0.05,0.02395,0.479
EQXEv7M1yucQb36S9Lsq7KTWqBWkpZQ33Vgkh5jgpump,SLTHSTR,RUGGED,3.4001e-08,3.0978e-08,34.0,,28.86,3505,,,0.481,58.4,2026-10-04 12:48:17,2026-10-04 12:48:19,2.1,2.8162e-08,0.109,0.92,0.92,CLOSED,rug-liquidity-collapse,0.05,0.04493,0.898
5ijdJ7U2TqyQViGyKFNjeCPH2SEQHSMKE8BGmKULpump,Pet,RUGGED,2.9830e-08,3.5472e-08,29.83,,33.05,4014,,,2.618,317.99,2026-10-04 12:49:21,2026-10-04 12:49:24,1.0,2.7959e-08,0.0,0.86,0.91,CLOSED,rug-liquidity-collapse,0.05,0.03896,0.779
4h7Q2ePEABYeHNzBAyUtheQw8jTXrxHKUNQ5A5EBpump,HIGGS,RUGGED,2.8488e-08,3.0807e-08,28.49,,28.7,3486,,,0.397,48.16,2026-10-04 12:49:06,2026-10-04 12:49:09,1.3,2.7989e-08,0.016,0.92,0.92,CLOSED,rug-liquidity-collapse,0.05,0.0449,0.898
3DDKsAdH8P31YRKvM4tw9K6geYFcoXLasqrcPQQmpump,MCH,RUGGED,3.3440e-08,1.8475e-08,33.44,,17.19,2088,,,1.532,186.11,2026-10-04 12:49:44,2026-10-04 12:49:47,0.7,3.4383e-09,0.0,0.23,0.67,CLOSED,rug-liquidity-collapse,0.05,0.00919,0.184
rxvPy8xq3Ghpz4Tf27NbzGTi173wDLVxZhmqFBkpump,SICOIN,RUGGED,2.8146e-08,2.7320e-08,28.15,,25.45,3091,,,0.09,10.98,2026-10-04 12:49:35,2026-10-04 12:49:37,1.0,1.0738e-09,0.104,0.07,4.3,CLOSED,rug-liquidity-collapse,0.05,0.19375,3.875
ayvwEUtsRj4XCmrJ8WfwhuvEJTUitcQ1bgsRQ7Q8wez,POKESHABI,RUGGED,2.7959e-08,3.2016e-08,27.96,,29.83,3623,,,0.988,119.95,2026-10-04 12:49:40,2026-10-04 12:49:42,0.9,2.7959e-08,0.0,0.92,0.93,CLOSED,rug-liquidity-collapse,0.05,0.04316,0.863
6UAuSjtgc8jMHW7YTK7sUtbcRETaJvHCXayajk1Apump,p0nd,RUGGED,3.1762e-08,3.4438e-08,31.76,,32.09,3897,,,2.139,259.82,2026-10-04 12:49:40,2026-10-04 12:49:42,1.0,2.7959e-08,0.0,0.91,0.91,CLOSED,rug-liquidity-collapse,0.05,0.04013,0.802
HFvqrTfVrd2Ex2n8dRR5SR2ex4CZEu2h13wpTn6WB9Ld,JEANPHIL,RUGGED,2.7959e-08,3.3896e-08,27.96,,31.58,3836,,,1.885,228.97,2026-10-04 12:50:15,2026-10-04 12:50:18,0.4,3.6870e-08,4.451,1.66,2.16,CLOSED,rug-liquidity-collapse,0.05,0.08644,1.729
9s8jtisNxrQySbmBpaAh4A5JBWqbw7LHiFK1zNjDpump,HANS,RUGGED,2.9525e-08,3.3478e-08,29.53,,31.19,3789,,,0.876,106.35,2026-10-04 12:50:33,2026-10-04 12:50:36,0.1,4.1619e-08,0.0,0,0,CLOSED,rug-liquidity-collapse,0.05,0.06145,1.229
HNvE9ZcWqEvTjYAreYo96eoqLyztfZ7hTLGuvjkspump,MinersRH,RUGGED,2.9830e-08,3.2016e-08,29.83,,29.83,3623,,,0.988,119.95,2026-10-04 12:50:29,2026-10-04 12:50:31,0.2,2.7959e-08,0.0,0.92,0.92,CLOSED,rug-liquidity-collapse,0.05,0.04316,0.863
EjkDNpdMYwzBa6fDKGYiSaeewS3dCZC5S8cXXfwQXSMW,CHNGUANVU,RUGGED,2.7959e-08,3.2016e-08,27.96,,29.83,3623,,,0.988,119.95,2026-10-04 12:50:00,2026-10-04 12:50:02,0.8,2.7959e-08,0.0,0.92,0.93,CLOSED,rug-liquidity-collapse,0.05,0.04316,0.863
26Xy9x6PXkCWtWgsRkAN9hcbiuy81dP7ZLFA6kfbpump,BTTM,RUGGED,2.8887e-08,3.2969e-08,28.89,,30.72,3731,,,1.446,175.57,2026-10-04 12:50:06,2026-10-04 12:50:09,0.7,2.8513e-08,0.296,0.88,0.88,CLOSED,rug-liquidity-collapse,0.05,0.04274,0.855
8Cc42qUAXbvLNB2vtcJKyDdrXbQdvXsVnQ6B2DNvpump,?,RUGGED,2.7959e-08,4.5814e-09,27.96,,4.23,514,,,0.121,14.72,2026-10-04 12:45:53,2026-10-04 12:45:55,5.0,3.1173e-10,0.085,0.23,0.9,CLOSED,rug-liquidity-collapse,0.05,0.00332,0.066
AZseANbi9iNBvmoEtf7wTapvXA745htCncUG5edeaGQX,stopslop,RUGGED,3.3957e-08,4.2361e-08,33.96,,39.48,4795,,,5.648,685.94,2026-10-04 12:50:16,2026-10-04 12:50:18,0.6,2.8091e-08,0.071,0.73,0.83,CLOSED,rug-liquidity-collapse,0.05,0.03278,0.656
L9ze3iBXngA58e645Me2cHpxeVmc8pMuBEef4WRpump,Dog Think,RUGGED,3.0221e-08,3.4653e-08,30.22,,32.29,3922,,,1.271,154.39,2026-10-04 12:50:45,2026-10-04 12:50:47,0.1,2.4874e-08,0.0,0,0,CLOSED,rug-liquidity-collapse,0.05,0.03548,0.709
95TocX3w5XG1Lc99KySRuNsPFRJmQBkAyn96i17Fpump,SIF,RUGGED,2.8889e-08,3.1007e-08,28.89,,28.89,3509,,,0.495,60.12,2026-10-04 12:46:47,2026-10-04 12:46:50,4.1,2.7959e-08,0.0,0.92,0.92,CLOSED,rug-liquidity-collapse,0.05,0.04456,0.891
mFW8qiqkMBr4dQk23XWrEvyhDdPYd97ysfWoGhXpump,Si,RUGGED,3.1762e-08,3.0894e-08,31.76,,28.78,3496,,,0.44,53.39,2026-10-04 12:49:48,2026-10-04 12:49:50,1.1,3.0242e-08,1.201,1.12,1.14,CLOSED,rug-liquidity-collapse,0.05,0.04837,0.967
HjXLt5pn2zvAMJSePXsBQEzgzgBMqYjoZtbn8ttQpump,JEAN,RUGGED,2.8747e-08,3.4134e-08,28.75,,31.81,3863,,,1.997,242.53,2026-10-04 12:50:06,2026-10-04 12:50:09,0.8,3.5504e-08,3.806,1.54,1.99,CLOSED,rug-liquidity-collapse,0.05,0.0514,1.028
AbRVDGEd5TPP46MjiYYhTuJKSnVzM2KrGn6gfCyF5M1H,launchpad,RUGGED,3.5808e-08,4.5238e-08,35.81,,42.16,5120,,,6.839,830.62,2026-10-04 12:50:53,2026-10-04 12:50:55,0.1,3.3043e-08,2.614,0,0,CLOSED,rug-liquidity-collapse,0.05,0.03611,0.722
82VMSezZPu4Zk1XNYjk5Lag3qCzZUw2Ekjjdo1rZCcbj,Jenny,RUGGED,0.0000e+00,0.0000e+00,33.83,,0,0,,,0,0.0,2026-10-04 12:18:26,2026-10-04 12:18:29,32.6,2.8068e-08,0.058,0.77,2.08,CLOSED,rug-liquidity-collapse,0.05,0.07665,1.533
9oSdRtSbEX5f6wzoowkdWBkUEcSkatrjMomHYTCUpump,SXSN,RUGGED,2.9901e-08,3.8625e-08,29.9,,36.0,4372,,,1.233,149.78,2026-10-04 12:50:56,2026-10-04 12:50:58,0.1,3.2466e-08,0.035,0,0,CLOSED,rug-liquidity-collapse,0.05,0.04155,0.831
3oP1dgE6KGAqiTLsAg5hSc1CKbbz1YB2PT7U8YgzoSoL,AWARDED,RUGGED,2.7977e-08,3.1734e-08,27.98,,29.57,3591,,,0.85,103.29,2026-10-04 12:50:35,2026-10-04 12:50:38,0.5,2.9291e-08,0.706,0.98,0.98,CLOSED,rug-liquidity-collapse,0.05,0.04562,0.912
4Nmntwu56hhyfLv3gGGYwGm9MVp4g3Yv78C7iqmgLrMX,bvxczv06,RUGGED,2.7996e-08,3.0987e-08,28.0,,28.87,3506,,,0.485,58.93,2026-10-04 12:50:59,2026-10-04 12:51:02,0.1,2.7959e-08,0.0,0,0,CLOSED,rug-liquidity-collapse,0.05,0.04459,0.892
3VzhCEJaykeUAEt6YzLAvq5KNz3Hp6syxNpNbEa3AZvR,GUO,RUGGED,2.7959e-08,3.2016e-08,27.96,,29.83,3623,,,0.988,119.95,2026-10-04 12:50:21,2026-10-04 12:50:23,0.8,2.7959e-08,0.0,0.92,0.92,CLOSED,rug-liquidity-collapse,0.05,0.04316,0.863
D1wistLddNnFkqSXtNf8KuMbjDhSYTcN6JYWXGEhpump,BetOnBlak,RUGGED,3.0994e-08,2.9685e-08,30.99,,27.65,3359,,,1.415,171.9,2026-10-04 12:51:05,2026-10-04 12:51:07,0.2,4.1963e-08,0.0,1.55,1.55,CLOSED,rug-liquidity-collapse,0.05,0.06986,1.397
4WKoqQWZ6o9aykoohtSZrysyVUBy93JePyWmkfgUpump,Dots Firm,RUGGED,3.3754e-08,3.7881e-08,33.75,,35.3,4287,,,3.709,450.41,2026-10-04 12:50:55,2026-10-04 12:50:58,0.4,2.7960e-08,0.001,0.89,0.92,CLOSED,rug-liquidity-collapse,0.05,0.03649,0.73
DxwpnpjD9QRcgkUh3u2UA4gXdFya8mkw4b8X7JWmpump,SICOIN,RUGGED,2.8146e-08,2.5658e-08,28.15,,23.9,2902,,,0.085,10.31,2026-10-04 12:50:55,2026-10-04 12:50:58,0.4,5.9986e-09,0.0,0.24,0.38,CLOSED,rug-liquidity-collapse,0.05,0.01155,0.231
F9TP6D5AR6y3DCnrKWnPuMhPyp1SdV7fpbZV6NnZpump,STNRRR,RUGGED,3.6748e-08,1.9118e-08,36.75,,17.79,2161,,,2.147,260.71,2026-10-04 12:51:16,2026-10-04 12:51:18,0.2,4.5169e-08,0.409,2.58,2.58,CLOSED,rug-liquidity-collapse,0.05,0.12413,2.482
5D9RXo3XECQr1G1xtFWCzZSjYiWmL2mvw9DbGNGWpump,BetOnBlak,RUGGED,2.8878e-08,3.3909e-08,28.88,,31.6,3837,,,0.535,64.95,2026-10-04 12:51:22,2026-10-04 12:51:25,0.1,3.0590e-08,0.0,0,0,CLOSED,rug-liquidity-collapse,0.05,0.04459,0.892
7aMZQ49Vq1Yw3fNfoAZRVkHowZAdTEaw1ozUU7ebCPH4,WISECAT,RUGGED,4.2529e-08,3.5891e-08,42.53,,33.44,4062,,,2.811,341.34,2026-10-04 12:45:27,2026-10-04 12:45:30,6.1,2.8210e-08,0.135,0.86,0.94,CLOSED,rug-liquidity-collapse,0.05,0.03885,0.777
F8RfK6tXRtxhSfHNc9dsZd8vRtKi7631MTNdYdtkpump,CHAROC,RUGGED,2.9811e-08,3.4250e-08,29.81,,31.91,3876,,,1.046,127.08,2026-10-04 12:51:31,2026-10-04 12:51:33,0.1,2.8494e-08,0.141,0,0,CLOSED,rug-liquidity-collapse,0.05,0.04112,0.822
H9VJ6YvhUqARD57WoSrfKazGxhfgiiWA77sT2R55pump,SICOIN,RUGGED,2.8146e-08,4.5661e-08,28.15,,42.56,5169,,,0.151,18.37,2026-10-04 12:51:29,2026-10-04 12:51:31,0.3,2.4754e-08,0.0,0.52,0.69,CLOSED,rug-liquidity-collapse,0.05,0.0268,0.536
G6JNM8HDZ5mzWgy9tuLEcFhmKjj9sAFjydSr4z4Spump,SOLCAT,RUGGED,2.8747e-08,3.2109e-08,28.75,,29.92,3633,,,1.032,125.38,2026-10-04 12:51:47,2026-10-04 12:51:50,0.2,2.8157e-08,0.106,0.92,0.92,CLOSED,rug-liquidity-collapse,0.05,0.04334,0.867
A9TSWrCfYwDkN9ga1e3Qbp4Pu82hakQMvuSvbaWTpump,STNRRR,RUGGED,3.5713e-08,2.9681e-08,35.71,,27.65,3358,,,3.031,368.16,2026-10-04 12:51:47,2026-10-04 12:51:50,0.3,3.9895e-09,0.009,0.23,0.55,CLOSED,rug-liquidity-collapse,0.05,0.00664,0.133
8dSh38qWFGEewDeBCT7FY2HvxhNwvavq5QoeDxnuzTU1,SNOWMAN,RUGGED,3.1811e-08,4.0837e-08,31.81,,38.06,4622,,,5.0,607.25,2026-10-04 12:51:52,2026-10-04 12:51:55,0.4,2.7959e-08,0.0,0.92,0.92,CLOSED,rug-liquidity-collapse,0.05,0.03385,0.677
EQeWYQNYuk3bUpwF9CXP21qdomSTiNKnVEiCzWsTpump,Snowman,RUGGED,4.4626e-08,4.7882e-08,44.63,,44.63,5420,,,7.901,959.6,2026-10-04 12:52:10,2026-10-04 12:52:12,0.2,2.8076e-08,0.063,0.93,0.93,CLOSED,rug-liquidity-collapse,0.05,0.02899,0.58
F6Zfq19fQRCEkqJXUR3HVaR4akcMdCuT9bAfeUPmpump,MOCHIBO,RUGGED,2.9830e-08,3.5355e-08,29.83,,32.94,4001,,,2.565,311.48,2026-10-04 12:52:20,2026-10-04 12:52:24,0.1,2.8118e-08,0.085,0,0,CLOSED,rug-liquidity-collapse,0.05,0.03931,0.786
8TXL5axjfbVFLUWkq76nvKgmEdKxGkb6ZKZ4wXXNpump,SUPER GROK,RUGGED,2.8146e-08,3.0210e-08,28.15,,28.15,3418,,,0.1,12.15,2026-10-04 12:51:19,2026-10-04 12:51:21,1.2,2.7961e-08,0.001,0.92,0.92,CLOSED,rug-liquidity-collapse,0.05,0.04574,0.915
X182SUxweTmRcbH5tTbE5SqgseE9x1my2xcnAwXpump,STNRRR,RUGGED,3.7797e-08,2.1831e-08,37.8,,20.32,2468,,,2.648,321.64,2026-10-04 12:52:16,2026-10-04 12:52:19,0.3,3.7672e-09,0.024,0.57,1.0,CLOSED,rug-liquidity-collapse,0.05,0.00852,0.17
2p4jxohd5rcubtzy2utnUAYpmBkg5276aDXPGmzx7PMg,C,RUGGED,2.9854e-08,3.2144e-08,29.85,,29.95,3637,,,1.049,127.45,2026-10-04 12:52:31,2026-10-04 12:52:34,0.1,2.8045e-08,0.046,0,0,CLOSED,rug-liquidity-collapse,0.05,0.04312,0.862
7kTzRXxSnSL8WGk3541E4Q34sHNchqmLXunbufoXpump,WAD,RUGGED,2.8514e-08,3.0605e-08,28.51,,28.51,3463,,,0.296,35.99,2026-10-04 12:48:05,2026-10-04 12:48:07,4.6,2.7974e-08,0.008,0.92,0.92,CLOSED,rug-liquidity-collapse,0.05,0.04517,0.903
3UJKCSwnobufVHo64qeArikxtRGEfhXGa8z1TXT9pump,GrenCAT,RUGGED,2.9811e-08,4.3866e-08,29.81,,40.89,4966,,,1.34,162.76,2026-10-04 12:52:35,2026-10-04 12:52:37,0.1,4.5424e-08,0.0,0,0,CLOSED,rug-liquidity-collapse,0.05,0.0512,1.024
B8zSz21ZcqQzC8jKvf9dKo7gHEnPHArMBXescqfrpump,a,RUGGED,2.8143e-08,3.0207e-08,28.14,,28.14,3418,,,0.099,12.0,2026-10-04 12:48:38,2026-10-04 12:48:41,4.1,9.4206e-09,0.025,0.4,4.49,CLOSED,rug-liquidity-collapse,0.05,0.14053,2.81
ByPkJ3oNBPLhFoqqGTYkBAE2D8NYdPGF88WsuDGQXTen,SUPERINT,RUGGED,2.7959e-08,3.4935e-08,27.96,,32.55,3953,,,2.37,287.88,2026-10-04 12:51:51,2026-10-04 12:51:53,0.9,2.8118e-08,0.085,0.85,0.87,CLOSED,rug-liquidity-collapse,0.05,0.03978,0.796
FrCnYa944n4WEXRjm1MkqPjCnBpfh4wD1zVfcW7nUPJo,INTELLIGENCE,RUGGED,2.8514e-08,3.0605e-08,28.51,,28.51,3463,,,0.296,35.99,2026-10-04 12:52:42,2026-10-04 12:52:44,0.1,2.7959e-08,0.0,0,0,CLOSED,rug-liquidity-collapse,0.05,0.04515,0.903
F4DjtagmycJDLH1mRccQVpFnEjrSKaceAXXb7Hujpump,Backrooms,RUGGED,3.1762e-08,3.6181e-08,31.76,,33.71,4095,,,2.943,357.43,2026-10-04 12:52:43,2026-10-04 12:52:46,0.1,2.7959e-08,0.0,0,0,CLOSED,rug-liquidity-collapse,0.05,0.0382,0.764
DFcG1vKa8hHuS84G3PPDQFsPZCiuDDWyagD11ifnpump,SICOIN,RUGGED,2.8146e-08,4.3239e-08,28.15,,40.3,4895,,,0.143,17.39,2026-10-04 12:51:57,2026-10-04 12:52:00,0.9,5.3735e-08,2.78,1.75,1.75,CLOSED,rug-liquidity-collapse,0.05,0.06139,1.228
5kW67hTNgvZv3c13Mar1tw5cfmyc6cNSP4oFjgYErSuq,NORVAN,RUGGED,2.7959e-08,3.2016e-08,27.96,,29.83,3623,,,0.988,119.95,2026-10-04 12:52:03,2026-10-04 12:52:05,0.9,2.7959e-08,0.0,0.92,0.92,CLOSED,rug-liquidity-collapse,0.05,0.04316,0.863
57rxkVLbSD2CUQa2nW2NRQx8eWMytywgyMh8z8ggpump,Russia,RUGGED,2.8088e-08,3.0148e-08,28.09,,28.09,3411,,,0.069,8.42,2026-10-04 12:49:38,2026-10-04 12:49:41,3.4,1.3892e-09,0.011,0.05,1.41,CLOSED,rug-liquidity-collapse,0.05,0.00227,0.045
EC8cGdw9RjWpCy5ZQwXrsuZaVP8rnATrhCA1pwGjCQUs,SNOWMAN,RUGGED,2.7959e-08,4.0693e-08,27.96,,37.92,4606,,,4.938,599.75,2026-10-04 12:52:37,2026-10-04 12:52:40,0.5,2.7959e-08,0.0,0.79,0.92,CLOSED,rug-liquidity-collapse,0.05,0.03397,0.679
5uSHbn9DqQ9a3rdxceZjPhpHhL22a4mzJ9BptGqCyojs,SIH,RUGGED,3.1811e-08,3.7191e-08,31.81,,34.66,4209,,,3.4,412.93,2026-10-04 12:52:55,2026-10-04 12:52:57,0.2,3.0326e-08,1.244,0.92,0.92,CLOSED,rug-liquidity-collapse,0.05,0.04031,0.806
FveZ4iRATMt9pX6bHmR73hgWaStubxWQYQ8J25Hfpump,EVIL,RUGGED,2.9811e-08,2.4232e-08,29.81,,22.57,2741,,,0.74,89.89,2026-10-04 12:52:55,2026-10-04 12:52:57,0.2,1.9794e-09,0.051,0.39,0.39,CLOSED,rug-liquidity-collapse,0.05,0.00403,0.081
5aER9JDcqJiCqDan6pmefPssX4EKbRtvop3g6RLQpump,HIGGSCAT,RUGGED,2.8143e-08,3.0207e-08,28.14,,28.14,3418,,,0.099,12.0,2026-10-04 12:52:19,2026-10-04 12:52:21,0.9,2.7959e-08,0.0,0.92,0.92,CLOSED,rug-liquidity-collapse,0.05,0.04574,0.915
H1N6EUwJ2wQYu4vAwGpiiNGPmF8uHXDArWqRaD14pump,STNRRR,RUGGED,3.3764e-08,2.9336e-08,33.76,,27.33,3319,,,2.404,291.94,2026-10-04 12:53:07,2026-10-04 12:53:09,0.1,3.7832e-08,0.0,0,0,CLOSED,rug-liquidity-collapse,0.05,0.06373,1.274
GvMKKbHz7UkpnaBsCib6Hq3VkEG4yQjBWXiz3EXHpump,CATGENCY,RUGGED,2.8747e-08,3.0201e-08,28.75,,28.14,3417,,,0.096,11.64,2026-10-04 12:52:53,2026-10-04 12:52:56,0.5,2.7960e-08,0.001,0.92,0.92,CLOSED,rug-liquidity-collapse,0.05,0.04575,0.915
CfM4k9jw5GRkXG9NeSkdonKNthoGz997CUWwrXVLpump,SICOIN,RUGGED,2.8146e-08,2.5099e-08,28.15,,23.38,2839,,,0.083,10.09,2026-10-04 12:53:11,2026-10-04 12:53:14,0.2,3.4255e-09,0.025,0.39,0.39,CLOSED,rug-liquidity-collapse,0.05,0.00674,0.135
DEpgDvh1nsswY28FCWbGRLpptZTdSmNPafcSjoRsSkuo,NET,RUGGED,2.7959e-08,3.2016e-08,27.96,,29.83,3623,,,0.988,119.95,2026-10-04 12:52:44,2026-10-04 12:52:47,0.9,2.7959e-08,0.0,0.92,0.92,CLOSED,rug-liquidity-collapse,0.05,0.04316,0.863
5nCTYb3v9CQUhVhSUJkCN9wSNfQYNPoPHUfFBu4vpump,FOMOCAT,RUGGED,2.9811e-08,1.5183e-08,29.81,,14.12,1715,,,0.463,56.28,2026-10-04 12:53:11,2026-10-04 12:53:14,0.5,2.0419e-09,0.067,0.13,1.11,CLOSED,rug-liquidity-collapse,0.05,0.00663,0.133
FRmmoaFBZ67DbJSEzJdBLFZymHxhU27CHCGfmqLBpump,QUANT,RUGGED,2.8143e-08,3.0207e-08,28.14,,28.14,3418,,,0.099,12.0,2026-10-04 12:52:06,2026-10-04 12:52:08,1.9,4.2704e-08,0.0,1.41,1.41,CLOSED,rug-liquidity-collapse,0.05,0.06987,1.397
DqPgu1rtCmQeHDUjybjG25hAeiqCEtq673dF92T4pump,DAWG,RUGGED,2.8106e-08,3.0167e-08,28.11,,28.11,3414,,,0.079,9.6,2026-10-04 12:53:04,2026-10-04 12:53:07,0.9,2.7971e-08,0.006,0.92,0.92,CLOSED,rug-liquidity-collapse,0.05,0.04582,0.916
DpyUzjwq2FCZ33gJfFLYSZAYNw8Ed5CmgpbF2f8FbCio,JAAT,RUGGED,2.7959e-08,3.2016e-08,27.96,,29.83,3623,,,0.988,119.95,2026-10-04 12:53:04,2026-10-04 12:53:07,0.9,2.7959e-08,0.0,0.92,0.92,CLOSED,rug-liquidity-collapse,0.05,0.04316,0.863
GJyJ7z2juk7an4hr7SpS3adP988BHU44uxvUqxpK4Nxo,ZACKII,RUGGED,0.0000e+00,0.0000e+00,29.83,,0,0,,,0,0.0,2026-10-04 12:08:25,2026-10-04 12:08:27,45.7,2.8673e-08,0.381,0.96,0.96,CLOSED,rug-liquidity-collapse,0.05,0.04306,0.861
FaUuZ8uaECJFeZbJAtE598AhrppywDwQgSrdJyUPCtU1,FARTCAT,RUGGED,0.0000e+00,0.0000e+00,29.83,,0,0,,,0,0.0,2026-10-04 12:20:07,2026-10-04 12:20:10,34.0,2.8370e-08,0.22,0.82,0.89,CLOSED,rug-liquidity-collapse,0.05,0.0363,0.726
Dvj2vJgLYL8eBaLhJ2eSYfA9H3B74HzptzkJ4FpXmvPk,FARTCOIN,RUGGED,0.0000e+00,0.0000e+00,29.83,,0,0,,,0,0.0,2026-10-04 12:22:50,2026-10-04 12:22:52,31.3,2.8506e-08,0.292,0.9,1.0,CLOSED,rug-liquidity-collapse,0.05,0.03973,0.794
2n6JQbfuShADZPTMYzCgjshd83TEuSxfcTyz4HZUm2je,FARTCOIN,RUGGED,0.0000e+00,0.0000e+00,28.89,,0,0,,,0,0.0,2026-10-04 12:23:45,2026-10-04 12:23:48,30.4,2.7959e-08,0.0,0.92,0.92,CLOSED,rug-liquidity-collapse,0.05,0.04185,0.837
6T8qBHtWcbwFpt7bRMqSvDbwU7cru4Tnanr9M92Rpump,GIA,RUGGED,3.1762e-08,3.4088e-08,31.76,,31.76,3858,,,1.975,239.9,2026-10-04 12:52:51,2026-10-04 12:52:54,1.3,2.7959e-08,0.0,0.92,0.92,CLOSED,rug-liquidity-collapse,0.05,0.04054,0.811
59gtijerbhQeqpsg1smoQdTsH1etKPk5iWYRawA7nESp,SIRIUS,RUGGED,2.7959e-08,3.2837e-08,27.96,,30.6,3716,,,1.383,167.93,2026-10-04 12:53:03,2026-10-04 12:53:05,1.1,2.7982e-08,0.012,0.9,0.92,CLOSED,rug-liquidity-collapse,0.05,0.04212,0.842
FrosBj2q32bZCCJ9AY9KYNxubG1FrTT6GEZ4HLi3pump,SATINU,RUGGED,2.9811e-08,5.8045e-08,29.81,,54.12,6573,,,1.773,215.36,2026-10-04 12:54:03,2026-10-04 12:54:06,0.1,4.8833e-08,0.0,0,0,CLOSED,rug-liquidity-collapse,0.05,0.04161,0.832
D2k54eSeYoACTToc7qh1wGdhJfPFs7dJAakvu5Jtpump,BANDOAI,RUGGED,2.7996e-08,3.2057e-08,28.0,,29.87,3628,,,1.007,122.35,2026-10-04 12:54:00,2026-10-04 12:54:03,0.3,2.7996e-08,0.02,0.92,0.92,CLOSED,rug-liquidity-collapse,0.05,0.04316,0.863
DsqrFmVfgXj2jNi8PontKtc3F85dW9VwXDkvQWrpump,STNrr,RUGGED,3.3764e-08,3.6532e-08,33.76,,34.04,4134,,,2.988,362.84,2026-10-04 12:54:16,2026-10-04 12:54:19,0.1,2.6727e-08,0.089,0,0,CLOSED,rug-liquidity-collapse,0.05,0.03616,0.723
azxbUNcL7G3c8cpNz6XozxLddHBgaQaNcDJFvcepump, $NOEXIT,RUGGED,0.0000e+00,0.0000e+00,28.14,,0,0,,,0,0.0,2026-10-04 10:42:47,2026-10-04 10:42:50,131.7,2.7975e-08,0.009,0.92,0.92,CLOSED,rug-liquidity-collapse,0.05,0.04577,0.915
BX8Noe9Th8sFtiMPkYLSfkst2tuFVbei6DaHbdVppump,Pet,RUGGED,2.9830e-08,3.5577e-08,29.83,,33.15,4026,,,2.667,323.87,2026-10-04 12:53:46,2026-10-04 12:53:49,0.8,2.7960e-08,0.001,0.82,0.87,CLOSED,rug-liquidity-collapse,0.05,0.03885,0.777
4N4khMY38RWw8vY6WSJsnXX3fC9Ho7i8xzYrRuKsSQtN,SPOTCAT,RUGGED,0.0000e+00,0.0000e+00,29.83,,0,0,,,0,0.0,2026-10-04 12:07:38,2026-10-04 12:07:40,47.0,2.8307e-08,0.186,0.69,1.61,CLOSED,rug-liquidity-collapse,0.05,0.03309,0.662
AeKz2mKpxiGZ79VkUYmeCc3cPRSn6jTFgNXGCGNCBzf1,RECEET,RUGGED,2.7959e-08,3.2016e-08,27.96,,29.83,3623,,,0.988,119.95,2026-10-04 12:53:45,2026-10-04 12:53:48,0.9,2.7959e-08,0.0,0.92,0.92,CLOSED,rug-liquidity-collapse,0.05,0.04316,0.863
13FhFe1wrUGmXtcwN5S3VHL3RcZG38uEebwcJCVe9Xuj,PERSONAPAD,RUGGED,2.7959e-08,3.2016e-08,27.96,,29.83,3623,,,0.988,119.95,2026-10-04 12:53:26,2026-10-04 12:53:28,1.4,2.7976e-08,0.009,0.93,0.99,CLOSED,rug-liquidity-collapse,0.05,0.04319,0.864
3QNQ3o55jjXjbhKxwh7Hq5iakPU8YgqMiFUodXwXpump,trench,RUGGED,2.8142e-08,2.4195e-08,28.14,,22.53,2737,,,0.078,9.51,2026-10-04 12:54:37,2026-10-04 12:54:39,0.2,2.8791e-08,0.0,1.18,1.18,CLOSED,rug-liquidity-collapse,0.05,0.05879,1.176
D1mZyLsh5rWm7ymJwdtfzb3Vvj23vcZmNE9zS7Dppump,DOREL,RUGGED,3.0789e-08,3.6533e-08,30.79,,34.04,4134,,,3.103,376.9,2026-10-04 12:54:42,2026-10-04 12:54:44,0.2,2.7959e-08,0.0,0.95,0.95,CLOSED,rug-liquidity-collapse,0.05,0.03783,0.757
9RovHzrZkrCJqPTeh3RfyDWsD6k873yP67215Yizpump,SHELDON,RUGGED,2.8106e-08,3.0167e-08,28.11,,28.11,3414,,,0.079,9.6,2026-10-04 12:54:32,2026-10-04 12:54:35,0.7,2.7959e-08,0.0,0.92,0.92,CLOSED,rug-liquidity-collapse,0.05,0.0458,0.916
9QDRgtTTYWCFEouqRGm1UNCdU7gb1F1fNvgWx1KNYYg6,RCM,RUGGED,3.5808e-08,3.3044e-08,35.81,,30.79,3739,,,1.481,179.93,2026-10-04 12:52:31,2026-10-04 12:52:34,2.8,2.7959e-08,0.0,0.92,0.92,CLOSED,rug-liquidity-collapse,0.05,0.04182,0.836
Bmx1rMG4V5gxibL3Nq4zad7pgJ17QwbhyNBwXLFopump,LORD,RUGGED,2.8143e-08,3.0207e-08,28.14,,28.14,3418,,,0.099,12.0,2026-10-04 12:54:55,2026-10-04 12:54:57,0.5,4.1882e-08,0.0,1.38,1.38,CLOSED,rug-liquidity-collapse,0.05,0.06852,1.37
2e9yqe1PYguVKA9WrQoF1fF7u89z7BtdKNYBG6fhpump,SI,RUGGED,3.2210e-08,3.5023e-08,32.21,,32.63,3963,,,2.411,292.83,2026-10-04 12:53:23,2026-10-04 12:53:25,2.1,2.7960e-08,0.001,1.07,1.12,CLOSED,rug-liquidity-collapse,0.05,0.03946,0.789
BezpSP5zPwU3LWo989Fepnx9ej6WFGx6fojb5ij1pump,MUSKETIER,RUGGED,0.0000e+00,0.0000e+00,30.22,,0,0,,,0,0.0,2026-10-04 11:45:09,2026-10-04 11:45:12,70.3,2.7959e-08,0.0,0.92,0.92,CLOSED,rug-liquidity-collapse,0.05,0.04261,0.852
5kNb7tGT7NGDofCmQfr9QKHMU3C9hGGAsbvnQzFypump,launchpod,RUGGED,2.8747e-08,3.1301e-08,28.75,,29.16,3542,,,0.639,77.67,2026-10-04 12:55:04,2026-10-04 12:55:06,0.4,2.7959e-08,0.0,0.92,0.92,CLOSED,rug-liquidity-collapse,0.05,0.04414,0.883
6UGLBA1MUswWP83PYYMibpocsMPiHYQnZrPWSXBjDukN,CHICKEN,RUGGED,0.0000e+00,0.0000e+00,29.26,,0,0,,,0,0.0,2026-10-04 12:23:37,2026-10-04 12:23:40,32.0,2.7959e-08,0.0,0.92,0.94,CLOSED,rug-liquidity-collapse,0.05,0.044,0.88
WV2s2swU5WwypHvjcHVLuPV8D8UbCeGdhC5Ji6spump,TRUMP,RUGGED,3.2938e-08,3.5350e-08,32.94,,32.94,4000,,,2.562,311.17,2026-10-04 12:49:08,2026-10-04 12:49:11,6.6,2.8001e-08,0.023,0.92,1.22,CLOSED,rug-liquidity-collapse,0.05,0.03915,0.783
H6pm2jc5ybATkuLsPd4j3HWQLEArAz9jEHZGxvVjftFu,ADOLOUCEN,RUGGED,2.7959e-08,3.2016e-08,27.96,,29.83,3623,,,0.988,119.95,2026-10-04 12:54:48,2026-10-04 12:54:50,0.9,2.7959e-08,0.0,0.92,0.92,CLOSED,rug-liquidity-collapse,0.05,0.04316,0.863
E8kKsY7vxqbXPqX19wfBpdSu3SrCa7ZzCeKZjfwVpump,34,RUGGED,3.1769e-08,3.4658e-08,31.77,,32.29,3922,,,2.242,272.26,2026-10-04 12:55:34,2026-10-04 12:55:37,0.1,2.8120e-08,0.086,0,0,CLOSED,rug-liquidity-collapse,0.05,0.0401,0.802
7tNtPAip7CGCmj46Zsd8cLhr772DGNuvx8iYX2pupump,launchpod,RUGGED,2.9830e-08,8.0892e-08,29.83,,75.41,9159,,,19.27,2340.33,2026-10-04 12:55:22,2026-10-04 12:55:25,0.5,3.4232e-08,3.195,0.87,0.92,CLOSED,rug-liquidity-collapse,0.05,0.02093,0.419
E5BoSac1zSAjNchGN4nFpcfGGJGrfiYsXH3TmMfTpump,VIRTUALCAT,RUGGED,2.8152e-08,5.2724e-07,28.15,,491.96,59748,,,1.809,219.67,2026-10-04 12:55:06,2026-10-04 12:55:09,0.7,4.8858e-07,0.0,0.92,0.92,CLOSED,rug-liquidity-collapse,0.05,0.04586,0.917
D8tpr4khMbpkHyMrsMjNThQnGdwjawFNfGughvP8pump,LOVE,RUGGED,3.3754e-08,3.8334e-08,33.75,,35.72,4338,,,3.91,474.82,2026-10-04 12:55:35,2026-10-04 12:55:38,0.3,2.7959e-08,0.0,0.88,0.88,CLOSED,rug-liquidity-collapse,0.05,0.03605,0.721
rjgexVcTjkBnm2Bp6g6GKozepnRz89djXdEaGjCpump,LEAFUSD,RUGGED,2.9244e-08,3.1387e-08,29.24,,29.24,3552,,,0.681,82.77,2026-10-04 12:55:39,2026-10-04 12:55:42,0.3,2.7959e-08,0.0,0.92,0.92,CLOSED,rug-liquidity-collapse,0.05,0.04402,0.88
Be77Pb1jUsxxhVNKzGFW8rYS2JsZKWj2fcMu7NAVpump,CATE,RUGGED,2.9854e-08,3.9873e-08,29.85,,37.16,4513,,,4.584,556.75,2026-10-04 12:55:53,2026-10-04 12:55:56,0.2,2.7959e-08,0.0,0.92,0.92,CLOSED,rug-liquidity-collapse,0.05,0.03466,0.693
5VmMegjEaWvi9p2HK2EZmo2osdRaW13masaTjeB2pump,TOPPLED,RUGGED,2.9031e-08,3.2234e-08,29.03,,30.03,3648,,,1.093,132.76,2026-10-04 12:56:13,2026-10-04 12:56:15,0.1,2.8209e-08,0.134,0,0,CLOSED,rug-liquidity-collapse,0.05,0.04325,0.865
Ay46RtaP5PgsCpmM7Dnq1XbfUwybPWnMcRcQdVZspump,Babysuper,RUGGED,2.7977e-08,3.2037e-08,27.98,,29.85,3625,,,0.998,121.15,2026-10-04 12:55:27,2026-10-04 12:55:30,1.0,2.7977e-08,0.01,0.92,0.92,CLOSED,rug-liquidity-collapse,0.05,0.04316,0.863
xTnj7QfhoSRQMygp9gu6tCvjr9RW7qVbxxUaon3Rwwd,CHINLEU,RUGGED,2.7959e-08,3.2016e-08,27.96,,29.83,3623,,,0.988,119.95,2026-10-04 12:55:29,2026-10-04 12:55:32,1.0,2.7959e-08,0.0,0.92,0.92,CLOSED,rug-liquidity-collapse,0.05,0.04316,0.863
7VZWuQQBjzGyVPY5Q5mDvWFqY7iEyAKTPWeArLhApump,SCAT,RUGGED,2.9074e-08,3.1206e-08,29.07,,29.07,3531,,,0.593,71.97,2026-10-04 12:49:44,2026-10-04 12:49:47,6.8,2.7959e-08,0.0,0.92,0.92,CLOSED,rug-liquidity-collapse,0.05,0.04428,0.885
DYTVTbuf47brPvWBuSDSWjSbyyPpmtbSqxAUCSrCpump,PYJ,RUGGED,2.8422e-08,3.0506e-08,28.42,,28.42,3452,,,0.248,30.06,2026-10-04 12:46:55,2026-10-04 12:46:58,9.8,2.7959e-08,0.0,0.95,0.95,CLOSED,rug-liquidity-collapse,0.05,0.04529,0.906
Bea5GsRHcdzXfLvuvHce89ADKdTs29SZ8P7HYLTcpump,vrl,RUGGED,2.9811e-08,2.3974e-08,29.81,,22.33,2711,,,0.732,88.92,2026-10-04 12:56:24,2026-10-04 12:56:27,0.4,5.5776e-09,0.036,0.93,1.22,CLOSED,rug-liquidity-collapse,0.05,0.01149,0.23
5wHMDLQkWtATJNZ9X63TxGADYEsh8v5Mrm3JhPLjpump,EUG,RUGGED,2.8143e-08,3.0207e-08,28.14,,28.14,3418,,,0.099,12.0,2026-10-04 12:56:18,2026-10-04 12:56:20,0.6,3.4490e-08,0.0,1.14,1.14,CLOSED,rug-liquidity-collapse,0.05,0.05643,1.128
8M5VTWZsvZiSpD4o6UCaPsems1FrgpqoJ6Hh3cSEbwTy,KONGJUN,RUGGED,2.7959e-08,3.2016e-08,27.96,,29.83,3623,,,0.988,119.95,2026-10-04 12:55:50,2026-10-04 12:55:52,1.1,2.7959e-08,0.0,0.92,0.92,CLOSED,rug-liquidity-collapse,0.05,0.04316,0.863
8eQJ199NkGSD3XXD41NXPZM2BaQHW2bsoierHHK23KXA,INVK,RUGGED,2.7959e-08,3.0804e-08,27.96,,28.7,3486,,,0.395,47.98,2026-10-04 12:56:39,2026-10-04 12:56:42,0.3,2.7959e-08,0.0,0.92,0.92,CLOSED,rug-liquidity-collapse,0.05,0.04486,0.897
3pFKP35BuTvRizV4m7GSLFXjKnujT1nT5iA16sywpump,SICOIN,RUGGED,2.8146e-08,4.0723e-08,28.15,,37.96,4610,,,0.135,16.38,2026-10-04 12:56:41,2026-10-04 12:56:43,0.3,6.1652e-08,0.016,1.51,1.51,CLOSED,rug-liquidity-collapse,0.05,0.07485,1.497
28TuGu9vMzV22NWHLu8gWkLD67f8Ue8rzxXSAxYvpump,ch,RUGGED,3.1298e-08,4.0496e-08,31.3,,37.74,4584,,,2.098,254.8,2026-10-04 12:56:52,2026-10-04 12:56:55,0.1,3.9478e-08,0.023,0,0,CLOSED,rug-liquidity-collapse,0.05,0.04819,0.964
4qR1coCZBAKzG3PAyDvFZjKenHRr1rUsDxe4gtLhknWh,Aiden,RUGGED,3.3830e-08,4.6875e-08,33.83,,43.69,5306,,,7.5,910.88,2026-10-04 12:44:31,2026-10-04 12:44:33,12.5,3.2034e-08,2.112,1.48,2.58,CLOSED,rug-liquidity-collapse,0.05,0.08351,1.67
BFEYCxYThYkmeZd5xVxu37eEsYnfrkpXRwNN7D5hpump,Ring,RUGGED,2.9058e-08,3.1390e-08,29.06,,29.25,3552,,,0.683,82.93,2026-10-04 12:54:17,2026-10-04 12:54:19,2.9,2.7959e-08,0.0,0.92,0.92,CLOSED,rug-liquidity-collapse,0.05,0.04402,0.88
FJGsFw9txNCYUELjxyFXZzqgFhbQbGhSfsSKVqJqpump,сalldrop,RUGGED,2.9830e-08,3.2382e-08,29.83,,30.17,3664,,,1.164,141.4,2026-10-04 12:56:02,2026-10-04 12:56:05,1.2,2.7959e-08,0.0,0.91,0.91,CLOSED,rug-liquidity-collapse,0.05,0.04267,0.853
CQ5LsK57gYxnUmSY5Bo8FvtWHzNUwJUVfEJHfD28fo5Y,CHARITY,RUGGED,2.7959e-08,3.2016e-08,27.96,,29.83,3623,,,0.988,119.95,2026-10-04 12:56:11,2026-10-04 12:56:13,1.1,2.7959e-08,0.0,0.92,0.92,CLOSED,rug-liquidity-collapse,0.05,0.04316,0.863
3CPGks7mUEbs559YkGv9N7pu1Lbx1BNgjjF6qzdVpump,KAGEURI,RUGGED,2.8052e-08,3.0304e-08,28.05,,28.23,3429,,,0.147,17.84,2026-10-04 12:57:13,2026-10-04 12:57:15,0.1,2.8052e-08,0.05,0,0,CLOSED,rug-liquidity-collapse,0.05,0.04575,0.915
7MxF9vxE9T4DrkLtAHVdz1Y5dXycDZDxFSy3w1Japump,FLORA,RUGGED,2.8700e-08,3.5362e-08,28.7,,32.95,4002,,,2.568,311.87,2026-10-04 12:57:16,2026-10-04 12:57:19,0.1,2.9451e-08,0.79,0,0,CLOSED,rug-liquidity-collapse,0.05,0.04117,0.823
Ax5Aj4o8w2AMuGMZvLJfJpXBaQj5acqX1Xv7Xvf7pump,SICOIN,RUGGED,2.8146e-08,3.2539e-08,28.15,,30.32,3682,,,0.108,13.08,2026-10-04 12:57:05,2026-10-04 12:57:08,0.3,9.7647e-09,0.035,0.8,0.8,CLOSED,rug-liquidity-collapse,0.05,0.01483,0.297
6p3mrmr1DMhHkeEd4tHWT8nKux8T59BbLNK2y9XFu7tY,NOCTIS,RUGGED,2.8180e-08,4.8705e-08,28.18,,45.39,5513,,,8.226,999.03,2026-10-04 12:56:17,2026-10-04 12:56:20,1.2,2.8300e-08,0.183,0.73,1.29,CLOSED,rug-liquidity-collapse,0.05,0.02873,0.575
F9mV4wKwF6kes5vVpBVbuJqQ82Lc3hxeT3CYMDpepump,SICOIN,RUGGED,2.8146e-08,4.1642e-08,28.15,,38.81,4714,,,0.138,16.75,2026-10-04 12:57:28,2026-10-04 12:57:30,0.1,5.0376e-08,0.0,0,0,CLOSED,rug-liquidity-collapse,0.05,0.05981,1.196
4XXa6gfdGaFYNJCfSd79kLEKiznd4aowiDW8QQDSpump,ANTE,RUGGED,3.4008e-08,3.6496e-08,34.01,,34.01,4130,,,3.086,374.85,2026-10-04 12:53:59,2026-10-04 12:54:02,3.6,2.7959e-08,0.0,0.92,0.92,CLOSED,rug-liquidity-collapse,0.05,0.03787,0.757
4SBXiVJnQuSA3CMHXKtVSgghhd8hbR5HkjeibPtzpump,SLOPECORE,RUGGED,2.8702e-08,3.0806e-08,28.7,,28.7,3486,,,0.396,48.1,2026-10-04 12:56:54,2026-10-04 12:56:56,0.7,2.8933e-08,0.518,1.07,1.1,CLOSED,rug-liquidity-collapse,0.05,0.04641,0.928
GnGNVLmdi416Hc6j9M3VuCA7Tb3M78i1gAxWLik2cBJW,RAINFOREST,RUGGED,2.7959e-08,3.0704e-08,27.96,,28.61,3474,,,0.346,41.98,2026-10-04 12:57:13,2026-10-04 12:57:15,0.4,2.7959e-08,0.0,0.92,0.92,CLOSED,rug-liquidity-collapse,0.05,0.045,0.9
5QMssep9W2HJD1oGdNekXXNyz9U1QgtLyVNt2AW255LH,zVeil,RUGGED,2.7977e-08,3.2716e-08,27.98,,30.48,3702,,,1.325,160.88,2026-10-04 12:55:12,2026-10-04 12:55:14,2.5,2.9178e-08,0.647,0.98,1.29,CLOSED,rug-liquidity-collapse,0.05,0.04408,0.881
4B81KVRs4qYdCX1CPfwJEeU7CqAcwUoKT6tw6mRcpump,Nick,RUGGED,0.0000e+00,0.0000e+00,28.14,,0,0,,,0,0.0,2026-10-04 12:30:49,2026-10-04 12:30:52,26.9,2.7959e-08,0.0,0.92,0.93,CLOSED,rug-liquidity-collapse,0.05,0.04574,0.915
2J3Tb8VAXHLTNBGV4oToT6aopzPFRRCpAVwoJYcdpump,Autonomy,RUGGED,2.8756e-08,3.0864e-08,28.76,,28.76,3492,,,0.425,51.58,2026-10-04 12:56:27,2026-10-04 12:56:29,1.3,2.7959e-08,0.0,0.92,0.92,CLOSED,rug-liquidity-collapse,0.05,0.04477,0.895
fPt2Bm43tb6oS7RLVQ7inc2ub1gQcJe4rbiTe6vRjeZ,ACTU,RUGGED,2.7959e-08,3.2016e-08,27.96,,29.83,3623,,,0.988,119.95,2026-10-04 12:56:52,2026-10-04 12:56:54,1.0,2.7959e-08,0.0,0.92,0.92,CLOSED,rug-liquidity-collapse,0.05,0.04316,0.863
4qTqqkexQCEP2m8UrDWXACHpA8bEkGxpNJrDPMNcfHKQ,EZRA,RUGGED,2.7959e-08,3.3382e-08,27.96,,31.1,3778,,,1.642,199.43,2026-10-04 12:49:21,2026-10-04 12:49:23,8.6,2.8492e-08,0.285,0.95,1.3,CLOSED,rug-liquidity-collapse,0.05,0.04218,0.844
4jQDNNiDCE9noRokuNQpuNF4EfUf74md8Zd93epnpump,BRAINROT,RUGGED,2.9811e-08,2.8797e-08,29.81,,26.83,3258,,,0.88,106.83,2026-10-04 12:57:06,2026-10-04 12:57:08,0.8,1.4599e-09,0.36,0.29,0.29,CLOSED,rug-liquidity-collapse,0.05,0.0025,0.05
94kz3UZj33yYP4ohazxArDBCskwS6dkpiExAb6FRpump,RD,RUGGED,2.8142e-08,2.5867e-08,28.14,,24.09,2926,,,0.084,10.17,2026-10-04 12:57:35,2026-10-04 12:57:37,0.3,4.4452e-09,0.022,0.49,1.16,CLOSED,rug-liquidity-collapse,0.05,0.00849,0.17
2WJhAecEDEP1e3ENAQDSToff296ykx9pFL644gXypump,cone,RUGGED,3.1762e-08,3.4088e-08,31.76,,31.76,3858,,,1.975,239.9,2026-10-04 12:55:53,2026-10-04 12:55:56,2.1,2.7959e-08,0.0,0.92,0.92,CLOSED,rug-liquidity-collapse,0.05,0.04054,0.811
6ReTfdRUwjRbCuNuyswUyNUKgX2ZXgoJ3ThvtGynFm9H,VEIL,RUGGED,2.7959e-08,3.7032e-08,27.96,,34.51,4191,,,3.328,404.23,2026-10-04 12:57:50,2026-10-04 12:57:52,0.1,2.7959e-08,0.0,0,0,CLOSED,rug-liquidity-collapse,0.05,0.03732,0.746
6PtYVnCuPbkQqesiJabypcbdTkxRw6WikXxjyqvYfGNp,launchpod,RUGGED,3.3830e-08,5.0049e-08,33.83,,46.65,5665,,,8.75,1062.64,2026-10-04 12:55:00,2026-10-04 12:55:03,3.1,2.8286e-08,0.175,0.76,1.88,CLOSED,rug-liquidity-collapse,0.05,0.02794,0.559
4JgJQ8GJMEtz7E7qosR11dmDdLwsbX4brF7RWjVMpump,SICOIN,RUGGED,2.8146e-08,2.6240e-08,28.15,,24.44,2968,,,0.087,10.55,2026-10-04 12:57:40,2026-10-04 12:57:42,0.5,1.4270e-08,1.019,2.87,4.86,CLOSED,rug-liquidity-collapse,0.05,0.13937,2.787
GmAuu4WJUgf6MM79H4NTUw3DHhWumJux3mzno8qYpump,dogbaton,RUGGED,3.2664e-08,3.5071e-08,32.66,,32.68,3969,,,2.426,294.58,2026-10-04 12:58:03,2026-10-04 12:58:05,0.1,3.0428e-08,0.041,0,0,CLOSED,rug-liquidity-collapse,0.05,0.04288,0.858
2aSW6XfduEKi5Fm3LFb2Qh9F7951yEeYRWzakGYMpump,pruple,RUGGED,3.1026e-08,2.6688e-08,31.03,,24.86,3019,,,1.285,156.04,2026-10-04 12:58:04,2026-10-04 12:58:06,0.1,1.3448e-08,0.0,0,0,CLOSED,rug-liquidity-collapse,0.05,0.02489,0.498
DeKnRxsFWr6d5XuwpEYvuGsv4GLrjjPkzf7uFKUSpump,agi16z,RUGGED,2.8747e-08,3.1567e-08,28.75,,29.41,3572,,,0.77,93.47,2026-10-04 12:58:11,2026-10-04 12:58:14,0.1,2.7959e-08,0.0,0,0,CLOSED,rug-liquidity-collapse,0.05,0.04377,0.875
9wMFLqPHz2uh1Ro6DZZiJ6eC1pkuCUPfuuThnSzVpump,Freddie,RUGGED,0.0000e+00,0.0000e+00,28.05,3405,0,0,27.96,3393,0,0.0,2026-10-04 09:52:18,2026-10-04 09:52:20,505.5,2.7959e-08,0.0,0.92,0.93,CLOSED,rug-liquidity-collapse,0.05,0.04589,0.918
7LVM9Fb5CcmEQ5zi37wVa5FapqMmWPV5fASQhTH6pump,DUSTER,RUGGED,0.0000e+00,0.0000e+00,28.89,3506,0,0,27.96,3393,0,0.0,2026-10-04 09:53:46,2026-10-04 09:53:49,504.1,2.7959e-08,0.0,0.92,0.92,CLOSED,rug-liquidity-collapse,0.05,0.04456,0.891
DfnGtqRJ3u1VWM9rCkGpzbfC72KF9z1Lvuw1ytumpump,SI slopcore,RUGGED,0.0000e+00,0.0000e+00,29.83,3620,0,0,27.96,3393,0,0.0,2026-10-04 09:57:57,2026-10-04 09:58:00,499.9,2.7959e-08,0.0,0.9,1.18,CLOSED,rug-liquidity-collapse,0.05,0.04308,0.861
28ZN2Y6yh1UPcCAxp6WcHWw3mfpcciM8ZQkkmpixpump,A+,RUGGED,0.0000e+00,0.0000e+00,29.27,3552,0,0,28.24,3428,0,0.0,2026-10-04 10:03:58,2026-10-04 10:04:01,493.9,2.8240e-08,0.151,0.96,4.4,CLOSED,rug-liquidity-collapse,0.05,0.1322,2.644
6ppYwSzjYoqdUxYZywmWN74cH3AHSHfy3aSibGuUP8JT,SI,RUGGED,0.0000e+00,0.0000e+00,31.81,3861,0,0,28.2,3423,0,0.0,2026-10-04 10:05:40,2026-10-04 10:05:42,492.2,2.8204e-08,0.131,0.77,0.89,CLOSED,rug-liquidity-collapse,0.05,0.03441,0.688
3jGu6fQzgPHuHya9M6sMGfiPQAnwV2tYt3x3vcLQpump,BEEP,RUGGED,0.0000e+00,0.0000e+00,28.15,3416,0,0,27.96,3393,0,0.0,2026-10-04 10:09:09,2026-10-04 10:09:11,488.7,2.7959e-08,0.0,0.92,0.92,CLOSED,rug-liquidity-collapse,0.05,0.04574,0.915
A23bXYM5tjPwThQLVcLVuqq9N1134VQ9XPzuB82Mpump,$iMEME,RUGGED,0.0000e+00,0.0000e+00,28.15,3416,0,0,27.96,3393,0,0.0,2026-10-04 10:11:18,2026-10-04 10:11:20,486.5,2.7959e-08,0.0,0.92,0.92,CLOSED,rug-liquidity-collapse,0.05,0.04574,0.915
3Pp1qpgC2oVqC6Ew76dPXi5SpMwGcqSk2DtXYjE21aoP,DRIP,RUGGED,0.0000e+00,0.0000e+00,27.96,3393,0,0,30.31,3679,0,0.0,2026-10-04 10:24:33,2026-10-04 10:24:36,473.3,3.0309e-08,1.235,0.96,1.49,CLOSED,rug-liquidity-collapse,0.05,0.0389,0.778
HYoSzviykHMsbCUYVWGhEGs8xeSocv6ajL5HcP7Mpump,APP,RUGGED,0.0000e+00,0.0000e+00,29.83,3620,0,0,27.96,3393,0,0.0,2026-10-04 10:37:59,2026-10-04 10:38:02,459.8,2.7959e-08,0.0,0.92,0.92,CLOSED,rug-liquidity-collapse,0.05,0.04289,0.858
DinMGxuXYb3cwxQy27NJ2xToUM2wUeFjNhVM5Jfypump,MEMESWAP,RUGGED,0.0000e+00,0.0000e+00,27.98,3396,0,0,27.96,3393,0,0.0,2026-10-04 10:40:47,2026-10-04 10:40:49,457.0,2.7959e-08,0.0,0.92,0.92,CLOSED,rug-liquidity-collapse,0.05,0.0363,0.726
DXcuX78yRRNVwMKBFz98tXKzXFPLSn7C1C86Qz9zSnfB,Scronkfinkle,RUGGED,0.0000e+00,0.0000e+00,33.83,4106,0,0,32.93,3996,0,0.0,2026-10-04 10:45:01,2026-10-04 10:45:03,452.8,3.2927e-08,2.556,1.61,2.48,CLOSED,rug-liquidity-collapse,0.05,0.08619,1.724
oPPURRwzdaqpw92MZ58jufrZbNj21RxyodzFNZ1pump,Juanito,RUGGED,0.0000e+00,0.0000e+00,28.89,3506,0,0,27.96,3393,0,0.0,2026-10-04 10:46:14,2026-10-04 10:46:17,451.6,2.7959e-08,0.0,0.89,0.92,CLOSED,rug-liquidity-collapse,0.05,0.04289,0.858
EogiP1BUSVr4caPPZN9wfo2h7LizifVUX4AP78WCqFSA,HTT104,RUGGED,0.0000e+00,0.0000e+00,35.91,4359,0,0,28.02,3401,0,0.0,2026-10-04 11:45:55,2026-10-04 11:45:58,391.9,2.8025e-08,0.035,0.41,1.26,CLOSED,rug-liquidity-collapse,0.05,0.01828,0.366
9KNTbNsxiWKZGq7ziLeQ8p6L7om6sXqYxma4f5szpump,ZEROKUTA,RUGGED,0.0000e+00,0.0000e+00,28.26,3429,0,0,27.96,3393,0,0.0,2026-10-04 11:46:49,2026-10-04 11:46:51,391.0,2.7959e-08,0.0,0.92,0.92,CLOSED,rug-liquidity-collapse,0.05,0.04556,0.911
A9P2RPaQ9ZpdLaNXjFu9fxXrAkEFMLQ6UjK7e479pump,NICK,RUGGED,0.0000e+00,0.0000e+00,37.92,4602,0,0,30.95,3757,0,0.0,2026-10-04 11:46:58,2026-10-04 11:47:00,390.9,3.0955e-08,1.566,1.3,2.95,CLOSED,rug-liquidity-collapse,0.05,0.07544,1.509
yVa6NBBpg4WRpwYnkqvZ7gfrapetS6Kjv4SZqyEpump,AICZAR,RUGGED,0.0000e+00,0.0000e+00,28.42,3450,0,0,27.96,3393,0,0.0,2026-10-04 11:48:03,2026-10-04 11:48:06,389.8,2.7959e-08,0.0,0.92,0.92,CLOSED,rug-liquidity-collapse,0.05,0.04529,0.906
gn8Xn8Tx835sN5WYQK7aAj5qA5YeVrGhGLirKiTpump,10$,RUGGED,0.0000e+00,0.0000e+00,28.0,3398,0,0,488.58,59299,0,0.0,2026-10-04 11:55:27,2026-10-04 11:55:30,382.4,4.8858e-07,0.0,0.93,0.93,CLOSED,rug-liquidity-collapse,0.05,0.04611,0.922
222J5au38Uh1keFqStHYM5npAXphXDjiKN4hWMokpump,sxsi,RUGGED,0.0000e+00,0.0000e+00,29.45,3575,0,0,27.96,3393,0,0.0,2026-10-04 11:58:37,2026-10-04 11:58:40,379.2,2.7959e-08,0.0,0.92,0.92,CLOSED,rug-liquidity-collapse,0.05,0.04371,0.874
6A6ELTFbi1YHxXn523PNpJiM3Y4vtZyjJtP2D893nScG,LUCIEN,RUGGED,0.0000e+00,0.0000e+00,27.96,3393,0,0,29.13,3536,0,0.0,2026-10-04 11:59:58,2026-10-04 12:00:00,377.9,2.9132e-08,0.623,3.6,3.88,CLOSED,rug-liquidity-collapse,0.05,0.07832,1.566
Dy5wN9Mo7sfQg48maK9mnx8ErHwjBfDYeR72N3D3pump,Ouroboros,RUGGED,0.0000e+00,0.0000e+00,33.75,4097,0,0,31.37,3808,0,0.0,2026-10-04 12:01:28,2026-10-04 12:01:30,376.4,3.1372e-08,1.778,0.93,3.34,CLOSED,rug-liquidity-collapse,0.05,0.0855,1.71
66UcYSz9mTGnDPvSwBUNB4YktdNtvPDBQdLg8pr2pump,Sageyai,RUGGED,0.0000e+00,0.0000e+00,30.76,3733,0,0,38.42,4663,0,0.0,2026-10-04 12:02:15,2026-10-04 12:02:17,375.6,3.8416e-08,5.166,2.2,2.71,CLOSED,rug-liquidity-collapse,0.05,0.08214,1.643
A6AiwZSKnN5Q9GCKPp3QeJNVNugrM2UhMRy2qXGMpump,TAG,RUGGED,0.0000e+00,0.0000e+00,29.83,3621,0,0,27.96,3393,0,0.0,2026-10-04 12:03:06,2026-10-04 12:03:09,374.7,2.7959e-08,0.0,0.93,0.98,CLOSED,rug-liquidity-collapse,0.05,0.04315,0.863
FS6SqJT4RpQMmQn4veN4D9uuu8D2W834jG9C9UYypump,horse,RUGGED,0.0000e+00,0.0000e+00,28.07,3407,0,0,0.01,1,0,0.0,2026-10-04 12:07:50,2026-10-04 12:07:53,370.0,9.2220e-12,0.0,0.0,1.08,CLOSED,rug-liquidity-collapse,0.05,1e-05,0.0
7fPtNSTeypcr1suqH2QLroRLaLZAw3J4spkMFS37btHJ,PRESIDENT,RUGGED,0.0000e+00,0.0000e+00,29.83,3620,0,0,27.96,3393,0,0.0,2026-10-04 12:12:09,2026-10-04 12:12:12,365.7,2.7959e-08,0.0,1.07,1.27,CLOSED,rug-liquidity-collapse,0.05,0.0396,0.792
6HXetxa6AHUzdMPSVawkEjv1NH2fR1Yvus4y9qS6pump,DEADPIXEL,RUGGED,0.0000e+00,0.0000e+00,29.83,3621,0,0,27.96,3393,0,0.0,2026-10-04 12:12:39,2026-10-04 12:12:41,365.2,2.7959e-08,0.0,0.92,0.95,CLOSED,rug-liquidity-collapse,0.05,0.04315,0.863
jreDALYNd1Xi6CzMjQW8MbW8cgeS21icrZesuwXpump,ZM,RUGGED,0.0000e+00,0.0000e+00,28.09,3409,0,0,27.96,3393,0,0.0,2026-10-04 12:14:52,2026-10-04 12:14:55,363.0,2.7959e-08,0.0,0.92,0.92,CLOSED,rug-liquidity-collapse,0.05,0.04583,0.917
DM2be1jRRJtYUgMsg9h8Qo7PH46Hr3cjS6er7wVQNjS5,EGGSQZ,RUGGED,0.0000e+00,0.0000e+00,28.89,3506,0,0,28.94,3512,0,0.0,2026-10-04 12:15:39,2026-10-04 12:15:42,362.2,2.8940e-08,0.522,1.01,1.78,CLOSED,rug-liquidity-collapse,0.05,0.04613,0.922
ABghGnyonSKRWfThccxErEYcfXcQYQLDHSCAALUXpump,Wares,RUGGED,0.0000e+00,0.0000e+00,29.03,3524,0,0,27.96,3393,0,0.0,2026-10-04 12:17:00,2026-10-04 12:17:02,360.8,2.7959e-08,0.0,0.91,0.92,CLOSED,rug-liquidity-collapse,0.05,0.0434,0.868
D24UFFLLh8R9vVnShwcFSyLobb8reHCvghCqZ42Spump,Spot Inu,RUGGED,0.0000e+00,0.0000e+00,31.77,3856,0,0,27.96,3393,0,0.0,2026-10-04 12:17:20,2026-10-04 12:17:23,360.5,2.7959e-08,0.0,0.7,1.17,CLOSED,rug-liquidity-collapse,0.05,0.03173,0.634
2RNnf7s1tJ5snCjfyQNGgNqmWfwLUSZAFnxxWichNHQd,QUDIN,RUGGED,0.0000e+00,0.0000e+00,27.98,3396,0,0,27.97,3394,0,0.0,2026-10-04 12:19:30,2026-10-04 12:19:33,358.3,2.7968e-08,0.005,0.92,0.92,CLOSED,rug-liquidity-collapse,0.05,0.04597,0.919
DMZTzPBTTWYb7SREE2BXwZ42zVJpxrAKfpvHbqE5XJww,VEIL,RUGGED,0.0000e+00,0.0000e+00,29.83,3620,0,0,30.05,3647,0,0.0,2026-10-04 12:21:19,2026-10-04 12:21:21,356.5,3.0050e-08,1.102,1.16,7.74,CLOSED,rug-liquidity-collapse,0.05,0.14671,2.934
9AMnfH79VCrqRWnboSV7AgG7EXooZX72eFYJphZzpump,PanicCat,RUGGED,0.0000e+00,0.0000e+00,28.89,3506,0,0,27.96,3393,0,0.0,2026-10-04 12:26:17,2026-10-04 12:26:19,351.5,2.7959e-08,0.0,0.93,0.93,CLOSED,rug-liquidity-collapse,0.05,0.04428,0.885
32tBk9GtGdXuPybBKxywuURtyMF81LcnGfD1kRtgpump,SEI,RUGGED,0.0000e+00,0.0000e+00,29.27,3552,0,0,27.99,3398,0,0.0,2026-10-04 12:26:28,2026-10-04 12:26:30,351.4,2.7994e-08,0.019,0.92,0.92,CLOSED,rug-liquidity-collapse,0.05,0.04405,0.881
A6rAW6Q4dyF1KVtgnuqVYY6iudnZBarzXMsgMBu6pump,HIM,RUGGED,0.0000e+00,0.0000e+00,28.61,3472,0,0,27.96,3393,0,0.0,2026-10-04 12:28:08,2026-10-04 12:28:10,349.7,2.7959e-08,0.0,0.9,0.92,CLOSED,rug-liquidity-collapse,0.05,0.04389,0.878
8UCzK2GKZMWainRzwzrVogs2ofR6WTY3d6cz8CdWpump,Pomfret,RUGGED,0.0000e+00,0.0000e+00,29.03,3524,0,0,27.96,3393,0,0.0,2026-10-04 12:29:31,2026-10-04 12:29:33,348.3,2.7959e-08,0.0,0.91,0.92,CLOSED,rug-liquidity-collapse,0.05,0.04242,0.848
3jZX1spEmUMumkarNVzBpUMrVjMUrW5SvnT6Srw9z8xR,NCAT,RUGGED,0.0000e+00,0.0000e+00,31.81,3861,0,0,28.5,3459,0,0.0,2026-10-04 12:30:00,2026-10-04 12:30:02,347.8,2.8500e-08,0.289,1.35,2.26,CLOSED,rug-liquidity-collapse,0.05,0.07847,1.569
5GfHx5eXJAfMY8fQrkU4iUonVYkeEEpjxS5vbzVbJFC1,CRAWLCH,RUGGED,0.0000e+00,0.0000e+00,28.05,3405,0,0,27.96,3393,0,0.0,2026-10-04 12:32:12,2026-10-04 12:32:14,345.6,2.7959e-08,0.0,0.92,0.92,CLOSED,rug-liquidity-collapse,0.05,0.04357,0.871
EMPHg96wvQJP1urPGxbGpgxDaZnCavq71PBHtDMppump,100001,RUGGED,0.0000e+00,0.0000e+00,28.14,3416,0,0,0.01,2,0,0.0,2026-10-04 12:32:18,2026-10-04 12:32:21,345.5,1.2618e-11,0.0,0.0,1.05,CLOSED,rug-liquidity-collapse,0.05,2e-05,0.0
HftUJJ8iF5bnZyPxyXtX1dXn1UrCUad8woCSKamTjL9Y,OWLCOIN,RUGGED,0.0000e+00,0.0000e+00,31.81,3861,0,0,28.76,3490,0,0.0,2026-10-04 12:34:00,2026-10-04 12:34:03,343.8,2.8755e-08,0.424,0.85,3.17,CLOSED,rug-liquidity-collapse,0.05,0.07561,1.512
69Qboykta8St1DuAQc333suDxZ8m4XVjnE44tR9jpump,BETTER,RUGGED,0.0000e+00,0.0000e+00,30.4,3690,0,0,27.96,3393,0,0.0,2026-10-04 12:36:16,2026-10-04 12:36:18,341.6,2.7959e-08,0.0,0.92,1.0,CLOSED,rug-liquidity-collapse,0.05,0.04235,0.847
BzRQq5mXLdpGDNg52JcHWMrePXfX8gHviLcoMbi1pump,Hicats,RUGGED,0.0000e+00,0.0000e+00,28.09,3409,0,0,27.96,3393,0,0.0,2026-10-04 12:37:33,2026-10-04 12:37:35,340.3,2.7959e-08,0.0,0.92,0.92,CLOSED,rug-liquidity-collapse,0.05,0.04583,0.917
EZKtgPvkLA8Rk7LHCDJSSfuAFmGPDLymxH1YAgEMpump,opcat,RUGGED,0.0000e+00,0.0000e+00,28.89,3506,0,0,27.96,3393,0,0.0,2026-10-04 12:37:40,2026-10-04 12:37:42,340.2,2.7959e-08,0.0,0.92,0.92,CLOSED,rug-liquidity-collapse,0.05,0.04456,0.891
4YJqJskHu118bQ1qpMLyjfZm6q75vNAQjLZd9dfhhYa4,CLGD,RUGGED,0.0000e+00,0.0000e+00,28.1,3410,0,0,27.96,3393,0,0.0,2026-10-04 12:37:58,2026-10-04 12:38:00,339.9,2.7959e-08,0.0,0.92,0.92,CLOSED,rug-liquidity-collapse,0.05,0.04468,0.893
Apf6MPyFHTjoEAAd5BmZZMyj6RrKs1rECmJQYVFApump,DINU,RUGGED,0.0000e+00,0.0000e+00,28.15,3416,0,0,27.96,3393,0,0.0,2026-10-04 12:38:12,2026-10-04 12:38:14,339.6,2.7959e-08,0.0,0.92,0.92,CLOSED,rug-liquidity-collapse,0.05,0.04574,0.915
9FXpFtbgeq6uBPL1sc7NQvRWtU2JfzPDfBdFErp5pump,NATTER,RUGGED,2.8868e-08,3.0753e-08,28.87,3506,28.65,3480,27.96,3393,0.37,44.88,2026-10-04 12:45:57,2026-10-04 12:46:01,331.9,2.7959e-08,0.0,0.92,0.93,CLOSED,rug-liquidity-collapse,0.05,0.04493,0.899
EpoS96RProcmrZA6eZ5argrs7T55VTwAmuCwNkqbpump,GLP-1,RUGGED,3.3754e-08,3.6225e-08,33.75,4099,33.75,4099,27.96,3393,2.963,359.85,2026-10-04 12:46:22,2026-10-04 12:46:25,331.5,2.7959e-08,0.0,1.3,1.45,CLOSED,rug-liquidity-collapse,0.05,0.03815,0.763
977doJMhS8soJ6fX3wZ7WedbaT3TLAQYiPEESf9Dpump,Knightlon,RUGGED,2.8274e-08,3.0347e-08,28.27,3434,28.27,3434,27.96,3393,0.168,20.44,2026-10-04 12:47:39,2026-10-04 12:47:42,330.2,2.7959e-08,0.0,0.92,0.92,CLOSED,rug-liquidity-collapse,0.05,0.04553,0.911
BK4VZRXqiwu9793ndUPLFUad6orfVhEBmhMajGbBpump,vamp,RUGGED,2.8051e-08,3.0108e-08,28.05,3407,28.05,3407,27.96,3393,0.05,6.01,2026-10-04 12:47:45,2026-10-04 12:47:47,330.1,2.7959e-08,0.0,0.92,0.92,CLOSED,rug-liquidity-collapse,0.05,0.04589,0.918
GfZNAQVzD9Mi2HUVtoax2S8DHypi3HwVNwzyyPFypump,SIWIF,RUGGED,3.0794e-08,3.3307e-08,30.79,3740,31.03,3769,28.34,3440,1.606,195.11,2026-10-04 12:48:32,2026-10-04 12:48:35,329.3,2.8339e-08,0.203,0.92,1.57,CLOSED,rug-liquidity-collapse,0.05,0.04205,0.841
9KJbHYqLy4W6PNXdgb9tsreof4EZ6G697jWLTMd8pump,SIOWL,RUGGED,3.1762e-08,3.4088e-08,31.76,3858,31.76,3858,28.63,3474,1.975,239.9,2026-10-04 12:49:03,2026-10-04 12:49:06,328.8,2.8625e-08,0.355,0.92,1.05,CLOSED,rug-liquidity-collapse,0.05,0.04151,0.83
GSUarur2YHjV4cYWYz7N7SzncRVFVNGJQj2PkSipump,AI,RUGGED,3.2698e-08,3.5091e-08,32.7,3971,32.7,3971,27.96,3393,2.443,296.68,2026-10-04 12:49:05,2026-10-04 12:49:07,328.7,2.7959e-08,0.0,1.13,1.35,CLOSED,rug-liquidity-collapse,0.05,0.03938,0.788
E9NCogtYdoDYWpEW35PLKqPEcEFfThFPrwsscpCCpump,NTH,RUGGED,2.8042e-08,3.0098e-08,28.04,3406,28.04,3406,27.96,3393,0.044,5.4,2026-10-04 12:49:28,2026-10-04 12:49:31,328.3,2.7959e-08,0.0,0.92,0.92,CLOSED,rug-liquidity-collapse,0.05,0.04591,0.918
4Q1e8ZbadepD92VaPZg92yQkoUwpe58YTrAFuqVZpump,CashGrab,RUGGED,2.8125e-08,3.0958e-08,28.13,3416,28.84,3503,27.96,3393,0.471,57.17,2026-10-04 12:49:45,2026-10-04 12:49:48,328.1,2.7959e-08,0.0,0.92,0.92,CLOSED,rug-liquidity-collapse,0.05,0.04463,0.893
A2YQoL98UDmFwaGsRCGcsQbdRte8KpuguhRvjkL1pump,MOCHIBO,RUGGED,2.8700e-08,3.5173e-08,28.7,3486,32.77,3980,27.96,3393,2.481,301.26,2026-10-04 12:50:23,2026-10-04 12:50:26,327.4,2.7959e-08,0.0,0.82,0.93,CLOSED,rug-liquidity-collapse,0.05,0.03929,0.786
599TBBicgLdmykTsFT9YdfW4zRuGGuv5ddypvHKXpump,BIKEGENCY,RUGGED,3.1316e-08,3.4472e-08,31.32,3803,32.12,3901,27.96,3393,2.155,261.75,2026-10-04 12:50:34,2026-10-04 12:50:36,327.3,2.7959e-08,0.0,0.9,0.9,CLOSED,rug-liquidity-collapse,0.05,0.04009,0.802
DwDzCoSsqKWtB177xVgdfg5cmh7LLhvmSedKeMbppump,TripPump ,RUGGED,5.4414e-08,5.8378e-08,54.41,6609,54.41,6609,27.97,3395,11.852,1439.41,2026-10-04 12:50:47,2026-10-04 12:50:50,327.0,2.7971e-08,0.007,1.75,1.75,CLOSED,rug-liquidity-collapse,0.05,0.02369,0.474
BiAdiXEPVFaxY4babcTuWRmfpT3d93tBgjbSQeD6pump,GAF,RUGGED,3.3159e-08,3.5586e-08,33.16,4027,33.16,4027,27.96,3393,2.671,324.39,2026-10-04 12:51:07,2026-10-04 12:51:10,326.7,2.7959e-08,0.0,1.31,1.34,CLOSED,rug-liquidity-collapse,0.05,0.03883,0.777
FZVHcQEWWwZeBnkiGWQqEroHd5KNEgdUFpwYobbdpump,ADDOG,RUGGED,2.8609e-08,3.4970e-08,28.61,3475,32.58,3957,27.96,3393,2.387,289.87,2026-10-04 12:51:13,2026-10-04 12:51:15,326.6,2.7959e-08,0.0,0.87,0.88,CLOSED,rug-liquidity-collapse,0.05,0.03952,0.79
4jZbn2962PvtSivVJuS14X49WQ7Akgd9o12ajedapump,SI,RUGGED,2.8143e-08,3.1176e-08,28.14,3418,29.05,3528,27.98,3396,0.578,70.22,2026-10-04 12:51:26,2026-10-04 12:51:29,326.4,2.7977e-08,0.01,0.91,0.92,CLOSED,rug-liquidity-collapse,0.05,0.04435,0.887
9PqyKvNJMQqS32oKiqUfXmiY4rwCDB44TSQfzkmwpump,SOLCAT,RUGGED,3.1769e-08,4.4825e-08,31.77,3858,41.77,5074,27.96,3393,6.671,810.15,2026-10-04 12:51:43,2026-10-04 12:51:46,326.1,2.7959e-08,0.0,0.66,0.89,CLOSED,rug-liquidity-collapse,0.05,0.03084,0.617
qwE7TPwT9KsuPnfZ76R8vrTqw7AMyNN1UfNwQEVyS3N,WAYLESS,RUGGED,2.7959e-08,3.0804e-08,27.96,3396,28.7,3486,28.02,3401,0.395,47.98,2026-10-04 12:51:50,2026-10-04 12:51:53,326.0,2.8023e-08,0.034,1.58,1.83,CLOSED,rug-liquidity-collapse,0.05,0.04496,0.899
E8YN8GNjggyfJz4RCDJYrtXCrAN2NjyJ4SGD2za3pump,Great,RUGGED,2.8488e-08,3.0274e-08,28.49,3460,28.21,3426,27.96,3393,0.132,16.05,2026-10-04 12:52:03,2026-10-04 12:52:06,325.8,2.7959e-08,0.0,0.92,0.92,CLOSED,rug-liquidity-collapse,0.05,0.04564,0.913
BBj4y2N4L7Hdz8SRLbQe2ff3y8vJBJoBc4CWNkKbpump,btx ,RUGGED,2.9834e-08,3.2842e-08,29.83,3623,30.6,3716,27.96,3393,1.385,168.19,2026-10-04 12:52:04,2026-10-04 12:52:07,325.7,2.7959e-08,0.0,0.9,0.98,CLOSED,rug-liquidity-collapse,0.05,0.04208,0.841
3kY3VPts4d13kaRzgbLqjtu2WgHDfHheMN4Du21DC9Kv,TWIN,RUGGED,2.7959e-08,3.2631e-08,27.96,3396,30.4,3692,27.96,3393,1.284,155.94,2026-10-04 12:52:39,2026-10-04 12:52:41,325.2,2.7959e-08,0.0,0.91,0.98,CLOSED,rug-liquidity-collapse,0.05,0.04235,0.847
7D1akL5MY3pE8KzDGRQDYH6k4oAqUbGMpZqJVc8fViMU,GREEN,RUGGED,2.7959e-08,3.6008e-08,27.96,3396,33.55,4075,27.96,3393,2.864,347.86,2026-10-04 12:52:47,2026-10-04 12:52:50,325.0,2.7959e-08,0.0,0.83,0.9,CLOSED,rug-liquidity-collapse,0.05,0.03838,0.768
473TT6vKwD8N8DQDHFpvaXBdhmA8odkDFj4LtbP8pump,SOLCAT,RUGGED,3.1769e-08,4.2933e-08,31.77,3858,40.01,4859,27.96,3393,5.888,715.06,2026-10-04 12:52:52,2026-10-04 12:52:55,324.9,2.7959e-08,0.0,0.69,0.8,CLOSED,rug-liquidity-collapse,0.05,0.0322,0.644
2gXNbP9QZU7SCjbK4BqdrL12bG2QVLNFDiNq2p27pump,PAINT,RUGGED,2.8738e-08,3.1623e-08,28.74,3490,29.46,3578,27.96,3393,0.796,96.73,2026-10-04 12:53:00,2026-10-04 12:53:02,324.8,2.7959e-08,0.0,0.9,0.93,CLOSED,rug-liquidity-collapse,0.05,0.0437,0.874
pvkPvEugXhVzEffto69SsgP6u77rh3h9sG13GGm3cQ7,GOLDIE,RUGGED,2.7959e-08,3.4935e-08,27.96,3396,32.55,3953,27.96,3393,2.37,287.88,2026-10-04 12:53:16,2026-10-04 12:53:18,324.6,2.7959e-08,0.0,0.91,1.01,CLOSED,rug-liquidity-collapse,0.05,0.03956,0.791
C368HgF6YuExggmWAmbXhXcr15wN9oZ4jfDAqKJopump,Teng Lana,RUGGED,2.7977e-08,3.4979e-08,27.98,3398,32.59,3958,27.96,3393,2.391,290.37,2026-10-04 12:53:21,2026-10-04 12:53:24,324.5,2.7959e-08,0.0,0.82,0.92,CLOSED,rug-liquidity-collapse,0.05,0.03951,0.79
Cn3AtLJyWUw3zGpe7kvE5hDATrM1Ddq6p319QFbJpump,SOLCAT,RUGGED,3.2759e-08,4.1071e-08,32.76,3979,38.27,4648,27.96,3393,5.1,619.45,2026-10-04 12:54:21,2026-10-04 12:54:24,323.5,2.7959e-08,0.0,0.74,0.78,CLOSED,rug-liquidity-collapse,0.05,0.03365,0.673
DbarBf2MQ9esd3rG6H6RQJqKMXWCdRRGBQR1RJLBpump,SOLCAT,RUGGED,3.1769e-08,3.4446e-08,31.77,3858,32.1,3898,27.96,3393,2.143,260.26,2026-10-04 12:55:05,2026-10-04 12:55:07,322.7,2.7959e-08,0.0,0.89,0.92,CLOSED,rug-liquidity-collapse,0.05,0.04012,0.802
APQYKmEPEFCL54J9YKsbBqGzF82oKvpWqX641QEHpump,GPUPAY,RUGGED,3.3754e-08,6.8728e-08,33.75,4099,64.07,7781,28.0,3398,15.413,1871.9,2026-10-04 12:55:12,2026-10-04 12:55:14,322.6,2.7998e-08,0.021,0.44,0.84,CLOSED,rug-liquidity-collapse,0.05,0.02015,0.403
2rMVrXKLNtqx9otzXb3WYrVMJMEo7QQ53Yw28b1ppump,KML,RUGGED,2.8179e-08,3.1017e-08,28.18,3422,28.9,3510,27.96,3393,0.5,60.69,2026-10-04 12:55:16,2026-10-04 12:55:18,322.6,2.7959e-08,0.0,0.92,0.92,CLOSED,rug-liquidity-collapse,0.05,0.04455,0.891
EvcDghCnngxiy3Q82SenuMXZPS5jvvPozHJcn7cbpump,$HATCAT,RUGGED,2.8236e-08,2.5310e-08,28.24,3429,23.57,2863,0.22,26,0.124,15.02,2026-10-04 12:55:19,2026-10-04 12:55:21,322.5,2.1692e-10,0.001,0.01,0.29,CLOSED,rug-liquidity-collapse,0.05,0.00042,0.008
6DhmtmcjPFfVWzjJZTw5RFq3iWyRSywbG1EvzrM8pump,DOGGH,RUGGED,2.8441e-08,3.0526e-08,28.44,3454,28.44,3454,27.96,3393,0.257,31.26,2026-10-04 12:55:21,2026-10-04 12:55:24,322.5,2.7959e-08,0.0,0.92,0.92,CLOSED,rug-liquidity-collapse,0.05,0.04526,0.905
9WbVBhriGZ7q3Fs6YEvpqTSTDwTkTEqtSiRP7b9apump,躺赢,RUGGED,2.8889e-08,3.1007e-08,28.89,3509,28.89,3509,27.96,3393,0.495,60.12,2026-10-04 12:55:26,2026-10-04 12:55:28,322.4,2.7959e-08,0.0,0.92,0.92,CLOSED,rug-liquidity-collapse,0.05,0.04456,0.891
5vsNSy6tzeUw4GkTqZG3hGZxF5nLTDa84bq9rVcXS8vS,BYE,RUGGED,2.7959e-08,3.1022e-08,27.96,3396,28.9,3510,27.96,3393,0.502,61.03,2026-10-04 12:56:03,2026-10-04 12:56:06,321.8,2.7959e-08,0.0,0.92,0.92,CLOSED,rug-liquidity-collapse,0.05,0.04454,0.891
5QmEgE9rK3aB1SDi7mK7rXPt2QHe7FRT69zbb2X2iSip,ELONMUSK,RUGGED,2.9854e-08,3.4061e-08,29.85,3626,31.74,3854,29.38,3566,1.963,238.37,2026-10-04 12:56:18,2026-10-04 12:56:21,321.5,2.9379e-08,0.752,1.08,1.18,CLOSED,rug-liquidity-collapse,0.05,0.04263,0.853
mWBvRUWofZA9cAQjWZN1SFXw3nFzRBpajxFc1PFpump,launchpod,RUGGED,3.2698e-08,3.5540e-08,32.7,3971,33.12,4022,27.96,3393,2.65,321.84,2026-10-04 12:56:21,2026-10-04 12:56:23,321.5,2.7959e-08,0.0,1.13,1.13,CLOSED,rug-liquidity-collapse,0.05,0.03888,0.778
FeNhtdAsZxfjVZtqtNWTxXYHP3QKSYBnKHgKHKXwPifJ,VIRTUALZ,RUGGED,2.8588e-08,3.1663e-08,28.59,3472,29.5,3583,27.96,3393,0.816,99.13,2026-10-04 12:56:41,2026-10-04 12:56:43,321.1,2.7959e-08,0.0,0.89,0.92,CLOSED,rug-liquidity-collapse,0.05,0.04364,0.873
5mn8va1YPnN9zaGAXhRFfxzDLBt8PUXKHdgLxJM2pump,supereagle,RUGGED,3.0789e-08,3.3899e-08,30.79,3739,31.59,3836,27.96,3393,1.887,229.12,2026-10-04 12:56:47,2026-10-04 12:56:49,321.0,2.7959e-08,0.0,0.9,0.9,CLOSED,rug-liquidity-collapse,0.05,0.04077,0.815
ASFgJ816FjiM8BXxbzmFYHvKpNppaYJdDnDcWx79uLXR,LIFE,RUGGED,3.5808e-08,4.1065e-08,35.81,4349,38.27,4648,27.98,3395,5.098,619.12,2026-10-04 12:56:48,2026-10-04 12:56:50,321.0,2.7975e-08,0.009,0.74,1.35,CLOSED,rug-liquidity-collapse,0.05,0.03368,0.674
C7eceUrctrr3yxhtZZtRbpHAHVkehQSc7gXHdm9rbBC7,VIRTUALZ,RUGGED,3.8055e-08,3.3720e-08,38.06,4622,31.42,3816,27.96,3393,1.802,218.89,2026-10-04 12:56:49,2026-10-04 12:56:52,321.0,2.7959e-08,0.0,0.9,0.9,CLOSED,rug-liquidity-collapse,0.05,0.04098,0.82
2W21czb5KvFvuNFS2PwSjTKs882gqD4o7w8PioWKpump,COIL,RUGGED,2.8889e-08,3.1007e-08,28.89,3509,28.89,3509,27.96,3393,0.495,60.12,2026-10-04 12:56:50,2026-10-04 12:56:53,321.0,2.7959e-08,0.0,0.92,0.92,CLOSED,rug-liquidity-collapse,0.05,0.04456,0.891
3ANpd8cdH18HjjnkMG6az9LTzqSQEyn5Ym6EDvzxpump,VIRTUALCAT,RUGGED,2.8152e-08,5.2724e-07,28.15,3419,491.96,59748,488.58,59299,1.81,219.81,2026-10-04 12:57:02,2026-10-04 12:57:04,320.8,4.8858e-07,0.0,0.92,0.92,CLOSED,rug-liquidity-collapse,0.05,0.04586,0.917
GUZ95Pws7jger3UJLrQzVntxuAsZEdovSy9jFQXFpump,TICO,RUGGED,2.8422e-08,3.2810e-08,28.42,3452,30.57,3713,27.96,3393,1.37,166.38,2026-10-04 12:57:05,2026-10-04 12:57:08,320.7,2.7959e-08,0.0,0.88,0.92,CLOSED,rug-liquidity-collapse,0.05,0.04212,0.842
BGinR8WTzLbqymcKwcc8Z2eYPtWLBfBnjonyyQLVpump,$TUBB,RUGGED,3.9698e-08,4.2598e-08,39.7,4821,39.7,4821,27.96,3394,5.747,698.01,2026-10-04 12:58:00,2026-10-04 12:58:03,319.8,2.7962e-08,0.001,1.12,1.12,CLOSED,rug-liquidity-collapse,0.05,0.03245,0.649
G2eWDT3mmoPYq85FitZr673VYCdJCcfxBi56pnWppump,GEMINIPAD,RUGGED,2.8079e-08,3.0138e-08,28.08,3410,28.08,3410,27.96,3393,0.064,7.8,2026-10-04 12:58:08,2026-10-04 12:58:10,319.7,2.7959e-08,0.0,0.92,0.92,CLOSED,rug-liquidity-collapse,0.05,0.04585,0.917
21L1r2iEGA2ZVjbe7nRWcCZFmAi8sUxQsZitKBUgpump,SIL,RUGGED,2.8143e-08,3.0207e-08,28.14,3418,28.14,3418,36.19,4393,0.099,12.0,2026-10-04 12:58:14,2026-10-04 12:58:16,319.6,3.6192e-08,0.0,0.92,0.92,CLOSED,rug-liquidity-collapse,0.05,0.05921,1.184
ByRZ15hrtgtQ1maqfcjiiEexd8Uky5U5Pjp8RUrBpump,ZCAT,RUGGED,2.9854e-08,4.7426e-08,29.85,3626,44.2,5368,27.96,3393,7.72,937.62,2026-10-04 12:58:25,2026-10-04 12:58:28,319.4,2.7959e-08,0.0,0,0,CLOSED,rug-liquidity-collapse,0.05,0.02915,0.583
etQcAUYbaHokULWFpJPiph2xETJA75kcbRx8p6gpump,FOXING,RUGGED,3.1401e-08,3.0545e-08,31.4,3814,28.46,3456,27.96,3393,0.267,32.42,2026-10-04 12:58:25,2026-10-04 12:58:28,319.4,2.7959e-08,0.0,0,0,CLOSED,rug-liquidity-collapse,0.05,0.04523,0.905
96eH2EZm9K8FYrv2Xn7553LBDJsCEVe1aUGfxtWEpump,GrenCAT,RUGGED,3.0019e-08,3.8021e-08,30.02,3646,35.43,4303,48.9,5935,1.281,155.58,2026-10-04 12:58:26,2026-10-04 12:58:28,319.4,4.8903e-08,0.0,0,0,CLOSED,rug-liquidity-collapse,0.05,0.06358,1.272
8N5xxmNVbEdm46cjikJ3MJEV5T2dNJMag2FXSXVEpump,SNAIL,RUGGED,2.8747e-08,3.1005e-08,28.75,3489,28.89,3506,27.96,3393,0.494,59.94,2026-10-04 18:17:51,2026-10-04 18:17:54,0.1,2.7959e-08,0.0,0,0,CLOSED,rug-liquidity-collapse,0.05,0.04457,0.891
GkdwUFLvPqPDFj1XjFn6q7DGjn2zQkEQioB9dExZpump,Quota,RUGGED,2.8070e-08,3.3189e-08,28.07,3407,30.92,3753,28.07,3407,1.551,188.2,2026-10-04 18:17:54,2026-10-04 18:17:56,0.1,2.8070e-08,0.059,0,0,CLOSED,rug-liquidity-collapse,0.05,0.0418,0.836
63fRGaAiWpStepcXaeAtWjDRommrSLgpCfnf1c74pump,WWW/,RUGGED,2.8427e-08,1.4361e-07,28.43,3450,133.91,16253,31.02,3765,35.655,4327.45,2026-10-04 18:17:52,2026-10-04 18:17:55,0.2,3.1020e-08,1.6,0.88,0.88,CLOSED,rug-liquidity-collapse,0.05,0.01068,0.214
EHuCCXpcgQ4ptcFgaB1M7FtaRbJJ4t9bD6Cc1z4Vpump,Agents,RUGGED,2.8889e-08,7.6790e-08,28.89,3506,71.59,8688,30.08,3651,18.004,2185.11,2026-10-04 18:18:09,2026-10-04 18:18:12,0.1,3.0079e-08,1.117,0,0,CLOSED,rug-liquidity-collapse,0.05,0.01937,0.387
FhPiu4FNigRoPcchcoWCX73pFB6VNQxBvPgtRUjAkLZE,QUOTA,RUGGED,2.9854e-08,3.8538e-08,29.85,3623,35.91,4359,27.96,3393,4.0,485.48,2026-10-04 18:18:04,2026-10-04 18:18:07,0.3,2.7959e-08,0.0,0.86,0.92,CLOSED,rug-liquidity-collapse,0.05,0.03586,0.717
ECFGgwqkqDyHXKPxSREbRND8nB5RrQAqdX8L8mSZinfL,INFLUENCER,RUGGED,3.0021e-08,3.1144e-08,30.02,3644,29.02,3522,28.28,3432,0.563,68.27,2026-10-04 18:18:32,2026-10-04 18:18:35,0.1,2.8279e-08,0.171,0,0,CLOSED,rug-liquidity-collapse,0.05,0.04487,0.897
8uiv9Ci9UDe6hK8wpKGmVG5SnhVzmPTmD2BjijnSpump,BUENOMICS,RUGGED,2.8052e-08,3.7557e-08,28.05,3405,35.0,4248,37.74,4580,3.564,432.58,2026-10-04 18:18:22,2026-10-04 18:18:24,0.4,3.7738e-08,4.854,1.54,1.66,CLOSED,rug-liquidity-collapse,0.05,0.04966,0.993
2R9xnmZuiUAkaZLhQsPh7r1q1eRD92hTUGgmsec7pump,LUCIA,RUGGED,2.8328e-08,3.0405e-08,28.33,3438,28.33,3438,9.37,1137,0.198,23.97,2026-10-04 18:17:50,2026-10-04 18:17:53,1.1,9.3718e-09,0.0,0.31,1.19,CLOSED,rug-liquidity-collapse,0.05,0.01523,0.305
874mQf1D2d7LHZWG6sN796zBbkM2FymjSfiy3txspump,Nett,RUGGED,2.8125e-08,2.1891e-08,28.12,3414,20.38,2474,87.39,10606,0.064,7.82,2026-10-04 18:18:28,2026-10-04 18:18:31,0.5,8.7390e-08,0.009,1.85,1.85,CLOSED,rug-liquidity-collapse,0.05,0.19718,3.943
E6KADgkH6wyfYudsrDVQ9j3QpYjrBM75v6FqC5rMpump,TEKCITY,RUGGED,2.9225e-08,3.3188e-08,29.22,3547,30.92,3753,27.97,3395,1.55,188.12,2026-10-04 18:18:37,2026-10-04 18:18:40,0.4,2.7974e-08,0.008,0.89,0.9,CLOSED,rug-liquidity-collapse,0.05,0.04166,0.833
2kgKtcnS88Zggbm737GXsw5xpeiJ6yyuK6M8tYbyU7GN,QUOTA,RUGGED,2.7959e-08,3.0587e-08,27.96,3393,28.5,3459,27.96,3393,0.287,34.88,2026-10-04 18:18:45,2026-10-04 18:18:47,0.2,2.7959e-08,0.0,0.92,0.92,CLOSED,rug-liquidity-collapse,0.05,0.04517,0.903
3fsmaTNNxXLxX77iTQU14vW62WmvyZ1wuLKcg4Y8pump,HALH,RUGGED,2.8878e-08,3.4364e-08,28.88,3505,32.01,3885,22.77,2763,6.195,751.85,2026-10-04 18:18:35,2026-10-04 18:18:37,0.5,2.2766e-08,2.901,1.94,1.94,CLOSED,rug-liquidity-collapse,0.05,0.03273,0.654
J8PmBWQZ2VgncD85fEHF9R3nt5PQgATYNie8KKzJ2Jtx,BAGWORKER,RUGGED,2.7978e-08,3.1026e-08,27.98,3396,28.91,3508,28.12,3412,0.504,61.19,2026-10-04 18:18:53,2026-10-04 18:18:55,0.2,2.8115e-08,0.084,1.16,1.16,CLOSED,rug-liquidity-collapse,0.05,0.04478,0.896
41fUq1b1UmLXF9hnA5noLpGQyvjGJoMP6Y4NkJc2pump,Launchpad,RUGGED,2.8236e-08,3.1210e-08,28.24,3427,29.08,3529,28.24,3427,0.595,72.19,2026-10-04 18:19:00,2026-10-04 18:19:03,0.1,2.8236e-08,0.148,0,0,CLOSED,rug-liquidity-collapse,0.05,0.04471,0.894
BrhmRezXsSE7bnxmrHz44VWEZmULSB8UcUNbVePzpump,MOLE,RUGGED,5.0507e-08,4.7989e-08,50.51,6130,44.73,5428,30.96,3757,7.944,964.12,2026-10-04 18:17:59,2026-10-04 18:18:01,1.2,3.0957e-08,1.568,1.53,1.53,CLOSED,rug-liquidity-collapse,0.05,0.03189,0.638
AeKpy8PuasKQarTbLQp5CRukCzVZYLHSJx9qNqispump,MESSI,RUGGED,2.8087e-08,1.9242e-08,28.09,3409,17.91,2174,24.37,2958,0.044,5.3,2026-10-04 18:18:41,2026-10-04 18:18:43,0.5,2.4371e-08,0.019,1.37,1.37,CLOSED,rug-liquidity-collapse,0.05,0.06254,1.251
ACm6ExcBwRLYbWtwZZPqL9sd8v5V3F2rQ3hsyNLApump,BabyTrump,RUGGED,3.6550e-08,7.6211e-10,36.55,4436,0.65,79,0.35,43,0.138,16.78,2026-10-04 18:18:02,2026-10-04 18:18:05,1.2,3.5427e-10,0.006,0.57,0.74,CLOSED,rug-liquidity-collapse,0.05,0.02166,0.433
76fXCMuAbA5xg6XXT5VUE6xdxM6QMEGXduseH3rZC6c5,TRADE,RUGGED,3.8055e-08,3.3571e-08,38.06,4619,31.28,3796,16.24,1971,4.124,500.51,2026-10-04 18:19:06,2026-10-04 18:19:09,0.2,1.6240e-08,0.0,0.81,0.81,CLOSED,rug-liquidity-collapse,0.05,0.02391,0.478
87ptSWwiVtpEAV36NypQ8PmsmLCqZ1kHYoAEiDEupump,CATE,RUGGED,2.9834e-08,2.3560e-08,29.83,3621,21.94,2663,16.46,1998,0.736,89.29,2026-10-04 18:19:08,2026-10-04 18:19:10,0.2,1.6460e-08,0.0,0.74,0.74,CLOSED,rug-liquidity-collapse,0.05,0.03451,0.69
Ay7utHUAvoWV1hFzX5a8vi8TjtcZK2Hd82arxN3ipump,Agents,RUGGED,2.8887e-08,7.9088e-08,28.89,3506,73.73,8949,38.11,4625,18.717,2271.71,2026-10-04 18:19:13,2026-10-04 18:19:15,0.1,3.8106e-08,5.023,0,0,CLOSED,rug-liquidity-collapse,0.05,0.02383,0.477
AUmKarsP89jBUuFY5vofR7rJuFy7MjbCoPZQuj1rpump,FARTZ,RUGGED,2.9621e-08,3.4595e-08,29.62,3595,32.23,3912,29.62,3595,2.212,268.51,2026-10-04 18:19:15,2026-10-04 18:19:18,0.1,2.9621e-08,0.879,0,0,CLOSED,rug-liquidity-collapse,0.05,0.04232,0.846
3ew6CcWjFzmqJuFDuTeUseepCDxpexHBr9E4uzXApump,612,RUGGED,2.8143e-08,2.5532e-08,28.14,3416,23.78,2886,19.7,2391,0.083,10.13,2026-10-04 18:19:17,2026-10-04 18:19:19,0.2,1.9698e-08,0.0,0.77,0.77,CLOSED,rug-liquidity-collapse,0.05,0.03811,0.762
HBGaQffuGxzkb52khZbUSJhTPYZLYx9Gu5nPKftYpump,PRINTR,RUGGED,2.9830e-08,3.3462e-08,29.83,3620,31.18,3784,27.96,3393,1.68,203.89,2026-10-04 18:18:35,2026-10-04 18:18:37,1.0,2.7959e-08,0.0,0.88,0.89,CLOSED,rug-liquidity-collapse,0.05,0.0413,0.826
6buJVmByxmXmgEQgKR2hMyBw4d4bbN6C6XqAWxUmpump,FRUIT,RUGGED,2.8700e-08,3.7234e-08,28.7,3483,34.7,4211,28.85,3502,3.42,415.04,2026-10-04 18:18:46,2026-10-04 18:18:49,1.0,2.8850e-08,0.474,0.83,0.86,CLOSED,rug-liquidity-collapse,0.05,0.0383,0.766
HFmNKfSmaREF792m3gdSexWQoH9myUJGwkkMNbVzZci1,STUPIDINU,RUGGED,2.7959e-08,3.3374e-08,27.96,3393,31.1,3774,27.96,3393,1.639,198.87,2026-10-04 18:18:55,2026-10-04 18:18:57,0.9,2.7959e-08,0.0,0.88,0.92,CLOSED,rug-liquidity-collapse,0.05,0.04141,0.828
4GCApguSo1SdkTnoBGgiqRsnXNt89aHgGirnxJP8pump,DARIA,RUGGED,3.0759e-08,3.4332e-08,30.76,3733,31.99,3883,28.28,3433,2.09,253.65,2026-10-04 18:19:27,2026-10-04 18:19:29,0.4,2.8285e-08,0.174,0.9,0.9,CLOSED,rug-liquidity-collapse,0.05,0.04072,0.814
8yHZoiLs9SS73p9GJGQNXLRTWkngGfApiDFrGyPNNZhS,dollar,RUGGED,2.7959e-08,5.2519e-07,27.96,3393,490.05,59477,457.36,55510,17.233,2091.61,2026-10-04 18:19:43,2026-10-04 18:19:46,0.1,4.5736e-07,0.0,0,0,CLOSED,rug-liquidity-collapse,0.05,0.0431,0.862
FxGCc15dUjkauAGZMH1YXkZ16Mp1JYHYHybnvKFvxhh8,ADAD,RUGGED,2.8427e-08,3.5059e-08,28.43,3450,32.67,3965,28.73,3487,2.428,294.69,2026-10-04 18:19:44,2026-10-04 18:19:46,0.1,2.8728e-08,0.41,0,0,CLOSED,rug-liquidity-collapse,0.05,0.0405,0.81
AWfnBoZUPHwUZvXknFYcW8mexhRm3WBMpN751mkVqbfN,SON,RUGGED,5.2173e-08,1.0664e-06,52.17,6332,995.09,120775,523.44,63529,233.122,28294.04,2026-10-04 18:19:44,2026-10-04 18:19:47,0.2,5.2344e-07,34.252,0,0,CLOSED,rug-liquidity-collapse,0.05,0.02429,0.486
6weiZKHChCgxD1D3CsuAcp5MvszAJyPT1x4tsiwL4gaz,G80,RUGGED,3.8055e-08,4.3452e-08,38.06,4619,40.49,4915,30.79,3737,6.104,740.85,2026-10-04 18:19:45,2026-10-04 18:19:47,0.1,3.0789e-08,1.481,0,0,CLOSED,rug-liquidity-collapse,0.05,0.03503,0.701
2ZiEverCgnkCusbqnR3vLGo3GwRkCwmessAX4TfYkimZ,AYWS,RUGGED,2.8514e-08,3.0605e-08,28.51,3461,28.51,3461,28.02,3401,0.296,35.96,2026-10-04 18:19:48,2026-10-04 18:19:50,0.1,2.8022e-08,0.034,0,0,CLOSED,rug-liquidity-collapse,0.05,0.04525,0.905
8c48prEdpfFaTA7JaEv3Ubw1r4u7sQSaM1vPffW5jVL6,AGENT,RUGGED,3.1811e-08,3.0911e-08,31.81,3861,28.8,3495,27.96,3393,0.448,54.34,2026-10-04 18:19:27,2026-10-04 18:19:29,0.5,2.7959e-08,0.0,0.92,0.92,CLOSED,rug-liquidity-collapse,0.05,0.0447,0.894
AvJ9uJg1ufihgcdnaqPGBZCTGDMmPDajaobpmR1npump,SWAP,RUGGED,2.8747e-08,3.1541e-08,28.75,3489,29.39,3567,28.41,3448,0.757,91.82,2026-10-04 18:19:44,2026-10-04 18:19:46,0.2,2.8408e-08,0.24,0.92,0.92,CLOSED,rug-liquidity-collapse,0.05,0.04451,0.89
pumpCmXqMfrsAkQ5r49WcJnRayYRqmXz6ae8H7H9Dfn,SON,RUGGED,2.7959e-08,9.1865e-07,27.96,3393,857.19,104037,458.56,55655,181.095,21979.48,2026-10-04 18:19:52,2026-10-04 18:19:55,0.1,4.5856e-07,0.64,0,0,CLOSED,rug-liquidity-collapse,0.05,0.0247,0.494
H4qbwhrPfxWJQZ2K4qdgNLQBtWFfinDDgriw3pvzpump,KRYPTONS,RUGGED,2.9830e-08,3.2444e-08,29.83,3620,30.23,3669,29.0,3520,1.194,144.94,2026-10-04 18:19:52,2026-10-04 18:19:55,0.2,2.9003e-08,0.555,0.94,0.94,CLOSED,rug-liquidity-collapse,0.05,0.04418,0.884
G8hHB5qh2RhZ5fzH7xxiVtX8m1yPPXRUqctek5hf6ob2,M4,RUGGED,5.2214e-08,9.4202e-07,52.21,6337,879.01,106685,519.53,63056,189.59,23010.53,2026-10-04 18:19:58,2026-10-04 18:20:01,0.1,5.1953e-07,32.291,0,0,CLOSED,rug-liquidity-collapse,0.05,0.02729,0.546
4G3w7p3YaxDNKNSc7SZxgKuShBoRY4m9SLsvD137pump,CATE,RUGGED,3.6836e-08,5.4665e-08,36.84,4471,50.96,6185,11.76,1427,6.098,740.15,2026-10-04 18:19:31,2026-10-04 18:19:34,0.6,1.1761e-08,0.873,0.71,0.71,CLOSED,rug-liquidity-collapse,0.05,0.01064,0.213
B652cFoJ3B6wxRSMNecKo7FShxxT5C8j5XiX8Db7pump,ROSE,RUGGED,2.8070e-08,3.4890e-08,28.07,3407,32.51,3946,4.89,593,0.073,8.87,2026-10-04 18:19:10,2026-10-04 18:19:13,1.0,4.8856e-09,0.017,0.34,0.85,CLOSED,rug-liquidity-collapse,0.05,0.00692,0.138
H7ZxxM1wgpkjxMwDXhteaKhurttSEe3LNVqxcXQqefrh,TRADE,RUGGED,4.4859e-08,6.1378e-08,44.86,5444,57.22,6944,20.76,2519,10.087,1224.28,2026-10-04 18:19:58,2026-10-04 18:20:01,0.2,2.0758e-08,0.0,0.51,0.51,CLOSED,rug-liquidity-collapse,0.05,0.01672,0.334
CpXuAgQNRgJ3uEJyKTdREoWzrt33ABJGX3NYV8yzPdVn,GENTLYUSEDM4,RUGGED,4.0261e-08,5.3312e-08,40.26,4886,49.69,6031,30.79,3737,9.994,1212.95,2026-10-04 18:20:06,2026-10-04 18:20:09,0.1,3.0789e-08,1.481,0,0,CLOSED,rug-liquidity-collapse,0.05,0.02856,0.571
4TTQJxEuc4nZzS9ZcotQ6CLb8SBCmXzFwg5upcktpump,QUOTA,RUGGED,3.0825e-08,3.4043e-08,30.82,3741,31.72,3850,28.5,3459,1.954,237.17,2026-10-04 18:19:32,2026-10-04 18:19:34,0.8,2.8497e-08,0.287,0.91,0.91,CLOSED,rug-liquidity-collapse,0.05,0.04137,0.827
3PDkKZJoNXUA98VcM26fkhmkE3sTtGKRPkdvXDvbpump,Quota,RUGGED,2.9830e-08,3.2016e-08,29.83,3620,29.83,3620,30.23,3669,0.988,119.87,2026-10-04 18:20:06,2026-10-04 18:20:09,0.2,3.0226e-08,1.193,1.15,1.15,CLOSED,rug-liquidity-collapse,0.05,0.04666,0.933
4EAgqL7KpXrgRvtMxYbUG3YCL2huGN5NBLk9wfmqWcZL,Agents,RUGGED,2.8899e-08,3.1017e-08,28.9,3507,28.9,3507,27.96,3393,0.5,60.69,2026-10-04 18:19:33,2026-10-04 18:19:35,0.8,2.7959e-08,0.0,0.92,0.92,CLOSED,rug-liquidity-collapse,0.05,0.04455,0.891
HhK81hHdmvGbbKWVyucPzwmLj549KoCRZMq27Lt1pump,m4,RUGGED,2.7959e-08,6.2968e-07,27.96,3393,587.55,71311,503.65,61127,65.476,7946.87,2026-10-04 18:20:15,2026-10-04 18:20:18,0.1,5.0365e-07,24.232,0,0,CLOSED,rug-liquidity-collapse,0.05,0.03958,0.792
CZ5N8EAjHMsNN4D93vUM9yr89W1Hi14T4gxFBtSgZnfh,M4,RUGGED,3.3830e-08,3.6306e-08,33.83,4106,33.83,4106,27.96,3393,3.0,364.11,2026-10-04 18:20:08,2026-10-04 18:20:10,0.3,2.7959e-08,0.0,0.92,0.92,CLOSED,rug-liquidity-collapse,0.05,0.03807,0.761
Ab3Ed6sKzjS7yPTRNAtP23dV3wXajpeJzki8ELk5hYHo,VEIL,RUGGED,2.7959e-08,3.3412e-08,27.96,3393,31.13,3779,27.96,3393,1.657,201.07,2026-10-04 18:19:40,2026-10-04 18:19:43,0.8,2.7959e-08,0.0,0.88,0.9,CLOSED,rug-liquidity-collapse,0.05,0.04136,0.827
GB9BB1uS88YiebPL8NMzeu1qRLzu7JJouNDnm1Lipump,SON,RUGGED,3.3754e-08,6.2694e-08,33.75,4097,58.44,7093,32.87,3989,13.372,1623.01,2026-10-04 18:20:18,2026-10-04 18:20:20,0.2,3.2865e-08,2.526,0.68,0.68,CLOSED,rug-liquidity-collapse,0.05,0.02592,0.518
H2VzZoy63sSAVS7xFnaFrbGAsciEnskQ73fcBHZ1pump,PRINTR,RUGGED,3.0021e-08,3.2220e-08,30.02,3644,30.02,3644,27.96,3393,1.086,131.86,2026-10-04 18:19:51,2026-10-04 18:19:53,0.7,2.7959e-08,0.0,0.92,0.93,CLOSED,rug-liquidity-collapse,0.05,0.04289,0.858
2UEU53frsTchmxrkn7puo9sBG34T7wK9yBwswLHTpump,GZ,RUGGED,3.0403e-08,4.3941e-08,30.4,3690,40.95,4970,32.03,3887,6.307,765.47,2026-10-04 18:19:53,2026-10-04 18:19:55,0.7,3.2027e-08,2.108,1.46,1.46,CLOSED,rug-liquidity-collapse,0.05,0.03603,0.721
2424BKeLk8bACrkE6ukwbzjgQnzAYhs9caDJMXW1pump,PEMP,RUGGED,3.0789e-08,3.5057e-08,30.79,3737,32.67,3965,28.36,3442,2.427,294.58,2026-10-04 18:20:08,2026-10-04 18:20:10,0.5,2.8358e-08,0.213,0.88,0.88,CLOSED,rug-liquidity-collapse,0.05,0.03998,0.8
Amrwa4YRzJksXqHfsXF3dt4coDqBu9CnHu8sf5r9pump,STEALTH,RUGGED,3.1161e-08,3.4918e-08,31.16,3782,32.54,3949,27.96,3393,2.362,286.73,2026-10-04 18:19:28,2026-10-04 18:19:32,1.2,2.7959e-08,0.0,0.88,0.88,CLOSED,rug-liquidity-collapse,0.05,0.03958,0.791
CQgCs5B5YSLE49yoAsZAb8SXaRcMVqYydDRzXhMEdsDE,TRADE,RUGGED,4.4859e-08,8.6010e-08,44.86,5444,80.2,9733,59.2,7185,13.85,1681.01,2026-10-04 18:20:31,2026-10-04 18:20:34,0.1,5.9203e-08,0.011,0,0,CLOSED,rug-liquidity-collapse,0.05,0.03405,0.681
FiuQ5jBCy7VYPHhr4mvKE9bqXLtxFbrqqFdjq6HaMFqY,TRADE,RUGGED,4.4859e-08,9.7064e-08,44.86,5444,90.51,10985,11.87,1441,15.575,1890.35,2026-10-04 18:20:42,2026-10-04 18:20:45,0.2,1.1875e-08,0.0,0,0,CLOSED,rug-liquidity-collapse,0.05,0.00605,0.121
HrxLc2XujhJZRx19adpAQvJkJjZjcYArgyqufQStpump,HINGE,RUGGED,2.8747e-08,3.1508e-08,28.75,3489,29.36,3563,28.07,3407,0.74,89.87,2026-10-04 18:20:46,2026-10-04 18:20:48,0.1,2.8073e-08,0.061,0,0,CLOSED,rug-liquidity-collapse,0.05,0.04403,0.881
17BMkbxGfkYzshDSYbh9aXFquY2SWN1zThU6T4UprBT,SpaceXSI,RUGGED,2.8514e-08,3.0605e-08,28.51,3461,28.51,3461,27.96,3393,0.296,35.96,2026-10-04 18:20:42,2026-10-04 18:20:44,0.2,2.7959e-08,0.0,0.92,0.92,CLOSED,rug-liquidity-collapse,0.05,0.04515,0.903
6PfJ8DnJEqJg8bNYFMmwyaNVoeuF53QMZecxSGxvpump,ADAD,RUGGED,5.3941e-08,5.9736e-08,53.94,6547,55.68,6758,30.02,3644,12.336,1497.25,2026-10-04 18:19:50,2026-10-04 18:19:52,1.3,3.0023e-08,1.088,1.26,1.28,CLOSED,rug-liquidity-collapse,0.05,0.02485,0.497
9kb1Gb1QS3G21GXhwXofYv2JTaeXks5QzbNkrLa9pump,LUCIA,RUGGED,2.8328e-08,3.0405e-08,28.33,3438,28.33,3438,0.77,94,0.198,23.97,2026-10-04 18:19:03,2026-10-04 18:19:05,2.1,7.7215e-10,0.028,0.04,0.77,CLOSED,rug-liquidity-collapse,0.05,0.00125,0.025
4DoM7He8xosChsT8EE5pcLbDoXMTzLhaHQvqmF9cpump,CLDRCD,RUGGED,3.4469e-08,3.0434e-08,34.47,4183,28.36,3441,27.96,3393,0.212,25.71,2026-10-04 18:19:13,2026-10-04 18:19:15,2.0,2.7959e-08,0.0,0.92,0.92,CLOSED,rug-liquidity-collapse,0.05,0.0454,0.908
D2JvDFs6yWNUKM7tyypFtcrKyWwMQbJncz9c6Fwbx9Fn,TRADE,RUGGED,4.4859e-08,2.6916e-08,44.86,5444,25.07,3042,16.06,1949,4.565,554.01,2026-10-04 18:21:07,2026-10-04 18:21:10,0.1,1.6059e-08,0.0,0,0,CLOSED,rug-liquidity-collapse,0.05,0.02948,0.59
4L8fUXrkZvbL1QH1ech3VyVKTVhzn8G9hBKtv5rEpump,‎ ,RUGGED,3.5808e-08,4.0186e-08,35.81,4346,37.45,4545,28.06,3405,4.72,572.83,2026-10-04 18:18:15,2026-10-04 18:18:17,3.1,2.8055e-08,0.052,0.76,1.04,CLOSED,rug-liquidity-collapse,0.05,0.03451,0.69
Aqy5W6xggR8cYnLrP2eL4V3KhvuJRUJ39vweonskpump,NETWORLD,RUGGED,2.9830e-08,3.3993e-08,29.83,3620,31.67,3844,28.68,3481,1.931,234.36,2026-10-04 18:20:36,2026-10-04 18:20:39,0.7,2.8684e-08,0.387,0.9,0.91,CLOSED,rug-liquidity-collapse,0.05,0.04171,0.834
9NkNB6dSsiQgyj7VcAVbAi2T4qNaz2dPm6pQeowNpump,SID,RUGGED,2.8088e-08,3.0148e-08,28.09,3409,28.09,3409,27.96,3393,0.069,8.39,2026-10-04 18:20:49,2026-10-04 18:20:51,0.5,2.7959e-08,0.0,0.92,0.92,CLOSED,rug-liquidity-collapse,0.05,0.04583,0.917
BsyWZf4swNUpHxQL3yJbyufP4y7r6G4zDzPvLy9apump,DryerCat,RUGGED,2.8070e-08,2.6651e-08,28.07,3407,24.82,3013,48.82,5925,0.053,6.38,2026-10-04 18:21:04,2026-10-04 18:21:08,0.2,4.8816e-08,0.005,1.82,1.82,CLOSED,rug-liquidity-collapse,0.05,0.0905,1.81
9UuSBei1ozFxfPF9YHhezhQhH8bdJgePHpZh9ioppump,Stones,RUGGED,2.8329e-08,4.4765e-08,28.33,3438,41.73,5065,77.09,9357,0.292,35.4,2026-10-04 18:21:14,2026-10-04 18:21:17,0.2,7.7093e-08,0.04,1.58,1.58,CLOSED,rug-liquidity-collapse,0.05,0.08515,1.703
AWXFqnraP1ZzdE8h9z5GGYSMa5uemH3QBCW9LRFEpump,SТONKPOТ,RUGGED,2.9810e-08,3.4561e-08,29.81,3618,32.2,3909,31.61,3837,2.197,266.61,2026-10-04 18:21:04,2026-10-04 18:21:06,0.4,3.1614e-08,1.9,1.29,1.45,CLOSED,rug-liquidity-collapse,0.05,0.04521,0.904
BeS2G3j8sVBq6EdrPdH82GFcKTwTVTPp3jqic1HvUUwr,TEST,RUGGED,2.7978e-08,3.1026e-08,27.98,3396,28.91,3508,27.98,3396,0.504,61.19,2026-10-04 18:21:21,2026-10-04 18:21:24,0.2,2.7978e-08,0.01,0,0,CLOSED,rug-liquidity-collapse,0.05,0.04457,0.891
59vPsSnktSCMawsEKwSAugbuWWP9UC49QVSHKXpFTJbJ,TRADE,RUGGED,4.4859e-08,3.8285e-08,44.86,5444,35.67,4329,28.66,3478,6.409,777.88,2026-10-04 18:21:16,2026-10-04 18:21:19,0.2,2.8659e-08,2.296,1.45,1.45,CLOSED,rug-liquidity-collapse,0.05,0.037,0.74
3S6HTKSf93n8TwszUemDgCDBnEoXRvZe19WJtwQqpump,SHIBSI,RUGGED,2.7968e-08,3.3470e-08,27.97,3395,31.19,3785,29.08,3530,1.684,204.38,2026-10-04 18:21:24,2026-10-04 18:21:26,0.2,2.9084e-08,0.598,0.92,0.92,CLOSED,rug-liquidity-collapse,0.05,0.04295,0.859
FqRvaDVSBKxnhBxetX6W2t9rbtEH7ts3AFrJuDv1Zc2g,TRADE,RUGGED,4.4859e-08,3.1468e-08,44.86,5444,29.31,3558,16.06,1949,5.296,642.8,2026-10-04 18:21:37,2026-10-04 18:21:39,0.1,1.6060e-08,0.0,0,0,CLOSED,rug-liquidity-collapse,0.05,0.02522,0.504
3SWAKypwAnpAufPDWZs7q4ngRZihaKEDpMeFcnYnpump,opensource,RUGGED,2.9830e-08,3.2633e-08,29.83,3620,30.41,3690,28.48,3456,1.285,155.96,2026-10-04 18:21:22,2026-10-04 18:21:24,0.4,2.8479e-08,0.278,0.92,0.92,CLOSED,rug-liquidity-collapse,0.05,0.04313,0.863
7H4eRpkqqU9WFyQ9RD1GCk25CP8BUUAuP91143qg8Tbb,NOM,RUGGED,2.7978e-08,3.1109e-08,27.98,3396,28.98,3518,27.96,3393,0.545,66.14,2026-10-04 18:21:41,2026-10-04 18:21:43,0.1,2.7959e-08,0.0,0,0,CLOSED,rug-liquidity-collapse,0.05,0.04442,0.888
Ce45nQ3tLyALdugePhdW6BfWzicoqTdWsHtVfq2cpump,VISR,RUGGED,3.4888e-08,1.2291e-07,34.89,4234,114.61,13910,35.45,4303,30.738,3730.71,2026-10-04 18:21:44,2026-10-04 18:21:47,0.1,3.5452e-08,3.782,0,0,CLOSED,rug-liquidity-collapse,0.05,0.01427,0.285
HwnDwAQ9MXPFJ4qAuT6PkwmcAyWKNrXfcio8fkBspump,PePePad ,RUGGED,3.1769e-08,4.9665e-08,31.77,3856,46.29,5618,29.74,3609,8.601,1043.89,2026-10-04 18:18:25,2026-10-04 18:18:28,3.5,2.9740e-08,0.941,0.71,1.22,CLOSED,rug-liquidity-collapse,0.05,0.02961,0.592
BUUFNJPvcaFTqKnBGM8shfGvy9tKzgM99Tn4j5iWpump,QUOTA,RUGGED,3.0217e-08,3.3308e-08,30.22,3667,31.03,3767,28.12,3412,1.607,195.07,2026-10-04 18:20:03,2026-10-04 18:20:07,1.8,2.8116e-08,0.084,1.09,1.09,CLOSED,rug-liquidity-collapse,0.05,0.04172,0.834
2ZhGrA3HbWKkvX5tYSTXyQpmb1GoG6sUAraQdQt9pump,son,RUGGED,2.8237e-08,3.0307e-08,28.24,3427,28.24,3427,27.96,3393,0.149,18.03,2026-10-04 18:20:44,2026-10-04 18:20:47,1.2,2.7959e-08,0.0,0.92,0.92,CLOSED,rug-liquidity-collapse,0.05,0.04559,0.912
4qNTwK74A5KBJUUCUhDG2LFL56NpxT55rjn3uuvrpump,Tute,RUGGED,3.0794e-08,3.3131e-08,30.79,3738,30.87,3747,28.1,3410,1.523,184.85,2026-10-04 18:19:08,2026-10-04 18:19:10,2.9,2.8095e-08,0.073,0.92,0.95,CLOSED,rug-liquidity-collapse,0.05,0.04191,0.838
6sP531oAqUcEwQArQrgn6NUENkEGtUHmngCAWYbypump,TOAD,RUGGED,2.8878e-08,1.1841e-08,28.88,3505,11.0,1336,1.81,220,0.297,36.04,2026-10-04 18:20:50,2026-10-04 18:20:53,1.1,1.8131e-09,0.229,0.36,0.8,CLOSED,rug-liquidity-collapse,0.05,0.00753,0.151
GnYm4ddaBucpWSjFNzyZiFYyajyBdHQSdcc2TXs8wh3J,HCAT,RUGGED,2.8427e-08,3.2298e-08,28.43,3450,30.09,3652,29.06,3527,1.124,136.42,2026-10-04 18:21:33,2026-10-04 18:21:36,0.5,2.9062e-08,0.586,0.94,0.98,CLOSED,rug-liquidity-collapse,0.05,0.04447,0.889
5HTx8XXapBrCK9tzUpsN99BbuxF9mmfgKPGAgXMCpump,Influence,RUGGED,2.8515e-08,3.0626e-08,28.52,3461,28.53,3463,28.04,3404,0.307,37.25,2026-10-04 18:20:00,2026-10-04 18:20:02,2.2,2.8043e-08,0.045,0.96,0.99,CLOSED,rug-liquidity-collapse,0.05,0.04525,0.905
G3AJFB2jT3ZBpZAxg2kAF81W3sGJqFD9Gf6gsZWEpump,PEMP,RUGGED,2.9830e-08,3.3251e-08,29.83,3620,30.98,3760,29.0,3520,1.58,191.79,2026-10-04 18:22:05,2026-10-04 18:22:07,0.2,2.9003e-08,0.555,0.92,0.92,CLOSED,rug-liquidity-collapse,0.05,0.04311,0.862
jtNseZ5ZsTDN93qF5cWjQwcA1L7sbPbqNBheNJdfmt3,NRTV,RUGGED,2.7959e-08,3.2086e-08,27.96,3393,29.9,3628,28.24,3427,1.022,123.99,2026-10-04 18:22:03,2026-10-04 18:22:06,0.3,2.8238e-08,0.149,0.89,0.89,CLOSED,rug-liquidity-collapse,0.05,0.04349,0.87
BbocPE8oL4Yoz7kGYiNw7kEAcu7tnxvZcKcjWLhAHBxH,COST,RUGGED,2.8035e-08,3.0091e-08,28.03,3403,28.03,3403,27.96,3393,0.041,4.94,2026-10-04 18:22:09,2026-10-04 18:22:11,0.2,2.7959e-08,0.0,0.92,0.92,CLOSED,rug-liquidity-collapse,0.05,0.04592,0.918
Aa2iWiUxBsw6fL1jMb5xmUVWvcroJe2nRsnQ3CBesV3Z,TRENCHERS,RUGGED,2.7959e-08,3.0804e-08,27.96,3393,28.7,3483,27.96,3393,0.395,47.95,2026-10-04 18:22:00,2026-10-04 18:22:02,0.4,2.7959e-08,0.0,0.92,0.92,CLOSED,rug-liquidity-collapse,0.05,0.04486,0.897
BBUU2unWA8GTppQ9CNA1uMGLmqRk7StcoFF2nF7bpump,Pepepad ,RUGGED,3.1769e-08,4.1610e-08,31.77,3856,38.78,4706,32.88,3990,5.33,646.93,2026-10-04 18:22:07,2026-10-04 18:22:10,0.3,3.2878e-08,2.532,1.09,1.09,CLOSED,rug-liquidity-collapse,0.05,0.03906,0.781
H3dpvuEBvScvgkyFFME1d4YuyCvhjQt6HYvbdgP6pump,dollar,RUGGED,2.8051e-08,3.0108e-08,28.05,3405,28.05,3405,27.96,3393,0.05,6.01,2026-10-04 18:22:04,2026-10-04 18:22:06,0.5,2.7959e-08,0.0,0.92,0.92,CLOSED,rug-liquidity-collapse,0.05,0.04589,0.918
A8EAtorG7AVoVqC5gDwTynzxMTV6gfQa1ye8Nv8ypump,SLB,RUGGED,3.3754e-08,9.6910e-08,33.75,4097,90.35,10966,28.18,3421,23.93,2904.42,2026-10-04 18:22:05,2026-10-04 18:22:07,0.5,2.8185e-08,0.121,1.85,1.85,CLOSED,rug-liquidity-collapse,0.05,0.01438,0.288
7d46WNAxaCiGSweZgq3VFKwvBd4K2uRuWeJj6KAvwQw5,TRADE,RUGGED,4.4859e-08,5.9245e-08,44.86,5444,55.23,6703,15.74,1911,9.752,1183.64,2026-10-04 18:22:07,2026-10-04 18:22:10,0.6,1.5744e-08,0.006,0.68,0.85,CLOSED,rug-liquidity-collapse,0.05,0.01314,0.263
22eYu2xH9ER63bakZeemwtwSTtCnRTBNq7oAme1tpump,SAIL,RUGGED,2.9037e-08,8.4730e-08,29.04,3524,78.99,9587,33.3,4041,20.426,2479.09,2026-10-04 18:22:36,2026-10-04 18:22:39,0.1,3.3299e-08,2.74,0,0,CLOSED,rug-liquidity-collapse,0.05,0.01944,0.389
EnYfUX7NifvC9SEgGFikoG79khag9shMTAcv8913dM11,SLOPIFY,RUGGED,4.4626e-08,3.3044e-08,44.63,5416,30.79,3737,27.96,3393,1.481,179.81,2026-10-04 18:19:44,2026-10-04 18:19:47,3.0,2.7959e-08,0.0,0.92,0.92,CLOSED,rug-liquidity-collapse,0.05,0.04182,0.836
EBjxPtfxATipzGqRPFHRAhwqxFXZzkFWMY1SQfw1pump,JSN,RUGGED,2.8328e-08,3.0405e-08,28.33,3438,28.33,3438,38.93,4725,0.198,23.97,2026-10-04 18:21:53,2026-10-04 18:21:56,0.9,3.8933e-08,0.0,1.28,1.59,CLOSED,rug-liquidity-collapse,0.05,0.06328,1.265
2EtLnxyMWy6xJwLkXiEYcYQXF6RDghVho6GLgHNEpump,SWAP,RUGGED,3.4773e-08,4.0986e-08,34.77,4220,38.19,4636,28.56,3467,5.064,614.59,2026-10-04 18:19:28,2026-10-04 18:19:30,3.4,2.8564e-08,0.323,0.87,0.93,CLOSED,rug-liquidity-collapse,0.05,0.03445,0.689
kAHS7XWkw7RTrUwfAo4YdWpjN3z7XhNtbyVgWgdpump,Agents,RUGGED,2.8887e-08,7.4584e-08,28.89,3506,69.53,8439,29.58,3591,17.309,2100.8,2026-10-04 18:20:13,2026-10-04 18:20:16,2.6,2.9585e-08,0.86,2.93,2.93,CLOSED,rug-liquidity-collapse,0.05,0.06847,1.369
5Z7MuN7njnCMGdGKazE7oF26e4oH78mQx2vW9Fn8pump,Att,RUGGED,2.8070e-08,3.3578e-08,28.07,3407,31.29,3798,33.76,4097,0.066,8.04,2026-10-04 18:22:45,2026-10-04 18:22:47,0.1,3.3759e-08,0.012,0,0,CLOSED,rug-liquidity-collapse,0.05,0.04969,0.994
9dxbzkJAhzrHWcb4bCdB4dw95Ft75VCYR6a5xBr3TJEJ,WINNING,RUGGED,3.8055e-08,3.5295e-08,38.06,4619,32.89,3992,27.96,3393,2.537,307.93,2026-10-04 18:19:44,2026-10-04 18:19:47,3.2,2.7959e-08,0.0,0.86,0.86,CLOSED,rug-liquidity-collapse,0.05,0.03915,0.783
CJ2A5kSFxJp7Brac7JHg7f4fKRYB6vjrCiaYcoX5a9K6,Dogtor,RUGGED,3.3830e-08,3.6306e-08,33.83,4106,33.83,4106,27.96,3393,3.0,364.11,2026-10-04 18:20:12,2026-10-04 18:20:15,2.7,2.7959e-08,0.0,0.84,0.84,CLOSED,rug-liquidity-collapse,0.05,0.03807,0.761
ERCbYAdk8KR3ReXwC5m8rKwuTbuUPtGqYwUJ5obtpump,SТONKPOТ,RUGGED,5.2110e-08,6.1962e-08,52.11,6325,57.76,7010,33.5,4066,13.118,1592.18,2026-10-04 18:21:29,2026-10-04 18:21:32,1.5,3.3505e-08,2.841,1.68,1.69,CLOSED,rug-liquidity-collapse,0.05,0.02674,0.535
FZRv8u3PC6fZw25z6ovNhJertypkB4nZQTgJ7LQMpump,trench,RUGGED,2.8142e-08,2.8410e-08,28.14,3416,26.47,3212,16.66,2022,0.092,11.16,2026-10-04 18:22:42,2026-10-04 18:22:45,0.5,1.6663e-08,0.058,1.5,1.63,CLOSED,rug-liquidity-collapse,0.05,0.02898,0.58
WcdLnFvvARR6ApUoYktoW1qpuY7uDyaFUnVgspLhixF,WOO,RUGGED,2.7959e-08,3.1105e-08,27.96,3393,28.98,3517,27.96,3393,0.543,65.94,2026-10-04 18:22:48,2026-10-04 18:22:50,0.4,2.7959e-08,0.0,0.92,0.92,CLOSED,rug-liquidity-collapse,0.05,0.04442,0.888
6vKRiKRAXmhSK7f4NmQ9oHYTg56WyzSetZEgUsXppump,LORE,RUGGED,2.9830e-08,3.2016e-08,29.83,3620,29.83,3620,29.16,3539,0.988,119.87,2026-10-04 18:21:00,2026-10-04 18:21:03,2.2,2.9158e-08,0.636,0.96,0.96,CLOSED,rug-liquidity-collapse,0.05,0.04501,0.9
AtuBcheTrUq2msGm9ucRzovEgHgya1qeB5gFmm5Upump,JSN,RUGGED,2.8328e-08,3.0405e-08,28.33,3438,28.33,3438,27.96,3393,0.198,23.97,2026-10-04 18:22:53,2026-10-04 18:22:57,0.3,2.7959e-08,0.0,0.92,0.92,CLOSED,rug-liquidity-collapse,0.05,0.04544,0.909
5qQZA9iywSEKBW63HzA2mPmMXp6LjRc8PKxRn3HRpump,Life,RUGGED,3.3668e-08,3.7501e-08,33.67,4086,34.94,4241,27.96,3393,3.539,429.55,2026-10-04 18:22:50,2026-10-04 18:22:53,0.4,2.7959e-08,0.0,0.81,0.82,CLOSED,rug-liquidity-collapse,0.05,0.03685,0.737
3wuxWPAuxJvZ7SmVBZedAkRXzLyrjFJNPSjFUND83yfg,DREAMER,RUGGED,2.7959e-08,3.1005e-08,27.96,3393,28.89,3506,28.14,3416,0.494,59.94,2026-10-04 18:22:41,2026-10-04 18:22:44,0.6,2.8142e-08,0.098,0.96,0.96,CLOSED,rug-liquidity-collapse,0.05,0.04486,0.897
BsTsFYAGzxCNdtDubZe8KbNVtRdrPq72T1SHvLrrpump,ZECX,RUGGED,3.3754e-08,4.3024e-08,33.75,4097,40.1,4866,29.02,3522,5.926,719.23,2026-10-04 18:23:13,2026-10-04 18:23:16,0.1,2.9016e-08,0.562,0,0,CLOSED,rug-liquidity-collapse,0.05,0.03334,0.667
3n4n5mNPAsK5s5MkHtoxGyYxNUatayuauWHAgqAapump,post,RUGGED,2.9262e-08,3.1407e-08,29.26,3552,29.26,3552,27.96,3393,0.691,83.91,2026-10-04 18:22:32,2026-10-04 18:22:35,0.9,2.7959e-08,0.0,0.92,0.92,CLOSED,rug-liquidity-collapse,0.05,0.044,0.88
3H3nNt4GXhYDRN9Y5w7NrLhom4JgppaiX5Mi1k2daPKR,TRADE,RUGGED,4.4859e-08,5.1183e-08,44.86,5444,47.7,5790,10.59,1286,8.485,1029.8,2026-10-04 18:22:44,2026-10-04 18:22:46,0.7,1.0593e-08,0.189,0.72,1.1,CLOSED,rug-liquidity-collapse,0.05,0.01023,0.205
8JLTxMVWpRwgx5EPyrgrdozqEnXdKxrUG4PiJt9dpump,snowball,RUGGED,2.8514e-08,3.0605e-08,28.51,3461,28.51,3461,40.11,4869,0.296,35.96,2026-10-04 18:22:20,2026-10-04 18:22:22,1.2,4.0114e-08,5.934,2.2,2.43,CLOSED,rug-liquidity-collapse,0.05,0.09278,1.855
A3eAzgsPADpWGeUwrRz3BzBkXAx7oGV6WdmReDHypump,JSN,RUGGED,2.8328e-08,3.0405e-08,28.33,3438,28.33,3438,37.85,4594,0.198,23.97,2026-10-04 18:23:22,2026-10-04 18:23:24,0.2,3.7852e-08,0.065,1.25,1.25,CLOSED,rug-liquidity-collapse,0.05,0.06152,1.23
6Z7p8869qrhVZ6keWA9BDTnjHSEBr1acgTPbEVt3pump,win,RUGGED,2.8051e-08,3.0108e-08,28.05,3405,28.05,3405,27.96,3393,0.05,6.01,2026-10-04 18:20:23,2026-10-04 18:20:25,3.2,2.7959e-08,0.0,0.92,0.92,CLOSED,rug-liquidity-collapse,0.05,0.04589,0.918
12xZikwi29siKNkfXfoUu1qm5LoKVt9ixCKHdfTZpump,PRIVASTA,RUGGED,2.8747e-08,3.1403e-08,28.75,3489,29.26,3551,28.31,3436,0.689,83.67,2026-10-04 18:23:29,2026-10-04 18:23:32,0.2,2.8313e-08,0.189,0,0,CLOSED,rug-liquidity-collapse,0.05,0.04456,0.891
BgjqbJPZ7VmAqxNmc8K1FVyaRtUMxN41tcXSHcaupump,ASPIRIN,RUGGED,2.8143e-08,3.7945e-08,28.14,3416,35.36,4292,5.19,630,0.124,15.06,2026-10-04 18:22:24,2026-10-04 18:22:27,1.3,5.1909e-09,0.014,0.59,1.06,CLOSED,rug-liquidity-collapse,0.05,0.00676,0.135
87d8aE2PygfQKxLBkjZdGzNL2b8Em69oJZfJwohmPZZp,TRADE,RUGGED,4.4859e-08,4.1043e-08,44.86,5444,38.24,4641,13.22,1605,9.78,1186.94,2026-10-04 18:23:33,2026-10-04 18:23:36,0.1,1.3222e-08,3.235,0,0,CLOSED,rug-liquidity-collapse,0.05,0.01592,0.318
8G7t2pX882wVjssr2AJYBVEYBPW3x5MvDYi9eMfTu9BW,M4,RUGGED,3.2204e-08,7.0747e-07,32.2,3909,660.14,80121,457.36,55510,98.835,11995.61,2026-10-04 18:19:51,2026-10-04 18:19:53,3.8,4.5736e-07,0.0,0.71,0.79,CLOSED,rug-liquidity-collapse,0.05,0.03199,0.64
HYXivBz66uYAvwwSr6nF8GpWcDLAbZu4R1kwcWk8ANTo,PUMPGER,RUGGED,2.7959e-08,3.1005e-08,27.96,3393,28.89,3506,27.96,3393,0.494,59.94,2026-10-04 18:23:31,2026-10-04 18:23:34,0.2,2.7959e-08,0.0,0.92,0.92,CLOSED,rug-liquidity-collapse,0.05,0.04457,0.891
7qrfHcTJqZ8xqGBD5ZQt9zYqma3XHQjrTbE1zT8epump,LORE,RUGGED,2.8831e-08,3.2775e-08,28.83,3499,30.54,3706,27.96,3393,1.353,164.22,2026-10-04 18:23:34,2026-10-04 18:23:37,0.2,2.7959e-08,0.0,0.92,0.92,CLOSED,rug-liquidity-collapse,0.05,0.04216,0.843
8jbWup6ThWFCcsKvBfzuprpmCyd88j32cQiCDuZcpump,Kathash,RUGGED,2.8422e-08,3.2101e-08,28.42,3450,29.91,3630,28.49,3458,1.029,124.88,2026-10-04 18:23:21,2026-10-04 18:23:24,0.5,2.8490e-08,0.284,0.92,0.92,CLOSED,rug-liquidity-collapse,0.05,0.04386,0.877
8GD6YEWDM5UukVLZBNXN1CncP5YuZgBRqtdmB9TLpump,GNB,RUGGED,2.8878e-08,1.9998e-08,28.88,3505,18.62,2259,37.97,4609,0.315,38.25,2026-10-04 18:23:37,2026-10-04 18:23:40,0.2,3.7973e-08,0.0,1.47,1.47,CLOSED,rug-liquidity-collapse,0.05,0.09377,1.875
9JPav2JV1QMwTkmvfuk8SJuQhAMQo1xNSnjb8L6zpump,CRATER,RUGGED,2.8488e-08,3.0119e-08,28.49,3458,28.06,3406,27.96,3393,0.055,6.63,2026-10-04 18:21:53,2026-10-04 18:21:56,2.0,2.7959e-08,0.0,0.92,0.92,CLOSED,rug-liquidity-collapse,0.05,0.04588,0.917
6ykRSd5NBh69nmquwsPtnKT4uGWu8QKap4s5f3rupump,XCARD,RUGGED,3.3754e-08,3.6225e-08,33.75,4097,33.75,4097,27.96,3393,2.963,359.61,2026-10-04 18:23:23,2026-10-04 18:23:26,0.5,2.7959e-08,0.0,0.92,0.92,CLOSED,rug-liquidity-collapse,0.05,0.03815,0.763
H2eKkGZ6PF177UVQzCv1J412oGR5q7yZBqYNdWSueUGB,CHILLCAPY,RUGGED,2.7959e-08,3.1527e-08,27.96,3393,29.37,3565,27.96,3393,0.75,90.98,2026-10-04 18:23:14,2026-10-04 18:23:17,0.7,2.7959e-08,0.0,0.9,0.9,CLOSED,rug-liquidity-collapse,0.05,0.04383,0.876
4VqR8W88gA5cYd6sG4Wxn4DdkkZQ4Ttf869iHwqspump,WIN,RUGGED,3.0794e-08,3.3050e-08,30.79,3738,30.79,3738,29.35,3562,1.484,180.17,2026-10-04 18:22:52,2026-10-04 18:22:55,1.2,2.9351e-08,0.738,0.97,0.97,CLOSED,rug-liquidity-collapse,0.05,0.04389,0.878
8hDhTXakoTNonbg37wEyukY2UxnZgAhnH1ExUrwupump,QUOTA,RUGGED,3.1019e-08,3.3291e-08,31.02,3765,31.02,3765,30.05,3647,1.599,194.08,2026-10-04 18:23:10,2026-10-04 18:23:12,0.9,3.0048e-08,1.101,1.56,2.11,CLOSED,rug-liquidity-collapse,0.05,0.08117,1.623
ER4ArqYY55L4U5T6FqD3MypoB8aqX5gjjGUe3suapump,BAIL,RUGGED,2.9830e-08,3.6183e-08,29.83,3620,33.72,4092,34.0,4127,2.944,357.32,2026-10-04 18:23:51,2026-10-04 18:23:53,0.4,3.4001e-08,3.083,1.31,1.31,CLOSED,rug-liquidity-collapse,0.05,0.04644,0.929
81fGXkrcHYqC9mgc2Z5sUmm8Z8Dirawmm4BdRinQapiR,CHAD,RUGGED,2.8052e-08,3.0906e-08,28.05,3405,28.79,3495,28.05,3405,0.445,54.02,2026-10-04 18:23:57,2026-10-04 18:23:59,0.3,2.8052e-08,0.05,0.92,0.92,CLOSED,rug-liquidity-collapse,0.05,0.04486,0.897
HTqaFcAmMdgPDgJq5j1VpUDybwazqVYUDovEbBwtpump,Purr Marke,RUGGED,2.8887e-08,3.1005e-08,28.89,3506,28.89,3506,27.96,3393,0.494,59.94,2026-10-04 18:22:51,2026-10-04 18:22:53,1.5,2.7959e-08,0.0,0.92,0.92,CLOSED,rug-liquidity-collapse,0.05,0.04457,0.891
7k26YeDxdBEiBCCoTc8mGwVCsStzpjnm2ZSw3iXypump,LMAO,RUGGED,2.8878e-08,3.0477e-08,28.88,3505,28.39,3446,21.52,2612,0.481,58.33,2026-10-04 18:24:11,2026-10-04 18:24:13,0.1,2.1523e-08,0.0,0,0,CLOSED,rug-liquidity-collapse,0.05,0.0349,0.698
2b1aUza2BuBK7juq6ewAYbVzfd4nbzpCMXt4Y8Jppump,GRAMPS,RUGGED,2.8070e-08,2.4349e-08,28.07,3407,22.68,2752,37.9,4600,0.048,5.83,2026-10-04 18:23:50,2026-10-04 18:23:53,0.5,3.7898e-08,0.002,1.54,1.54,CLOSED,rug-liquidity-collapse,0.05,0.07689,1.538
7HggF77bNq17tHSzSjisie9SLTN6hxwQi4tvbCL4pump,LORE,RUGGED,3.7921e-08,5.0314e-08,37.92,4602,46.89,5691,32.47,3941,8.852,1074.4,2026-10-04 18:24:14,2026-10-04 18:24:17,0.2,3.2469e-08,2.329,0,0,CLOSED,rug-liquidity-collapse,0.05,0.03191,0.638
8oyzte5dC1jpTpN9wV9y6TT3yT596iptfUVKdNHLpump,QUOTA,RUGGED,2.8488e-08,1.4228e-07,28.49,3458,132.67,16102,49.1,5959,35.35,4290.48,2026-10-04 18:22:35,2026-10-04 18:22:38,2.0,4.9100e-08,12.108,0.93,1.54,CLOSED,rug-liquidity-collapse,0.05,0.01621,0.324
DMRF7hJJvqk9jr3LZibceNfUoP78uG93gehgwXoNpump,MOOWIFHAT,RUGGED,2.8145e-08,3.0147e-08,28.15,3416,28.09,3409,153.44,18623,0.1,12.08,2026-10-04 18:24:14,2026-10-04 18:24:17,0.4,1.5344e-07,0.599,3.25,3.25,CLOSED,rug-liquidity-collapse,0.05,0.19829,3.965
9gV1h7nqfTEbTjPZYdvs6wVYXtXTLp3exBJSfmqNpump,ROLL,RUGGED,2.9262e-08,3.2323e-08,29.26,3552,30.12,3655,27.96,3393,1.136,137.85,2026-10-04 18:23:12,2026-10-04 18:23:14,1.5,2.7959e-08,0.0,0.87,0.92,CLOSED,rug-liquidity-collapse,0.05,0.04275,0.855
EPqJM8sVn1pbzLWoeHbY8NEYF318TH26y5isYFuTpump,m4,RUGGED,4.8387e-08,4.5801e-08,48.39,5873,42.68,5181,28.4,3447,7.068,857.8,2026-10-04 18:23:36,2026-10-04 18:23:39,1.1,2.8400e-08,0.236,3.35,3.35,CLOSED,rug-liquidity-collapse,0.05,0.08492,1.698
D94fsFJQsWMnkNGRw4MzVLqEoaGLw5eJagwXEE8dpump,DOGE PAID,RUGGED,2.8878e-08,7.1643e-08,28.88,3505,66.81,8109,33.36,4049,1.131,137.22,2026-10-04 18:24:34,2026-10-04 18:24:37,0.1,3.3359e-08,0.0,0,0,CLOSED,rug-liquidity-collapse,0.05,0.02303,0.461
83cwdneNiLjT4q4gP4pfj5P37J6vwtmBkBknqXUMpump,BOTHLEGS,RUGGED,2.9830e-08,3.3251e-08,29.83,3620,30.98,3760,30.28,3675,1.58,191.79,2026-10-04 18:22:17,2026-10-04 18:22:20,2.6,3.0276e-08,1.218,1.06,1.35,CLOSED,rug-liquidity-collapse,0.05,0.045,0.9
dN2sZGS8wB3JpUerj54fdh2MDNjzmrt8v5xgCvFHW6U,TRADE,RUGGED,4.4859e-08,1.0127e-07,44.86,5444,94.43,11461,45.18,5484,16.206,1966.94,2026-10-04 18:24:43,2026-10-04 18:24:45,0.1,4.5181e-08,3.113,0,0,CLOSED,rug-liquidity-collapse,0.05,0.02207,0.441
zCaLGNNr7LBEg8SfL3q7dVAu7u2tPPLkbrSGYT7pump,Agents,RUGGED,2.8887e-08,7.1073e-08,28.89,3506,66.25,8041,27.96,3393,16.182,1963.96,2026-10-04 18:24:33,2026-10-04 18:24:35,0.3,2.7959e-08,0.0,1.11,1.11,CLOSED,rug-liquidity-collapse,0.05,0.01945,0.389
CWFZo7m5ub8CPVKmv16Gyj3MawzPdbbHG8RCzP2mpump,Null Counc,RUGGED,2.9281e-08,3.2343e-08,29.28,3554,30.14,3658,27.96,3393,1.146,139.05,2026-10-04 18:24:22,2026-10-04 18:24:25,0.6,2.7959e-08,0.0,0.92,0.92,CLOSED,rug-liquidity-collapse,0.05,0.04272,0.854
E4hfcVevNwcNxHxmhhn2xzKaUV5iv5x5nKAZPQEnpump,LORE,RUGGED,3.7921e-08,4.0693e-08,37.92,4602,37.92,4602,28.88,3505,4.938,599.36,2026-10-04 18:24:47,2026-10-04 18:24:50,0.3,2.8878e-08,0.489,0.97,0.97,CLOSED,rug-liquidity-collapse,0.05,0.03508,0.702
3TagW3DJP5DELSF8ep3ioqBt3ZxAvKCQR1AmdxCQAVbR,ZIP,RUGGED,2.7959e-08,3.3135e-08,27.96,3393,30.87,3747,28.37,3443,1.525,185.08,2026-10-04 18:24:14,2026-10-04 18:24:17,0.8,2.8369e-08,0.219,0.89,0.92,CLOSED,rug-liquidity-collapse,0.05,0.04231,0.846
H8PehShFRBpPBP9JtkA5JkVBNS6ubD3JTHtXYkZPpump,SHREK,RUGGED,2.8514e-08,4.9665e-08,28.51,3461,46.3,5619,10.06,1221,0.481,58.39,2026-10-04 18:24:35,2026-10-04 18:24:38,0.5,1.0060e-08,0.198,0.21,0.96,CLOSED,rug-liquidity-collapse,0.05,0.01001,0.2
2zuqj4cn6fSqSD1FGFMUM33spGDf6eEWYc3ktfs3pump,Miau,RUGGED,2.8422e-08,3.0506e-08,28.42,3450,28.42,3450,4.08,495,0.248,30.04,2026-10-04 18:22:39,2026-10-04 18:22:41,2.6,4.0816e-09,0.093,0.35,2.69,CLOSED,rug-liquidity-collapse,0.05,0.06611,1.322
AGLWd75iBywrfCE2XDrpC9yC1tQy3ufew5vCNP1Zpump,gj,RUGGED,2.8721e-08,3.0826e-08,28.72,3486,28.72,3486,49.95,6062,0.406,49.27,2026-10-04 18:23:36,2026-10-04 18:23:39,1.6,4.9950e-08,0.0,1.65,1.65,CLOSED,rug-liquidity-collapse,0.05,0.08008,1.601
mQRsaoVoDwupyxHjxuKNVnBxMrtcXDH7mcohCpjkY35,UNC,RUGGED,2.7959e-08,3.4985e-08,27.96,3393,32.6,3956,28.25,3429,2.394,290.51,2026-10-04 18:24:52,2026-10-04 18:24:55,0.4,2.8251e-08,0.156,0.82,0.84,CLOSED,rug-liquidity-collapse,0.05,0.03991,0.798
GtzThYievipNRAo4BSEVAZbu6tikMsbtuSmSfUVApump,robi,RUGGED,2.8201e-08,3.0269e-08,28.2,3423,28.2,3423,27.96,3393,0.13,15.74,2026-10-04 18:22:19,2026-10-04 18:22:22,2.9,2.7959e-08,0.0,0.92,0.92,CLOSED,rug-liquidity-collapse,0.05,0.04565,0.913
3R3hxmc6z4wgYQpaT7qtrWSv9S9w6Rq4r7HT9uQnpump,NORMIEPAD,RUGGED,2.8747e-08,3.0605e-08,28.75,3489,28.51,3461,27.96,3393,0.296,35.96,2026-10-04 18:25:11,2026-10-04 18:25:13,0.1,2.7959e-08,0.0,0,0,CLOSED,rug-liquidity-collapse,0.05,0.04515,0.903
CK2dNZEhx49u9c6iLXn6sECkh5f4E51U6bA9WmAGjcdB,finu,RUGGED,2.9854e-08,3.2147e-08,29.85,3623,29.95,3635,28.22,3425,1.051,127.54,2026-10-04 18:25:06,2026-10-04 18:25:08,0.3,2.8221e-08,0.14,0.93,0.93,CLOSED,rug-liquidity-collapse,0.05,0.04339,0.868
athSK1nzgpBTVv9dRjF1N2WA3FsHxdXrkvutDvJpump,FLY$,RUGGED,2.8181e-08,3.1227e-08,28.18,3420,29.1,3531,11.34,1376,0.123,14.89,2026-10-04 18:25:07,2026-10-04 18:25:09,0.3,1.1339e-08,0.004,0.32,0.56,CLOSED,rug-liquidity-collapse,0.05,0.01794,0.359
FmySXRBPUaVA885ScYqNkV6w8t2ESYWPv2a1ZiiMpump,JSN,RUGGED,2.8328e-08,3.0405e-08,28.33,3438,28.33,3438,7.13,866,0.198,23.97,2026-10-04 18:24:12,2026-10-04 18:24:15,1.3,7.1318e-09,0.056,0.23,0.8,CLOSED,rug-liquidity-collapse,0.05,0.01159,0.232
VuCViGzZ8t3ZTxvA6rV839P19A5D4hN2U1vqxFPpump,HINGE,RUGGED,2.9830e-08,3.6391e-08,29.83,3620,33.91,4116,42.06,5104,3.039,368.81,2026-10-04 18:22:58,2026-10-04 18:23:00,2.6,4.2056e-08,6.794,1.87,3.21,CLOSED,rug-liquidity-collapse,0.05,0.08373,1.675
ENXtLHbmg9iDSgUHt64R9vQY97dqhZiY4UMpiYPSiXZh,TRADE,RUGGED,4.4859e-08,3.1764e-08,44.86,5444,29.59,3591,12.42,1508,5.355,649.96,2026-10-04 18:25:31,2026-10-04 18:25:33,0.1,1.2423e-08,0.122,0,0,CLOSED,rug-liquidity-collapse,0.05,0.01933,0.387
DwPJL3K5ELUDrkt1QvwvfGDtKKvsfsqCX7UJpCAYLX5c,DUPLEX,RUGGED,2.7959e-08,3.2089e-08,27.96,3393,29.9,3629,27.96,3393,1.023,124.14,2026-10-04 18:23:40,2026-10-04 18:23:42,2.1,2.7959e-08,0.0,0.89,0.92,CLOSED,rug-liquidity-collapse,0.05,0.04306,0.861
rJnybDVJe1eMBtHjAcQmtYBTUWFTMAZDiPbG84zpump,$MOGINU,RUGGED,2.9048e-08,3.2584e-08,29.05,3526,30.36,3685,28.31,3436,1.261,153.1,2026-10-04 18:23:42,2026-10-04 18:23:45,2.1,2.8312e-08,0.189,0.88,0.92,CLOSED,rug-liquidity-collapse,0.05,0.04294,0.859
9y9KycApd5iyJPM957pHjFEGrGxqpzstEZKfXRnCpump,MESSI,RUGGED,2.8087e-08,3.4014e-08,28.09,3409,31.7,3847,29.24,3548,0.077,9.37,2026-10-04 18:25:39,2026-10-04 18:25:41,0.2,2.9236e-08,0.036,1.23,1.23,CLOSED,rug-liquidity-collapse,0.05,0.04248,0.85
7Hu1KnJnpo9CM2zHeDgkYwrZ958hNH1aZysdXLhpump,SLB,RUGGED,3.0982e-08,3.3251e-08,30.98,3760,30.98,3760,27.96,3393,1.58,191.79,2026-10-04 18:25:23,2026-10-04 18:25:26,0.6,2.7959e-08,0.0,0.87,0.92,CLOSED,rug-liquidity-collapse,0.05,0.04156,0.831
4NPpW4MS4wsist8cw4GXUbUCLP3eDam1ivziBLkJpump,LORE,RUGGED,3.5808e-08,4.0114e-08,35.81,4346,37.38,4537,28.13,3414,4.689,569.06,2026-10-04 18:25:37,2026-10-04 18:25:40,0.4,2.8131e-08,0.092,0.89,0.89,CLOSED,rug-liquidity-collapse,0.05,0.03467,0.693
BrXfP1ZaakcKGJ4EN7P8ZfVykp3kzKGgovsrrF3Vpump,LOCK,RUGGED,3.0982e-08,3.3689e-08,30.98,3760,31.39,3810,27.96,3394,1.787,216.95,2026-10-04 18:20:52,2026-10-04 18:20:55,5.2,2.7960e-08,0.001,0.85,1.99,CLOSED,rug-liquidity-collapse,0.05,0.04102,0.82
EWAHCUKfEUyw1ZZ8FwEdX62H6aW6G5Hp9Svn5ySypump,VEIL,RUGGED,2.9830e-08,3.6673e-08,29.83,3620,34.17,4148,28.27,3432,3.166,384.31,2026-10-04 18:25:31,2026-10-04 18:25:35,0.6,2.8274e-08,0.168,0.86,0.92,CLOSED,rug-liquidity-collapse,0.05,0.03811,0.762
6PmfN7QzGXonArzc8YR5TAf78BCJcp2tadNwTTwrUvqj,Lopty,RUGGED,4.1301e-08,4.5680e-08,41.3,5013,42.57,5167,32.86,3988,7.019,851.88,2026-10-04 18:25:59,2026-10-04 18:26:02,0.1,3.2861e-08,2.524,0,0,CLOSED,rug-liquidity-collapse,0.05,0.03556,0.711
6VpJHgaq3atQEfv5TF1JM5Lqnv18LHJ1zaJjpbEETRvZ,TRADE,RUGGED,4.4859e-08,1.7252e-08,44.86,5444,16.05,1948,13.1,1590,2.96,359.27,2026-10-04 18:26:03,2026-10-04 18:26:06,0.1,1.3099e-08,0.049,0,0,CLOSED,rug-liquidity-collapse,0.05,0.03749,0.75
NeeVJ9qf12oi79D221QFitWfkJt1bhfxENgL69Tpump,att,RUGGED,2.9811e-08,4.0259e-08,29.81,3618,37.52,4554,29.59,3592,1.255,152.34,2026-10-04 18:26:05,2026-10-04 18:26:07,0.1,2.9594e-08,0.021,0,0,CLOSED,rug-liquidity-collapse,0.05,0.03634,0.727
28p9FEcF67zxk5UrJ1vbJ5bVy5KhUcQD6DHeBGWCpump,CC,RUGGED,2.9451e-08,3.1610e-08,29.45,3574,29.45,3574,27.96,3393,0.79,95.9,2026-10-04 18:23:38,2026-10-04 18:23:41,2.6,2.7959e-08,0.0,0.92,0.93,CLOSED,rug-liquidity-collapse,0.05,0.04371,0.874
HQMMbmjkNQW7UusGAd85EiosMPZX5SiUEBsBqnCrpump,GIFT,RUGGED,2.8700e-08,3.1556e-08,28.7,3483,29.4,3568,28.0,3398,0.764,92.71,2026-10-04 18:20:48,2026-10-04 18:20:50,5.5,2.7996e-08,0.02,0.98,1.35,CLOSED,rug-liquidity-collapse,0.05,0.04385,0.877
6CZAwYBiZzTxkYt7hkoXtEYA48sxSsmdUrhN1EYtpump,NORMIEPAD,RUGGED,2.9309e-08,5.7598e-08,29.31,3557,53.69,6516,39.24,4763,11.571,1404.42,2026-10-04 18:24:57,2026-10-04 18:25:00,1.4,3.9241e-08,5.541,1.33,1.39,CLOSED,rug-liquidity-collapse,0.05,0.03369,0.674
6g4hqQvQSSvwr3zNxqJ1mcvsV7uKLG2rx1kAyaxpH13y,EI,RUGGED,2.7959e-08,3.2734e-08,27.96,3393,30.5,3702,28.11,3411,1.333,161.83,2026-10-04 18:25:23,2026-10-04 18:25:26,0.9,2.8108e-08,0.08,0.9,0.92,CLOSED,rug-liquidity-collapse,0.05,0.04244,0.849
7FrauGwy74s2YXupyvt86hoGecnAyoQv2KgXCBvQSrcw,XXXXF,RUGGED,2.7959e-08,3.1813e-08,27.96,3393,29.64,3597,27.96,3393,0.889,107.88,2026-10-04 18:25:25,2026-10-04 18:25:28,1.0,2.7959e-08,0.0,0.92,0.92,CLOSED,rug-liquidity-collapse,0.05,0.04344,0.869
DWpmbhPDjwMqEs2ed72mg9t9mWKSMFxVhFFszc88pump,NORMIEPAD,RUGGED,5.1948e-08,5.1537e-08,51.95,6305,48.03,5830,31.06,3770,9.322,1131.42,2026-10-04 18:25:43,2026-10-04 18:25:46,0.7,3.1061e-08,1.621,1.36,1.41,CLOSED,rug-liquidity-collapse,0.05,0.0298,0.596
4i6rakce1LWtExxXgctV3XrWCbHZDbRsFVSHsSHXJyHE,BINDER,RUGGED,2.7959e-08,3.2734e-08,27.96,3393,30.5,3702,27.96,3393,1.333,161.83,2026-10-04 18:25:29,2026-10-04 18:25:31,0.9,2.7959e-08,0.0,0.89,0.92,CLOSED,rug-liquidity-collapse,0.05,0.04221,0.844
GG3rQgKihpJNWDd9DQtgeHPFqo58nZZv23jeF2Jpump,ASSPIRIN,RUGGED,2.8088e-08,3.3633e-08,28.09,3409,31.34,3804,8.12,986,0.077,9.36,2026-10-04 18:26:15,2026-10-04 18:26:17,0.2,8.1236e-09,0.02,1.25,1.25,CLOSED,rug-liquidity-collapse,0.05,0.01193,0.239
DwitFxQvU7MbHtGxSRAwMw7msKeci97mJo8iXbQypump,$HODLIT,RUGGED,2.8887e-08,2.5122e-08,28.89,3506,23.4,2840,2.58,313,0.4,48.55,2026-10-04 18:24:43,2026-10-04 18:24:45,1.8,2.5804e-09,0.135,1.0,2.77,CLOSED,rug-liquidity-collapse,0.05,0.06555,1.311
B3Z21K1rQQYPWBSNVPAaYK3sxL4TEXcbXfxPfZexE6H3,VERIFY,RUGGED,2.7959e-08,3.4299e-08,27.96,3393,31.96,3879,29.11,3534,2.074,251.73,2026-10-04 18:26:20,2026-10-04 18:26:24,0.2,2.9113e-08,0.613,0,0,CLOSED,rug-liquidity-collapse,0.05,0.04195,0.839
7PsYfWb5oNaW7Dx1sKMj6VRzxM96YFQj1Mpi8mFupump,EМPLOYЕD,RUGGED,2.9810e-08,3.3683e-08,29.81,3618,31.38,3809,28.63,3475,1.785,216.63,2026-10-04 18:26:12,2026-10-04 18:26:15,0.3,2.8632e-08,0.359,1.04,1.05,CLOSED,rug-liquidity-collapse,0.05,0.04201,0.84
AYLRe2ydfLFeVKUpAxGYCzB3vALcA3VQ6F3A53iLpump,RSWAP,RUGGED,2.8747e-08,3.0605e-08,28.75,3489,28.51,3461,27.96,3393,0.296,35.96,2026-10-04 18:26:18,2026-10-04 18:26:21,0.2,2.7959e-08,0.0,0.92,0.92,CLOSED,rug-liquidity-collapse,0.05,0.04515,0.903
ADWCABuFpWa82FYQN7aYmqPdu3rjkpUfzC1kqymopump,MELONHUSK,RUGGED,2.8070e-08,3.0128e-08,28.07,3407,28.07,3407,27.96,3393,0.059,7.21,2026-10-04 18:26:04,2026-10-04 18:26:07,0.5,2.7959e-08,0.0,0.92,0.92,CLOSED,rug-liquidity-collapse,0.05,0.04586,0.917
FSX1ZcoVrqqsyD5E7oG5jJHfuWSjz68AxienNLatpXvH,AIMON,RUGGED,2.8146e-08,3.1007e-08,28.15,3416,28.89,3506,28.15,3416,0.495,60.09,2026-10-04 18:26:16,2026-10-04 18:26:19,0.4,2.8146e-08,0.1,0.92,0.92,CLOSED,rug-liquidity-collapse,0.05,0.04486,0.897
D7nThZECYtgEeQU1uqNJfMVv13tDaUJoqaXdxMDZiNiW,TRADE,RUGGED,4.4859e-08,4.7907e-08,44.86,5444,44.65,5419,27.15,3295,7.957,965.71,2026-10-04 18:26:29,2026-10-04 18:26:32,0.2,2.7149e-08,1.637,1.31,1.31,CLOSED,rug-liquidity-collapse,0.05,0.02802,0.56
35CxpvJqQbiqUXCkGTe6jBUsy1cU5jqVSV3bRwN7J1eA,ANOTHER,RUGGED,3.3830e-08,4.9207e-08,33.83,4106,45.86,5566,31.12,3777,8.422,1022.21,2026-10-04 18:26:30,2026-10-04 18:26:33,0.2,3.1123e-08,1.652,0.74,0.74,CLOSED,rug-liquidity-collapse,0.05,0.03127,0.625
fEA31GcYQjnVv4uyZsziYdR8LAdTFX57T7sJ8yCpump,?,RUGGED,3.1217e-08,3.3961e-08,31.22,3789,31.64,3841,27.99,3397,1.916,232.53,2026-10-04 18:26:06,2026-10-04 18:26:08,0.7,2.7992e-08,0.018,0.92,0.92,CLOSED,rug-liquidity-collapse,0.05,0.04074,0.815
227wLHGdwDgwQcGGFrwWeHGgtPdQy1AoTgps5Rq5vL9S,Shitslop,RUGGED,2.8514e-08,3.0605e-08,28.51,3461,28.51,3461,27.96,3393,0.296,35.96,2026-10-04 18:26:38,2026-10-04 18:26:40,0.1,2.7959e-08,0.0,0,0,CLOSED,rug-liquidity-collapse,0.05,0.04515,0.903
13d6dwiRqz9SzqiMSZMf6neiR63K94j69mEeh92UruHm,Shitslop,RUGGED,3.4448e-08,5.2244e-08,34.45,4181,48.69,5910,28.97,3516,9.591,1164.05,2026-10-04 18:26:41,2026-10-04 18:26:43,0.1,2.8968e-08,0.537,0,0,CLOSED,rug-liquidity-collapse,0.05,0.02742,0.548
2LkG9srg5c2bYirv76suFXxj3p2tWUtKMZH9VrYGejzr,PENMEN,RUGGED,2.7959e-08,3.2631e-08,27.96,3393,30.4,3690,28.31,3436,1.284,155.83,2026-10-04 18:26:06,2026-10-04 18:26:10,0.8,2.8309e-08,0.187,0.93,0.93,CLOSED,rug-liquidity-collapse,0.05,0.04288,0.857
HrW7G8qfKJehbsJsYqbd8mN2Q2dr2JhUFJZseV26LfRZ,NOXBANK,RUGGED,2.7959e-08,3.0904e-08,27.96,3393,28.79,3495,27.96,3393,0.444,53.94,2026-10-04 18:26:35,2026-10-04 18:26:37,0.3,2.7959e-08,0.0,0.92,0.92,CLOSED,rug-liquidity-collapse,0.05,0.04471,0.894
EABxKVWFoNJWbJdgP5GnfSAk9bx1KqEw2RhuKzjF4iKE,TRADE,RUGGED,4.4859e-08,3.0072e-08,44.86,5444,28.01,3400,11.0,1335,5.086,617.29,2026-10-04 18:26:47,2026-10-04 18:26:49,0.1,1.0996e-08,0.0,0,0,CLOSED,rug-liquidity-collapse,0.05,0.01807,0.361
2P8bnKZVeop2GxGkNPAU46V4qAfUHi6K2gU9cDTCcDVQ,TRADE,RUGGED,4.4859e-08,4.4644e-08,44.86,5444,41.6,5050,4.55,553,7.432,902.0,2026-10-04 18:26:54,2026-10-04 18:26:56,0.1,4.5535e-09,0.021,0,0,CLOSED,rug-liquidity-collapse,0.05,0.00504,0.101
3XmLrqmqy8crUmdiaSwdXZtVvfYAJ7xqNTCBGeKupump,top1%,RUGGED,2.9834e-08,3.2021e-08,29.83,3621,29.83,3621,27.96,3393,0.99,120.14,2026-10-04 18:22:39,2026-10-04 18:22:41,4.4,2.7959e-08,0.0,0.94,0.94,CLOSED,rug-liquidity-collapse,0.05,0.04315,0.863
EXV6Z4ZzZJXCRy8KRcn4DgUZytUh6aUbV3omsGxQpump,PNF,RUGGED,2.9830e-08,3.5023e-08,29.83,3620,32.63,3961,28.34,3440,2.411,292.63,2026-10-04 18:25:34,2026-10-04 18:25:36,1.5,2.8343e-08,0.205,0.86,1.15,CLOSED,rug-liquidity-collapse,0.05,0.04,0.8
FV6ov6EgqigwQ4mLQD2XzRMEdb7CdwKG8FiZzcLFpump,MESSI,RUGGED,2.8087e-08,3.7338e-08,28.09,3409,34.8,4223,12.47,1513,0.09,10.89,2026-10-04 18:26:33,2026-10-04 18:26:35,0.5,1.2469e-08,0.027,0.2,0.77,CLOSED,rug-liquidity-collapse,0.05,0.0165,0.33
77SH6isDyoXq4UpZGuYEmhBzQw5oeojm7vZZuLMjHG4u,GARY,RUGGED,2.7959e-08,3.2312e-08,27.96,3393,30.11,3654,28.73,3487,1.131,137.23,2026-10-04 18:27:00,2026-10-04 18:27:02,0.1,2.8730e-08,0.411,0,0,CLOSED,rug-liquidity-collapse,0.05,0.04394,0.879
2jezPEfECoyqopyCCzaJmrX2HweHBqN1CaJdXdSdpump,JSN,RUGGED,2.8328e-08,3.0405e-08,28.33,3438,28.33,3438,18.56,2253,0.198,23.97,2026-10-04 18:26:05,2026-10-04 18:26:08,1.1,1.8562e-08,0.0,0.61,1.19,CLOSED,rug-liquidity-collapse,0.05,0.03017,0.603
BTMWH1E3NpjmFWQ7eGWqB3LFV6sEDZLMeLZ3JuAxpump,Quota,RUGGED,2.8515e-08,3.0606e-08,28.52,3461,28.52,3461,27.96,3393,0.297,36.05,2026-10-04 18:24:38,2026-10-04 18:24:40,2.6,2.7959e-08,0.0,0.92,0.92,CLOSED,rug-liquidity-collapse,0.05,0.04515,0.903
Bj2cBBfqCCrBQQPzCrrjPUBoBAZ212F28B4RFqihpump,Verity,RUGGED,2.8070e-08,3.7634e-08,28.07,3407,35.07,4257,1.38,167,0.074,8.99,2026-10-04 18:26:41,2026-10-04 18:26:43,0.5,1.3797e-09,0.004,0.04,0.49,CLOSED,rug-liquidity-collapse,0.05,0.00181,0.036
AfCJVwGAE4CSfHuw69rQuLAzASGFJPV98ApKRrMWpump,QUOTA,RUGGED,3.7785e-08,1.1829e-07,37.78,4586,110.3,13387,185.2,22478,29.586,3590.82,2026-10-04 18:25:56,2026-10-04 18:25:59,1.3,1.8520e-07,0,1.76,1.95,CLOSED,rug-liquidity-collapse,0.05,0.00387,0.077
DFy7yPVimVK45S6EH67ssHKUkvypBAeEfAWhbe6EQDrp,HOWNORMIE,RUGGED,2.7959e-08,3.0107e-08,27.96,3393,28.05,3404,27.96,3393,0.049,5.93,2026-10-04 18:27:04,2026-10-04 18:27:08,0.2,2.7959e-08,0.0,0.92,0.92,CLOSED,rug-liquidity-collapse,0.05,0.04589,0.918
ctyGS5wp16527j8ixC9qsGsQqDuvNcdtyxXPVv3pump,MultiPaid,RUGGED,2.9830e-08,4.1119e-08,29.83,3620,38.32,4651,29.18,3542,5.121,621.54,2026-10-04 18:26:25,2026-10-04 18:26:27,1.0,2.9185e-08,0.651,0.97,0.97,CLOSED,rug-liquidity-collapse,0.05,0.03509,0.702
5DdP9VPSPAhwDfT9KKpySpBuVTxLQHMBDKnw9d8Rpump,ANIMALPAD,RUGGED,3.3754e-08,3.6225e-08,33.75,4097,33.75,4097,27.96,3393,2.963,359.61,2026-10-04 18:26:42,2026-10-04 18:26:45,0.7,2.7959e-08,0.0,0.92,0.92,CLOSED,rug-liquidity-collapse,0.05,0.03815,0.763
yMiCoWC46S5jbaimUPm5r97K3q2DwbWbfSfuipVpump,PRIVASTA,RUGGED,2.9830e-08,3.2016e-08,29.83,3620,29.83,3620,27.96,3393,0.988,119.87,2026-10-04 18:26:49,2026-10-04 18:26:52,0.6,2.7959e-08,0.0,0.89,0.92,CLOSED,rug-liquidity-collapse,0.05,0.04316,0.863
4sMCDPehy3gvipKTsttuWRBqbMTq4KUdtJK91jKxpump,Launchpad,RUGGED,2.8142e-08,6.8303e-08,28.14,3416,63.67,7728,33.28,4039,15.272,1853.56,2026-10-04 18:20:48,2026-10-04 18:20:51,6.7,3.3276e-08,2.728,0.68,1.21,CLOSED,rug-liquidity-collapse,0.05,0.02409,0.482
CupWE5RjUKszWjfbvA5Vai7tTNFuPgm54KSZZWxYpump,GIWACHAD,RUGGED,3.1234e-08,3.6284e-08,31.23,3791,33.81,4104,28.69,3482,2.99,362.9,2026-10-04 18:27:08,2026-10-04 18:27:11,0.3,2.8691e-08,0.39,1.01,1.01,CLOSED,rug-liquidity-collapse,0.05,0.03909,0.782
89bz69wKs3my8s6AMgQgSfVVeViHTyDzuWXYgoe9pump,pruple,RUGGED,2.8878e-08,4.8608e-08,28.88,3505,45.31,5500,43.86,5323,0.795,96.5,2026-10-04 18:27:19,2026-10-04 18:27:22,0.2,4.3860e-08,0.028,0,0,CLOSED,rug-liquidity-collapse,0.05,0.04462,0.892
Di787NBA9JqCan19tQ9ajNMywafF9qrMTye2SASoWhVY,TRADE,RUGGED,4.9705e-08,7.2159e-08,49.7,6033,67.27,8165,24.49,2973,13.256,1608.86,2026-10-04 18:27:20,2026-10-04 18:27:22,0.2,2.4492e-08,2.369,0,0,CLOSED,rug-liquidity-collapse,0.05,0.01678,0.336
Exidm7dbSmJQzB2nqn5PCHRzeHHge4EeX4knf1nnpump,SHREK,RUGGED,2.8700e-08,4.0150e-08,28.7,3483,37.42,4542,6.68,811,0.515,62.52,2026-10-04 18:26:33,2026-10-04 18:26:36,1.0,6.6821e-09,0.109,0.68,1.59,CLOSED,rug-liquidity-collapse,0.05,0.00822,0.164
D4HtkPumyxH3WDcGNuBUenvGZfAiH9ibjuTka3U7iaJc,CRAWLTRADE,RUGGED,4.2330e-08,4.5421e-08,42.33,5138,42.33,5138,27.96,3393,6.914,839.1,2026-10-04 18:27:19,2026-10-04 18:27:21,0.2,2.7959e-08,0.0,0.92,0.92,CLOSED,rug-liquidity-collapse,0.05,0.03043,0.609
6tUtu2UGw1aNQsNkyPiv4myK1vuZaEr3DsU6uQ9Rpump,$GREMLIN,RUGGED,3.5808e-08,3.8426e-08,35.81,4346,35.81,4346,27.96,3393,3.951,479.49,2026-10-04 18:25:21,2026-10-04 18:25:25,2.2,2.7959e-08,0.0,0.92,0.92,CLOSED,rug-liquidity-collapse,0.05,0.03597,0.719
84mUqwauNVUsR6V42sC7wou4pr9p1kpa4oyGpna3pump,agency/acc,RUGGED,3.5546e-08,7.9217e-08,35.55,4314,73.85,8963,28.04,3404,18.757,2276.53,2026-10-04 18:27:12,2026-10-04 18:27:15,0.4,2.8043e-08,0.045,0.96,0.96,CLOSED,rug-liquidity-collapse,0.05,0.01751,0.35
AvaCpjHhyGFrsTqdhXVHc5fzvoWm1rp2cGBSDsTwpump,MIC,RUGGED,2.8514e-08,3.0605e-08,28.51,3461,28.51,3461,27.97,3395,0.296,35.96,2026-10-04 18:19:28,2026-10-04 18:19:30,8.2,2.7974e-08,0.008,0.92,0.94,CLOSED,rug-liquidity-collapse,0.05,0.04517,0.903
G1uXnYg3UTp8Qn3faQ89eqR2RNm4LyS1Tpm5B9A2cbD6,TRADE,RUGGED,4.9705e-08,9.0503e-08,49.7,6033,84.39,10242,24.25,2943,16.36,1985.6,2026-10-04 18:27:31,2026-10-04 18:27:34,0.1,2.4246e-08,3.716,0,0,CLOSED,rug-liquidity-collapse,0.05,0.01325,0.265
EAg8oeW2NrLcptH3YxJPUApzEp4iRmmo6iFFykXWgtz8,SlopPad,RUGGED,2.8239e-08,3.0551e-08,28.24,3427,28.46,3455,27.96,3393,0.27,32.77,2026-10-04 18:27:01,2026-10-04 18:27:04,0.7,2.7959e-08,0.0,0.92,0.92,CLOSED,rug-liquidity-collapse,0.05,0.04523,0.904
7wvn9zcbEPgR7GUm3TtaSV42tiEMW5Ge37LhRCiCK5cD,CHINESETIME,RUGGED,2.7959e-08,3.2734e-08,27.96,3393,30.5,3702,27.96,3393,1.333,161.83,2026-10-04 18:26:40,2026-10-04 18:26:43,1.1,2.7959e-08,0.0,0.89,0.92,CLOSED,rug-liquidity-collapse,0.05,0.04221,0.844
AjmPXxjrthiC5c1FcXSYk1ym7MEVLvFVf3rkr9VLK8bi,SIAI,RUGGED,2.7959e-08,3.2118e-08,27.96,3393,29.93,3632,28.09,3409,1.037,125.87,2026-10-04 18:27:10,2026-10-04 18:27:13,0.6,2.8092e-08,0.071,0.9,0.92,CLOSED,rug-liquidity-collapse,0.05,0.04323,0.864
EUg8tsD1p3qX1z8iiHH3qfan7yp4j9jPsBLAeWj8pump,FURPAD,RUGGED,2.9830e-08,3.4935e-08,29.83,3620,32.55,3951,29.06,3526,2.37,287.69,2026-10-04 18:27:28,2026-10-04 18:27:30,0.3,2.9055e-08,0.583,0.88,0.88,CLOSED,rug-liquidity-collapse,0.05,0.04111,0.822
2UGeHhNYeE1fEh3GW3i5isSPibs9TD5MPGEshFJPpump,RIFT,RUGGED,2.9342e-08,3.2718e-08,29.34,3561,30.48,3700,32.54,3950,1.326,160.91,2026-10-04 18:25:05,2026-10-04 18:25:08,2.8,3.2544e-08,2.366,1.27,1.27,CLOSED,rug-liquidity-collapse,0.05,0.04916,0.983
5aKN1J6LF35ZrsbfWHr9XJmQ2xUiM2jMFo6KGGWypump,PRIVASTA,RUGGED,2.8328e-08,3.5083e-08,28.33,3438,32.69,3968,28.94,3512,2.439,296.0,2026-10-04 18:27:44,2026-10-04 18:27:46,0.1,2.8938e-08,0.521,0,0,CLOSED,rug-liquidity-collapse,0.05,0.04077,0.815
EfyvEZrE1E4VXsVYivq49FUtbWNhDGzXUDR6HeTkpump,funcat,RUGGED,3.3754e-08,3.6839e-08,33.75,4097,34.33,4166,27.96,3393,3.242,393.42,2026-10-04 18:25:23,2026-10-04 18:25:26,2.5,2.7959e-08,0.0,0.91,0.91,CLOSED,rug-liquidity-collapse,0.05,0.03752,0.75
575NDKftqsCjJ9KZUx9MSqarg6GCRemk7hpK479Tpump,JSN,RUGGED,2.8328e-08,3.0405e-08,28.33,3438,28.33,3438,37.34,4532,0.198,23.97,2026-10-04 18:27:36,2026-10-04 18:27:39,0.3,3.7338e-08,0.007,1.23,1.23,CLOSED,rug-liquidity-collapse,0.05,0.06069,1.214
6RASWBbLMj8GRpmWfrFVaZEbTb5Tugs19p2VZRdvuX7W,TRADE,RUGGED,4.9705e-08,6.0819e-08,49.7,6033,56.69,6881,19.53,2370,11.314,1373.22,2026-10-04 18:27:43,2026-10-04 18:27:45,0.2,1.9526e-08,0.0,1.09,1.09,CLOSED,rug-liquidity-collapse,0.05,0.01587,0.317
GTBhXePy5MjonpozkiQuaPzj4mVD75WtKBQV3GEWHiHq,VENTRION,RUGGED,2.7959e-08,3.0804e-08,27.96,3393,28.7,3483,27.96,3393,0.395,47.95,2026-10-04 18:27:44,2026-10-04 18:27:46,0.3,2.7959e-08,0.0,0.92,0.92,CLOSED,rug-liquidity-collapse,0.05,0.04486,0.897
GnxpLvVpzvLhUHi8TPFMriuZ3oimk9CA3xcwGvkDpump,DEDE,RUGGED,2.8181e-08,3.0247e-08,28.18,3420,28.18,3420,27.96,3393,0.119,14.42,2026-10-04 18:26:23,2026-10-04 18:26:25,1.7,2.7959e-08,0.0,0.92,0.92,CLOSED,rug-liquidity-collapse,0.05,0.04568,0.914
CRRPmc3AkfpFbwY63sjofVn1rmcgyeHR4fgJEaXvpump,binder,RUGGED,2.9432e-08,3.2405e-08,29.43,3572,30.19,3664,28.0,3399,1.175,142.65,2026-10-04 18:26:52,2026-10-04 18:26:54,1.2,2.8002e-08,0.023,0.9,0.91,CLOSED,rug-liquidity-collapse,0.05,0.04271,0.854
2fjaFS2fYDQynj9223mcCu7d1HpDrJUhzSCEmqF6xUhj,AgentN,RUGGED,2.9830e-08,3.2016e-08,29.83,3620,29.83,3620,27.96,3393,0.988,119.87,2026-10-04 18:27:34,2026-10-04 18:27:36,0.6,2.7959e-08,0.0,0.89,0.92,CLOSED,rug-liquidity-collapse,0.05,0.04316,0.863
7nZoxsJhQzfjhzpPn4d1TNzeGRcZ9PbhhPGeEuv16BJL,CHAI,RUGGED,2.9854e-08,3.9501e-08,29.85,3623,36.81,4468,28.35,3440,4.422,536.75,2026-10-04 18:27:38,2026-10-04 18:27:40,0.6,2.8347e-08,0.207,0.85,0.92,CLOSED,rug-liquidity-collapse,0.05,0.03548,0.709
71RmBZiqbg9uKu5bbNVFWMBKzR7RhWkJyuyQeorbpump,Binder,RUGGED,2.9830e-08,3.2100e-08,29.83,3620,29.91,3630,27.96,3393,1.028,124.81,2026-10-04 18:25:09,2026-10-04 18:25:12,3.1,2.7959e-08,0.0,0.92,0.92,CLOSED,rug-liquidity-collapse,0.05,0.04305,0.861
4raZ918Bj54Vw3KWQEGZ8NkVMMbFbJARLAAgRhrccNgC,TRADE,RUGGED,4.9705e-08,8.1467e-08,49.7,6033,75.96,9219,15.41,1870,14.855,1802.92,2026-10-04 18:28:00,2026-10-04 18:28:02,0.3,1.5409e-08,0.0,0.32,0.53,CLOSED,rug-liquidity-collapse,0.05,0.00935,0.187
H9D69rKsRAUx5idtmK1XVm2fchzSNu5znEfV8ABepump,ADAD,RUGGED,2.8702e-08,3.0806e-08,28.7,3484,28.7,3484,27.96,3393,0.396,48.06,2026-10-04 18:23:45,2026-10-04 18:23:48,4.6,2.7959e-08,0.0,0.92,0.92,CLOSED,rug-liquidity-collapse,0.05,0.04485,0.897
EgurGNaZWSAFCXRdzDgZqV5wARChtjy64CtpUFNtpump,MCH,RUGGED,2.8142e-08,2.4873e-08,28.14,3416,23.17,2812,5.62,682,0.08,9.77,2026-10-04 18:23:43,2026-10-04 18:23:45,4.8,5.6229e-09,0.02,0.22,0.43,CLOSED,rug-liquidity-collapse,0.05,0.01116,0.223
5uJAiyyrct9B2iMpxKBfKocAhSW9MeeWvJymRDjupump,Robinbrokers,RUGGED,2.9830e-08,3.2016e-08,29.83,3620,29.83,3620,27.96,3393,0.988,119.87,2026-10-04 18:26:15,2026-10-04 18:26:19,2.2,2.7959e-08,0.0,0.96,0.96,CLOSED,rug-liquidity-collapse,0.05,0.04316,0.863
G8ExVqWsahGh1HRSxSQfQn9DwbsUMyPEbhP76AHEpump,Quota,RUGGED,4.9399e-08,6.7666e-08,49.4,5995,63.08,7656,27.96,3393,15.06,1827.89,2026-10-04 18:27:44,2026-10-04 18:27:46,0.8,2.7959e-08,0.0,0.72,0.72,CLOSED,rug-liquidity-collapse,0.05,0.02043,0.409
NC4eGKgnq2CiPznrmhkKSuzgEHFqeLYEmHR3ZKvpump,MESSI,RUGGED,2.8087e-08,2.4315e-08,28.09,3409,22.64,2748,0.93,113,0.055,6.7,2026-10-04 18:27:49,2026-10-04 18:27:51,0.7,9.3200e-10,0.003,0.03,1.33,CLOSED,rug-liquidity-collapse,0.05,0.00189,0.038
EzNbm1ZVbCwz6LyToPBbsLtL2AFXUGg7neBgMSArpump,WAKE,RUGGED,2.8702e-08,3.0806e-08,28.7,3484,28.7,3484,27.96,3393,0.396,48.06,2026-10-04 18:19:13,2026-10-04 18:19:15,9.4,2.7959e-08,0.0,0.92,0.94,CLOSED,rug-liquidity-collapse,0.05,0.04485,0.897
ESSe7VSobdwWHMsYSy2WxWG1aeccPrWEXQLtQTgBpump,SIX,RUGGED,2.8747e-08,3.0900e-08,28.75,3489,28.79,3494,27.96,3393,0.442,53.69,2026-10-04 18:27:58,2026-10-04 18:28:01,0.6,2.7959e-08,0.0,0.92,0.92,CLOSED,rug-liquidity-collapse,0.05,0.04472,0.894
AwnF9t97USJMAgyjPiRb4MymMTbPWqhquDRcX2ePN4m2,CHAI,RUGGED,3.3830e-08,5.0960e-08,33.83,4106,47.5,5765,31.7,3847,9.101,1104.61,2026-10-04 18:28:31,2026-10-04 18:28:34,0.1,3.1701e-08,1.944,0,0,CLOSED,rug-liquidity-collapse,0.05,0.03076,0.615
4wX9BJrHAfsniK9fD1LTLNLPca5i45mdG7eDZAUqpump,MESSI,RUGGED,2.8105e-08,3.5245e-08,28.1,3411,32.84,3986,58.0,7039,0.091,11.09,2026-10-04 18:28:10,2026-10-04 18:28:13,0.5,5.7998e-08,0.029,1.14,1.14,CLOSED,rug-liquidity-collapse,0.05,0.08134,1.627
HAvhFMnyDPx6BomUXu6dLiwLPe7ApafiUYF8CpbXJeqp,SLOP,RUGGED,3.3830e-08,4.0553e-08,33.83,4106,37.79,4587,27.96,3393,4.878,592.05,2026-10-04 18:28:23,2026-10-04 18:28:25,0.3,2.7959e-08,0.0,0.96,1.38,CLOSED,rug-liquidity-collapse,0.05,0.03408,0.682
B4wybrDae7zNgQtgDK7zaDRdGmAzwN3MfDR3Lyuopump,KOL,RUGGED,2.8488e-08,3.9476e-08,28.49,3458,36.79,4465,28.01,3400,4.412,535.42,2026-10-04 18:27:59,2026-10-04 18:28:02,0.7,2.8013e-08,0.029,0.78,0.92,CLOSED,rug-liquidity-collapse,0.05,0.03508,0.702
G59Fe4mSbkzENAMUxwC3AQvUB41Qm4AAqNjWYSTtpump,gj,RUGGED,2.8144e-08,3.0208e-08,28.14,3416,28.14,3416,55.4,6723,0.099,12.02,2026-10-04 18:27:52,2026-10-04 18:27:55,0.9,5.5396e-08,0.052,1.82,1.82,CLOSED,rug-liquidity-collapse,0.05,0.09063,1.812
CQZmr59Jh2Zi8bMXnzCDPETukUg8fn6z8doRXW23pump,DOGE PAID,RUGGED,2.8878e-08,3.0072e-08,28.88,3505,28.02,3400,41.84,5078,0.497,60.37,2026-10-04 18:28:40,2026-10-04 18:28:43,0.1,4.1840e-08,0.041,0,0,CLOSED,rug-liquidity-collapse,0.05,0.06876,1.375
79iqXLjvUSwkKT9SsZnzJ8m1kJo7wCJnbU4AAwdUpump,JSN,RUGGED,2.8328e-08,3.0405e-08,28.33,3438,28.33,3438,4.42,537,0.198,23.97,2026-10-04 18:28:04,2026-10-04 18:28:07,0.8,4.4219e-09,0.04,0.44,0.64,CLOSED,rug-liquidity-collapse,0.05,0.00718,0.144
FRrqvvoABorEZRcga7GMJiE2ti66hT7ytSAv7fbepump,Vigil,RUGGED,2.8488e-08,6.5160e-08,28.49,3458,60.74,7372,31.1,3774,14.218,1725.6,2026-10-04 18:28:08,2026-10-04 18:28:10,0.7,3.1099e-08,1.64,0.56,0.88,CLOSED,rug-liquidity-collapse,0.05,0.0236,0.472
79fRuEpQRSdK4P6nt9XM5P5foiigfrHAGz8hAqKSmb1C,WCKD,RUGGED,2.7978e-08,3.0824e-08,27.98,3396,28.72,3486,27.98,3396,0.405,49.16,2026-10-04 18:28:29,2026-10-04 18:28:32,0.4,2.7978e-08,0.01,0.92,0.92,CLOSED,rug-liquidity-collapse,0.05,0.04486,0.897
Ab65ubB75Co6j5eyeDqfbLs7uSBn4fGuCtDCHfatpump,SUPERDADDY,RUGGED,3.7921e-08,6.8947e-08,37.92,4602,64.27,7801,30.91,3752,15.485,1879.42,2026-10-04 18:28:40,2026-10-04 18:28:43,0.2,3.0913e-08,1.545,0.64,0.64,CLOSED,rug-liquidity-collapse,0.05,0.02217,0.443
7CTLpHRF1dTsy2AsbAiRXQKBVgHZvTUf5JosFptLDTWX,CHAI,RUGGED,3.1811e-08,3.6962e-08,31.81,3861,34.44,4180,27.96,3393,3.297,400.15,2026-10-04 18:28:25,2026-10-04 18:28:28,0.5,2.7959e-08,0.0,0.86,0.86,CLOSED,rug-liquidity-collapse,0.05,0.03739,0.748
Gzo61fV7tJcsT3Y9hCgr2G72JiGnHqVeKY7TkUPFzHa1,chai,RUGGED,3.3830e-08,4.7043e-08,33.83,4106,43.84,5321,33.58,4075,7.567,918.46,2026-10-04 18:28:48,2026-10-04 18:28:50,0.1,3.3575e-08,2.875,0,0,CLOSED,rug-liquidity-collapse,0.05,0.03529,0.706
HXBHxkQk8qny4RoL6fKhSxZSSgESEUZ5C3YM7FhHxk2o,CHAI,RUGGED,3.3830e-08,4.4154e-08,33.83,4106,41.15,4994,28.34,3439,6.395,776.16,2026-10-04 18:28:50,2026-10-04 18:28:53,0.1,2.8337e-08,0.202,0,0,CLOSED,rug-liquidity-collapse,0.05,0.03173,0.635
DH3yeALP5EgHMWWGSosZ9vL4XxKarWaMp51Xhqbgpump,Quota,RUGGED,3.5808e-08,4.0693e-08,35.81,4346,37.92,4602,28.13,3414,4.938,599.36,2026-10-04 18:28:23,2026-10-04 18:28:26,0.6,2.8127e-08,0.09,0.88,0.93,CLOSED,rug-liquidity-collapse,0.05,0.03417,0.683
8V9JEA376D74dU1Qdq5fXpAgjgCbDS4v5ry6Y8SXpump,ADAD,RUGGED,2.9644e-08,3.1817e-08,29.64,3598,29.64,3598,27.96,3393,0.891,108.13,2026-10-04 18:24:31,2026-10-04 18:24:34,4.5,2.7959e-08,0.0,0.92,0.92,CLOSED,rug-liquidity-collapse,0.05,0.04343,0.869
2Wv9HfkrSY9gJfuh54jnb2EZebyKeH7ZqubQo6ybpump,QUOTA,RUGGED,3.4001e-08,9.5174e-08,34.0,4127,88.73,10770,34.66,4207,23.445,2845.49,2026-10-04 18:25:52,2026-10-04 18:25:55,3.2,3.4660e-08,3.402,2.6,2.6,CLOSED,rug-liquidity-collapse,0.05,0.06765,1.353
6tXk8yK8ynRp34HpqL6LsuBaoP4sr1KTyGzLKTPppump,AgentN,RUGGED,2.9031e-08,1.2525e-07,29.03,3524,116.79,14174,38.82,4711,31.313,3800.49,2026-10-04 18:26:20,2026-10-04 18:26:22,2.8,3.8816e-08,5.348,1.28,1.4,CLOSED,rug-liquidity-collapse,0.05,0.01533,0.307
8oLASy6dmNUum8efs5AhtERK2us9u48VDRwDh5MApump,DOOB,RUGGED,2.8878e-08,5.3954e-08,28.88,3505,50.3,6105,57.7,7003,0.851,103.33,2026-10-04 18:29:00,2026-10-04 18:29:02,0.1,5.7696e-08,0.089,0,0,CLOSED,rug-liquidity-collapse,0.05,0.05288,1.058
7sGyoxomDHiY9h2TeN5pQXA8FN1V7J1S1NYhq8QPpump,Agents,RUGGED,2.8887e-08,7.3580e-08,28.89,3506,68.59,8325,30.22,3668,16.989,2061.98,2026-10-04 18:26:04,2026-10-04 18:26:06,3.3,3.0223e-08,1.191,3.35,3.57,CLOSED,rug-liquidity-collapse,0.05,0.06846,1.369
Doid7V59X7x7zRPnq192f4Jw97NYdqRRRVAyFHyGpump,QUOTA,RUGGED,2.8488e-08,1.3798e-07,28.49,3458,128.66,15616,31.45,3817,34.355,4169.69,2026-10-04 18:29:00,2026-10-04 18:29:02,0.3,3.1450e-08,1.818,0.48,1.08,CLOSED,rug-liquidity-collapse,0.05,0.01127,0.225
C72BQPPBcZ7THyQx7TtbGyiwuNEWkPQ4aBxtSmd8pump,Basketa,RUGGED,3.1762e-08,3.4088e-08,31.76,3855,31.76,3855,27.96,3393,1.975,239.74,2026-10-04 18:28:44,2026-10-04 18:28:46,0.6,2.7959e-08,0.0,0.92,0.92,CLOSED,rug-liquidity-collapse,0.05,0.04054,0.811
GmvNhxdExTPDZ6SrkpM7Ekupv9fTWVeafZBbrQEKpump,Privasta,RUGGED,2.9135e-08,3.1270e-08,29.13,3536,29.13,3536,28.13,3414,0.624,75.76,2026-10-04 18:29:01,2026-10-04 18:29:04,0.3,2.8132e-08,0.093,0.95,0.95,CLOSED,rug-liquidity-collapse,0.05,0.04446,0.889
AGazU7Dxe8pFHPAytug4ufYnGqazrvGStTTUmTNHpump,INFLUENCER,RUGGED,3.0759e-08,4.1082e-08,30.76,3733,38.28,4647,29.62,3595,5.105,619.59,2026-10-04 18:24:53,2026-10-04 18:24:56,4.5,2.9620e-08,0.878,0.81,0.93,CLOSED,rug-liquidity-collapse,0.05,0.03564,0.713
EzyEW5pit8gCGjxPwEJg9kHUjv57dnpAY2w6Zskcpump,QUOTA,RUGGED,2.8887e-08,3.2901e-08,28.89,3506,30.66,3721,28.11,3412,1.413,171.55,2026-10-04 18:29:15,2026-10-04 18:29:17,0.2,2.8110e-08,0.081,0.92,0.92,CLOSED,rug-liquidity-collapse,0.05,0.04223,0.844
Fcx6v6qWFJ82Pwtw5M3PKjUUuDDcGAg21PEVypfApump,NODE,RUGGED,3.0905e-08,3.8668e-08,30.9,3751,36.03,4373,27.98,3395,4.057,492.45,2026-10-04 18:29:10,2026-10-04 18:29:12,0.3,2.7975e-08,0.009,1.0,1.0,CLOSED,rug-liquidity-collapse,0.05,0.03576,0.715
BsrR9MVNptMHYxVgLMaQh5yzK2frLffPwnBHe64Ypump,Solve,RUGGED,2.9830e-08,3.2016e-08,29.83,3620,29.83,3620,28.05,3404,0.988,119.87,2026-10-04 18:28:57,2026-10-04 18:29:00,0.6,2.8045e-08,0.046,0.92,0.92,CLOSED,rug-liquidity-collapse,0.05,0.04329,0.866
5jR9uy3K7q2AnhNdGF2KVMimui9w8GDu4WWCNKQXB9tZ,AI,RUGGED,2.9830e-08,3.2016e-08,29.83,3620,29.83,3620,27.96,3393,0.988,119.87,2026-10-04 18:28:59,2026-10-04 18:29:01,0.6,2.7959e-08,0.0,0.89,0.92,CLOSED,rug-liquidity-collapse,0.05,0.04316,0.863
Bg6Bc8VSiN8fFK6S2wRJqMWkgjSzXtJnt4iezZ6Lpump,QUOTA,RUGGED,2.8421e-08,3.0505e-08,28.42,3449,28.42,3449,27.96,3393,0.247,29.97,2026-10-04 18:29:04,2026-10-04 18:29:07,0.5,2.7959e-08,0.0,0.92,0.92,CLOSED,rug-liquidity-collapse,0.05,0.04529,0.906
FJi9An2WAguxEF8FqfA6ZXJP97y8cdZ5VxV2UfkUpump,$BWIZ,RUGGED,2.8068e-08,2.2400e-08,28.07,3407,20.86,2532,4.85,589,0.044,5.29,2026-10-04 18:21:14,2026-10-04 18:21:17,8.4,4.8495e-09,0.088,0.3,1.04,CLOSED,rug-liquidity-collapse,0.05,0.01068,0.214
Cby1ucGgcVBs3gYgPJiH1XDdUiUunTNBbJ5PWvwDpump,ALLIN,RUGGED,2.8747e-08,3.0912e-08,28.75,3489,28.8,3496,27.96,3393,0.448,54.38,2026-10-04 18:29:14,2026-10-04 18:29:16,0.6,2.7959e-08,0.0,0.92,0.92,CLOSED,rug-liquidity-collapse,0.05,0.0447,0.894
Fau8hMBx9rqQnr1SGJQQEWkCakTsfhAYto4YCvC2pump,ZDICE,RUGGED,2.8427e-08,1.9573e-07,28.43,3450,182.54,22155,31.13,3778,46.654,5662.44,2026-10-04 18:29:22,2026-10-04 18:29:25,0.5,3.1126e-08,1.653,0.97,1.2,CLOSED,rug-liquidity-collapse,0.05,0.00786,0.157
FQqHf3dvGi8FB1VYbkLEouzSaYLTY1587fGN3VdKpump,test,RUGGED,2.7977e-08,3.3984e-08,27.98,3396,31.67,3843,28.31,3436,1.927,233.83,2026-10-04 18:29:13,2026-10-04 18:29:16,0.7,2.8310e-08,0.188,0.92,0.92,CLOSED,rug-liquidity-collapse,0.05,0.04117,0.823
59ettvYo4BcncR835nXRsh4fCB81SCt66Pb2xZY6pump,Рonk⠀,RUGGED,2.9810e-08,3.2403e-08,29.81,3618,30.19,3664,29.0,3520,1.175,142.55,2026-10-04 18:29:33,2026-10-04 18:29:35,0.4,2.9004e-08,0.555,0.94,0.94,CLOSED,rug-liquidity-collapse,0.05,0.04424,0.885
6eZFKKekpKJ7ZzMRwRJe84fQ9UbxUYQdrRuujRZYaBPe,PAWPAD,RUGGED,2.7959e-08,3.8814e-08,27.96,3393,36.17,4390,27.99,3397,4.121,500.21,2026-10-04 18:22:02,2026-10-04 18:22:05,8.0,2.7992e-08,0.018,0.8,0.87,CLOSED,rug-liquidity-collapse,0.05,0.03565,0.713
HQT5eqMupvjX2UPnmtyV6DY6JYRKbECpTJWSgzZxpump,DOLLY,RUGGED,2.8084e-08,3.5776e-08,28.08,3409,33.34,4046,10.83,1315,0.079,9.65,2026-10-04 18:29:53,2026-10-04 18:29:55,0.1,1.0832e-08,0.026,0,0,CLOSED,rug-liquidity-collapse,0.05,0.01496,0.299
8Sn5FtqfrY2G7h5WXib6zR8zrkxLvdU9oENQb489pump,$ACAI,RUGGED,2.8199e-08,3.0267e-08,28.2,3423,28.2,3423,27.96,3393,0.129,15.62,2026-10-04 18:28:07,2026-10-04 18:28:09,1.9,2.7959e-08,0.0,0.92,0.92,CLOSED,rug-liquidity-collapse,0.05,0.04565,0.913
3o8BxyffWSbsxkhpKXzWkYQwnD3cHFQ1hNAeLsgZRjvr,SIX,RUGGED,2.7987e-08,3.0254e-08,27.99,3397,28.19,3421,28.05,3404,0.122,14.83,2026-10-04 18:28:52,2026-10-04 18:28:55,1.2,2.8048e-08,0.048,0.92,0.93,CLOSED,rug-liquidity-collapse,0.05,0.04582,0.916
7ZxgkFESX1eJhd6EvoxNXyP2L1KG6cVseb8rYuggWM8b,TEKSLOP,RUGGED,3.1415e-08,3.7032e-08,31.41,3813,34.51,4188,28.7,3483,3.329,404.01,2026-10-04 18:29:43,2026-10-04 18:29:46,0.3,2.8701e-08,0.396,0.87,0.97,CLOSED,rug-liquidity-collapse,0.05,0.03831,0.766
3VjyyJJ2T3vuaao9c6tBCzdJPwpnjVKR2WqyRiqzDYM2,Chai,RUGGED,3.2813e-08,4.3047e-08,32.81,3983,40.12,4869,30.79,3737,5.935,720.36,2026-10-04 18:30:00,2026-10-04 18:30:03,0.1,3.0789e-08,1.481,0,0,CLOSED,rug-liquidity-collapse,0.05,0.03536,0.707
8JBLa9PJ2CCkv37JD1gTEWi59jsQeRmzNfin3Kvgpump,Leeghto,RUGGED,2.9830e-08,3.2858e-08,29.83,3620,30.62,3716,29.85,3623,1.393,169.03,2026-10-04 18:29:50,2026-10-04 18:29:53,0.4,2.9849e-08,0.997,0.99,0.99,CLOSED,rug-liquidity-collapse,0.05,0.0449,0.898
AMjf5VwchZvz9YQwnvHBpVJYuno1a78XGypW89ZGvyYv,CARDEXINU,RUGGED,2.7959e-08,3.4299e-08,27.96,3393,31.96,3879,28.22,3425,2.074,251.73,2026-10-04 18:29:24,2026-10-04 18:29:26,0.8,2.8221e-08,0.14,0.86,0.86,CLOSED,rug-liquidity-collapse,0.05,0.04067,0.813
9kJ2P7tCCWBXekdTbdHE7rrKefDjoqZ4oxCrWo6Hpump,ANY,RUGGED,2.8514e-08,3.2118e-08,28.51,3461,29.93,3632,28.58,3469,1.037,125.87,2026-10-04 18:29:54,2026-10-04 18:29:57,0.4,2.8582e-08,0.332,0.92,0.92,CLOSED,rug-liquidity-collapse,0.05,0.04398,0.88
Buby22GVPdkVq1XK8ET5me17yL9FBoXogiPBzbezPgmg,CELLUMO,RUGGED,2.9830e-08,3.2016e-08,29.83,3620,29.83,3620,27.96,3393,0.988,119.87,2026-10-04 18:29:47,2026-10-04 18:29:50,0.6,2.7959e-08,0.0,0.89,0.92,CLOSED,rug-liquidity-collapse,0.05,0.04316,0.863
CWuRWty43uTY7h7x2nR1niuNDEFp9js7e5S46xQ9pump,CRAWLTRADE,RUGGED,5.0624e-08,5.6386e-08,50.62,6144,52.56,6379,35.46,4303,11.131,1351.03,2026-10-04 18:27:27,2026-10-04 18:27:30,3.0,3.5456e-08,3.784,2.08,2.08,CLOSED,rug-liquidity-collapse,0.05,0.07502,1.5
kWgjLeVV728HaojrzFnmYoxfVFJWxc87GLvN5cfpump,Maga,RUGGED,2.8125e-08,2.2215e-08,28.12,3414,20.69,2511,7.75,940,0.065,7.93,2026-10-04 18:29:39,2026-10-04 18:29:41,0.9,7.7465e-09,0.049,0.96,0.96,CLOSED,rug-liquidity-collapse,0.05,0.01722,0.344
HfLYLJEfUiazFUmirtZQBX6Ev1r5X12wtwa3b8Bwpump,CHIMP,RUGGED,2.8142e-08,4.1840e-08,28.14,3416,39.0,4733,62.72,7613,0.155,18.83,2026-10-04 18:30:16,2026-10-04 18:30:19,0.3,6.2722e-08,0.0,1.49,1.49,CLOSED,rug-liquidity-collapse,0.05,0.07412,1.482
Hy6yW8LXux97bKmL2kWcz2SqPbWm8P5rPC7uSg9Hpump,CAT,RUGGED,3.3754e-08,4.2038e-08,33.75,4097,39.18,4755,27.96,3393,5.511,668.92,2026-10-04 18:26:01,2026-10-04 18:26:04,4.5,2.7959e-08,0.0,0.72,0.83,CLOSED,rug-liquidity-collapse,0.05,0.03288,0.658
9fYE89E49AvGiwRrXkCTXNqqJmfTwUYi9Vdoh7T4pump,FERSPE,RUGGED,2.8117e-08,3.0254e-08,28.12,3413,28.19,3421,38.35,4655,0.085,10.31,2026-10-04 18:30:33,2026-10-04 18:30:36,0.1,3.8351e-08,0.0,0,0,CLOSED,rug-liquidity-collapse,0.05,0.06265,1.253
DehqLrUcycqvWBhRm2jrx9N8MsT4KLtZNzfGpwCXBLAM,TUBUL,RUGGED,2.9841e-08,3.2027e-08,29.84,3622,29.84,3622,27.96,3393,0.993,120.53,2026-10-04 18:30:33,2026-10-04 18:30:36,0.1,2.7959e-08,0.0,0,0,CLOSED,rug-liquidity-collapse,0.05,0.04314,0.863
DDFX8wnJjzT9n6NbAyrHPtJNNKYeNe9eZz3T7VBwpump,QUOTA,RUGGED,3.1762e-08,4.4343e-08,31.76,3855,41.33,5016,40.07,4863,6.473,785.58,2026-10-04 18:29:17,2026-10-04 18:29:20,1.5,4.0070e-08,5.915,1.44,1.44,CLOSED,rug-liquidity-collapse,0.05,0.04467,0.893
28xAr937ChccUaw5iSJ3mu36vNiGFMhEQkwnmsRmpump,HATON,RUGGED,2.8180e-08,2.1033e-08,28.18,3420,19.58,2377,11.64,1412,0.082,10.0,2026-10-04 18:29:17,2026-10-04 18:29:20,1.5,1.1637e-08,0.043,0.68,1.5,CLOSED,rug-liquidity-collapse,0.05,0.02731,0.546
AsdwjqPJvDqmMLi9bMj95Ww9Zrt4uPkR8dK3HNV58EAE,TRADE,RUGGED,4.9705e-08,5.3329e-08,49.7,6033,49.7,6033,160.32,19458,10.0,1213.7,2026-10-04 18:30:12,2026-10-04 18:30:15,0.6,1.6032e-07,3.369,1.86,1.86,CLOSED,rug-liquidity-collapse,0.05,0.14862,2.972
HS552PsQY2bdcY7h1YcCFXgEHV9Z59Hw2Q3YdZPSpump,MOGO,RUGGED,3.0895e-08,3.3158e-08,30.89,3750,30.89,3750,28.12,3413,1.536,186.4,2026-10-04 18:28:38,2026-10-04 18:28:40,2.1,2.8124e-08,0.088,0.93,0.93,CLOSED,rug-liquidity-collapse,0.05,0.04192,0.838
2WhGUNHbbqJj8XkpXZMjSKvcfFwx8awofkQtN37Npump,QUOTA,RUGGED,3.3754e-08,9.9333e-08,33.75,4097,92.61,11240,28.61,3472,24.601,2985.78,2026-10-04 18:29:20,2026-10-04 18:29:23,1.4,2.8608e-08,0.346,2.64,3.35,CLOSED,rug-liquidity-collapse,0.05,0.07249,1.45
8eYg5K4p9poPgV7N7SfqAtYKCnXEKcq4pCY2iB11pump,pad,RUGGED,3.0789e-08,3.4872e-08,30.79,3737,32.49,3944,27.96,3393,2.341,284.19,2026-10-04 18:30:04,2026-10-04 18:30:07,0.7,2.7959e-08,0.0,0.87,0.87,CLOSED,rug-liquidity-collapse,0.05,0.03963,0.792
5NQjR2prgqrQDjPYPpoLQxmWBb9FFKgwYZ6nx8ExWUgZ,QUOTA,RUGGED,3.1811e-08,3.9368e-08,31.81,3861,36.69,4453,28.2,3423,4.365,529.74,2026-10-04 18:30:32,2026-10-04 18:30:34,0.3,2.8199e-08,0.129,0.8,0.87,CLOSED,rug-liquidity-collapse,0.05,0.03541,0.708
93oZK1upsthhmbYrDXriM5Pn4dZD1JSmCAhFkBoBqPbG,SC,RUGGED,2.7959e-08,3.5733e-08,27.96,3393,33.3,4041,28.4,3447,2.738,332.33,2026-10-04 18:20:57,2026-10-04 18:21:00,10.0,2.8398e-08,0.235,0.81,0.9,CLOSED,rug-liquidity-collapse,0.05,0.03928,0.786
7gVzYNtv5a1vD53zxUyzYXgd9Wmre5EHBCsfYgCJpump,ABUGENCY,RUGGED,4.0538e-08,4.5239e-08,40.54,4920,42.16,5117,33.24,4035,6.84,830.13,2026-10-04 18:30:43,2026-10-04 18:30:45,0.2,3.3243e-08,2.712,1.01,1.01,CLOSED,rug-liquidity-collapse,0.05,0.03633,0.726
7GEn41JXsBXnowi63m97DMK6nW4ydMHrjZHdbw59pump,QUOTA,RUGGED,2.9854e-08,3.9291e-08,29.85,3623,36.61,4444,30.48,3700,4.331,525.62,2026-10-04 18:30:53,2026-10-04 18:30:56,0.1,3.0483e-08,1.325,0,0,CLOSED,rug-liquidity-collapse,0.05,0.03835,0.767
3Fe7G3qs4KtFnUJV2abhcyhXWYLig9SNKWzacktJpump,PACE,RUGGED,2.8143e-08,3.0207e-08,28.14,3416,28.14,3416,27.96,3393,0.099,11.99,2026-10-04 18:19:30,2026-10-04 18:19:33,11.5,2.7959e-08,0.0,0.94,1.02,CLOSED,rug-liquidity-collapse,0.05,0.04574,0.915
52u7nGAfTE2DannRQqzxGHHgrYmdLC7xzWiwAt77pump,NODE,RUGGED,2.9830e-08,3.8615e-08,29.83,3620,35.98,4367,28.28,3432,4.034,489.6,2026-10-04 18:29:27,2026-10-04 18:29:30,1.6,2.8280e-08,0.172,0.84,0.92,CLOSED,rug-liquidity-collapse,0.05,0.0362,0.724
AvQU2Xqw12gjgzELxyYntxUUbL8WLFH3Pwf5W5CZpump,Bidpit,RUGGED,2.9830e-08,3.2093e-08,29.83,3620,29.9,3629,27.96,3393,1.025,124.37,2026-10-04 18:30:45,2026-10-04 18:30:49,0.4,2.7959e-08,0.0,0.92,0.92,CLOSED,rug-liquidity-collapse,0.05,0.04306,0.861
33JBrxM8mJzaNP6Hhgiff5B3W8LEUJm7xWmC71qiG2MF,SI,RUGGED,2.7959e-08,5.8975e-10,27.96,3393,0.5,60,0.35,42,0.074,9.04,2026-10-04 18:22:50,2026-10-04 18:22:53,8.3,3.4526e-10,0.001,0.58,1.26,CLOSED,rug-liquidity-collapse,0.05,0.02685,0.537
3cC3QDGx1HWxDF2Guma1MuCiREx2AY5cqauoAQMQpump,ANOTHER,RUGGED,2.9834e-08,4.0731e-08,29.83,3621,37.96,4607,28.34,3440,4.955,601.33,2026-10-04 18:27:28,2026-10-04 18:27:31,3.7,2.8340e-08,0.204,0.75,1.13,CLOSED,rug-liquidity-collapse,0.05,0.0344,0.688
J9apUgFZpu1DssCGazAxUK2AiDeiJDXKUC7vFYyxpump,Chai,RUGGED,2.7959e-08,3.2796e-08,27.96,3393,30.56,3709,28.01,3400,1.363,165.42,2026-10-04 18:30:19,2026-10-04 18:30:21,0.8,2.8010e-08,0.027,0.89,0.92,CLOSED,rug-liquidity-collapse,0.05,0.04221,0.844
8icCwsWTC9YTjioYEYoUqkCPUJwph97y5GUHYPaZpump,xDrive,RUGGED,3.1769e-08,3.4096e-08,31.77,3856,31.77,3856,27.96,3393,1.979,240.19,2026-10-04 18:29:56,2026-10-04 18:29:58,1.3,2.7959e-08,0.0,0.92,0.92,CLOSED,rug-liquidity-collapse,0.05,0.04053,0.811
12DRrt9D9xjGcjFQQYfesAQ8VqDPP9AhR1rK4vLiKgzF,TRADE,RUGGED,4.9705e-08,5.1630e-08,49.7,6033,48.12,5840,78.67,9548,9.673,1174.06,2026-10-04 18:31:06,2026-10-04 18:31:09,0.2,7.8667e-08,2.244,1.72,1.72,CLOSED,rug-liquidity-collapse,0.05,0.07533,1.506
tRgTiCsNaefo8NUWpif6v7jBjrHx7naYTxHmaGcpump,QUOTA,RUGGED,2.9854e-08,3.2042e-08,29.85,3623,29.85,3623,27.96,3393,1.0,121.37,2026-10-04 18:31:15,2026-10-04 18:31:18,0.1,2.7959e-08,0.0,0,0,CLOSED,rug-liquidity-collapse,0.05,0.04313,0.862
W2M4iQeSsQgJdAJNFvxAkn9VYthdYKV5aBFq5xspump,Geniosis,RUGGED,3.0759e-08,3.4260e-08,30.76,3733,31.92,3874,27.98,3395,2.056,249.53,2026-10-04 18:23:39,2026-10-04 18:23:42,7.8,2.7976e-08,0.009,0.82,0.86,CLOSED,rug-liquidity-collapse,0.05,0.04036,0.807
9FmqjtoT76gQPpDs2WvfzdznETwo48ruEibAKKNTpump,Chai,RUGGED,2.7959e-08,3.1914e-08,27.96,3393,29.74,3609,27.96,3393,0.938,113.88,2026-10-04 18:30:19,2026-10-04 18:30:21,1.1,2.7959e-08,0.0,0.92,0.92,CLOSED,rug-liquidity-collapse,0.05,0.0433,0.866
5s3kM7WAEcFU34UCtwYxC5fNopxfh65BKrffdLAJpump,DOOB,RUGGED,2.8878e-08,4.5127e-08,28.88,3505,42.07,5105,40.76,4947,0.712,86.41,2026-10-04 18:31:19,2026-10-04 18:31:21,0.1,4.0763e-08,0.024,0,0,CLOSED,rug-liquidity-collapse,0.05,0.04466,0.893
4aE9T3AqiyQoRBNnAywcduLc8HWdtSByExWX9QR8pump,TIPP,RUGGED,2.9811e-08,3.1995e-08,29.81,3618,29.81,3618,28.82,3498,0.977,118.63,2026-10-04 18:28:39,2026-10-04 18:28:41,2.8,2.8818e-08,0.458,1.17,1.17,CLOSED,rug-liquidity-collapse,0.05,0.04451,0.89
HQsd7zpUEzYm9hRaMg3de182cnhDdif5y5MXXKyLpump,Aspirin,RUGGED,2.9830e-08,3.7078e-08,29.83,3620,34.55,4193,28.2,3423,3.349,406.5,2026-10-04 18:30:56,2026-10-04 18:30:59,0.5,2.8203e-08,0.131,0.87,0.92,CLOSED,rug-liquidity-collapse,0.05,0.0376,0.752
AWynweeS8UEu2tmdSHX9uou9nKP2XSBRtgfm8GoPHdxF,quota,RUGGED,2.8146e-08,3.3462e-08,28.15,3416,31.18,3784,28.15,3416,1.68,203.93,2026-10-04 18:31:25,2026-10-04 18:31:27,0.1,2.8146e-08,0.1,0,0,CLOSED,rug-liquidity-collapse,0.05,0.04157,0.831
96ZNMedVArkFzQmwSuqwfhhfKu5riyvuxxCinnPGkB72,IWDA20K,RUGGED,2.9854e-08,4.5346e-08,29.85,3623,42.26,5129,32.81,3983,6.883,835.4,2026-10-04 18:31:25,2026-10-04 18:31:27,0.1,3.2813e-08,2.5,0,0,CLOSED,rug-liquidity-collapse,0.05,0.03577,0.715
Bb6jVYvtguU4MdyYWFC9CjYQA2Zguo6WWCjbSUWLpump,THECON7,RUGGED,2.8092e-08,3.0152e-08,28.09,3410,28.09,3410,27.96,3393,0.071,8.65,2026-10-04 18:30:59,2026-10-04 18:31:02,0.6,2.7959e-08,0.0,0.92,0.92,CLOSED,rug-liquidity-collapse,0.05,0.04582,0.916
2pnGkkHnurZV5euhdoM43vbsBCTGzFYFnwX7GgVGpump,Quota,RUGGED,2.8422e-08,3.0506e-08,28.42,3450,28.42,3450,27.96,3393,0.248,30.04,2026-10-04 18:31:08,2026-10-04 18:31:10,0.5,2.7959e-08,0.0,0.92,0.92,CLOSED,rug-liquidity-collapse,0.05,0.04529,0.906
6mZtECfYiknVxTAQmNMVFroejhcrvHAQmPpFT574pump,PUMPAGEN,RUGGED,2.8747e-08,3.1510e-08,28.75,3489,29.36,3563,27.96,3393,0.742,90.0,2026-10-04 18:31:31,2026-10-04 18:31:34,0.1,2.7959e-08,0.0,0,0,CLOSED,rug-liquidity-collapse,0.05,0.04385,0.877
Ek4diu4S2ChMe793ZFDpmXx4pv8RznotiCoUMKsiEHJQ,QUOTA,RUGGED,2.9830e-08,3.2016e-08,29.83,3620,29.83,3620,27.96,3393,0.988,119.87,2026-10-04 18:31:07,2026-10-04 18:31:09,0.6,2.7959e-08,0.0,0.89,0.92,CLOSED,rug-liquidity-collapse,0.05,0.04316,0.863
2Cz66CW1bwukirqqmbqcLdU6t6U4NE53eTc3dM7Wpump,cube ,RUGGED,2.8162e-08,3.0227e-08,28.16,3418,28.16,3418,27.96,3393,0.109,13.22,2026-10-04 18:29:34,2026-10-04 18:29:36,2.2,2.7959e-08,0.0,0.92,0.92,CLOSED,rug-liquidity-collapse,0.05,0.04571,0.914
8iY8zfAQYCx1cqPjyqgab2ME8JaTNG5dSXwWeapfpump,techless,RUGGED,3.2353e-08,4.7746e-08,32.35,3927,44.5,5401,28.8,3495,7.847,952.4,2026-10-04 18:31:32,2026-10-04 18:31:35,0.2,2.8796e-08,0.446,0.92,0.92,CLOSED,rug-liquidity-collapse,0.05,0.02982,0.596
Ebs9RTvJP36DudYf1nbrTgchM5Te7s1bifJXXP3fpump,SIX,RUGGED,2.9662e-08,5.8009e-08,29.66,3600,54.07,6562,31.44,3815,11.719,1422.38,2026-10-04 18:27:13,2026-10-04 18:27:16,4.6,3.1435e-08,1.81,1.84,2.03,CLOSED,rug-liquidity-collapse,0.05,0.07161,1.432
72r64hwegACfauj1HTmkQafUyxsRfzr6PbViy21L2dYx,QUOTA,RUGGED,2.9854e-08,3.5175e-08,29.85,3623,32.78,3978,27.96,3393,2.481,301.18,2026-10-04 18:31:40,2026-10-04 18:31:43,0.1,2.7959e-08,0.0,0,0,CLOSED,rug-liquidity-collapse,0.05,0.03929,0.786
cG6oab2LbrBHfPCsg1FQyeNEAhtr2gjjY2LV9j6pump,GOOPER,RUGGED,2.8878e-08,3.9021e-08,28.88,3505,36.37,4414,57.2,6942,0.616,74.71,2026-10-04 18:31:41,2026-10-04 18:31:43,0.1,5.7197e-08,0.0,0,0,CLOSED,rug-liquidity-collapse,0.05,0.07246,1.449
6oTxXF2sEq3F8V8EFQ6BKtvzkRLXwGufLqCBDAn9pump,QUOTA,RUGGED,2.8642e-08,3.6613e-08,28.64,3476,34.12,4141,28.53,3463,3.14,381.04,2026-10-04 18:29:26,2026-10-04 18:29:28,2.4,2.8529e-08,0.304,0.83,0.91,CLOSED,rug-liquidity-collapse,0.05,0.03852,0.77
EfJ35BdUid51Ctf6c3a3N7yQuoLd4QZ1JkvLKJi4QdH9,Life,RUGGED,3.1415e-08,3.7368e-08,31.41,3813,34.82,4226,27.96,3393,3.48,422.34,2026-10-04 18:31:29,2026-10-04 18:31:33,0.4,2.7959e-08,0.0,0.83,0.92,CLOSED,rug-liquidity-collapse,0.05,0.03698,0.74
EjftpSbhyDn8awH15KmWRTZDdPfq1QBA8wdmqGCQpump,$GUCCI,RUGGED,2.8333e-08,3.9322e-08,28.33,3439,36.65,4448,51.51,6251,0.259,31.4,2026-10-04 18:30:15,2026-10-04 18:30:17,1.7,5.1506e-08,0.098,1.3,2.01,CLOSED,rug-liquidity-collapse,0.05,0.08612,1.722
Ciozv7QjRoW1xdx11dvZzKTxH5PfsjkWYmVSik2Qpump,Funpump,RUGGED,3.3754e-08,3.6225e-08,33.75,4097,33.75,4097,27.96,3393,2.963,359.61,2026-10-04 18:29:40,2026-10-04 18:29:42,2.3,2.7959e-08,0.0,0.92,0.93,CLOSED,rug-liquidity-collapse,0.05,0.03815,0.763
GvtUXkFVKA2Bezo9STtuCqy7vXcQnwFkk1rmgvaspump,STEVE,RUGGED,3.4001e-08,3.1701e-08,34.0,4127,29.54,3585,28.33,3438,0.834,101.28,2026-10-04 18:29:49,2026-10-04 18:29:51,2.2,2.8327e-08,0.197,0.91,0.91,CLOSED,rug-liquidity-collapse,0.05,0.04416,0.883
C8Cs4pxB59o9i8hL1QqgsfrR8KiC5cu3RWvFxKahpump,PRIV,RUGGED,2.8514e-08,5.0355e-08,28.51,3461,46.93,5696,28.75,3489,8.868,1076.31,2026-10-04 18:31:51,2026-10-04 18:31:54,0.2,2.8749e-08,0.421,1.02,1.02,CLOSED,rug-liquidity-collapse,0.05,0.02823,0.565
2VLHMhc7VoawBr1uP81A7LbkxPmPJXmCVfiGvYFRQ3or,QUOTA,RUGGED,2.9854e-08,3.3830e-08,29.85,3623,31.52,3826,28.11,3412,1.854,225.01,2026-10-04 18:31:13,2026-10-04 18:31:15,0.9,2.8109e-08,0.081,0.89,0.89,CLOSED,rug-liquidity-collapse,0.05,0.04107,0.821
8j2YJP9Tz3T5RbpCXLYUQqmh9RT7nqwMWpBYXHdRmGhL,COIL,RUGGED,2.7959e-08,3.0904e-08,27.96,3393,28.79,3495,27.96,3393,0.444,53.94,2026-10-04 18:31:45,2026-10-04 18:31:48,0.4,2.7959e-08,0.0,0.92,0.92,CLOSED,rug-liquidity-collapse,0.05,0.04471,0.894
F8MHrWMmk4fjr4a2EAjFuxV6NYBCr3zmnZyxxDhKpump,AI,RUGGED,3.7692e-08,5.8343e-09,37.69,4575,5.39,654,4.0,485,0.691,83.91,2026-10-04 18:18:35,2026-10-04 18:18:37,13.6,4.0000e-09,0.0,0.91,1.0,CLOSED,rug-liquidity-collapse,0.05,0.03366,0.673
92m6caDVEVsEGQm1EDJXpsWPHs4eZtUiwxgRHyLTpump,YAWINNIN?,RUGGED,2.8515e-08,3.0616e-08,28.52,3461,28.52,3462,27.96,3393,0.302,36.63,2026-10-04 18:28:11,2026-10-04 18:28:14,4.0,2.7959e-08,0.0,0.92,0.92,CLOSED,rug-liquidity-collapse,0.05,0.04513,0.903
EPVgoStvysQBnqQQhtDBmbFC4cbrphadf7tNaxHZ8UhM,TRADE,RUGGED,4.9705e-08,5.4780e-08,49.7,6033,51.06,6197,33.45,4060,10.238,1242.61,2026-10-04 18:31:28,2026-10-04 18:31:30,0.8,3.3451e-08,0.0,1.07,1.07,CLOSED,rug-liquidity-collapse,0.05,0.03019,0.604
21CA11jwjeyujwxvUuvLmHLoFmEFxww2X7s3vEkTMLht,QUOTA,RUGGED,3.8055e-08,3.2405e-08,38.06,4619,30.19,3664,27.96,3393,1.175,142.65,2026-10-04 18:32:07,2026-10-04 18:32:09,0.1,2.7959e-08,0.0,0,0,CLOSED,rug-liquidity-collapse,0.05,0.04264,0.853
2BkXA4uX8GPtsoK3zaovLXinqQhyAjRym3PWftQ2pump,INUV,RUGGED,3.1762e-08,3.4088e-08,31.76,3855,31.76,3855,27.96,3393,1.975,239.74,2026-10-04 18:31:36,2026-10-04 18:31:39,0.7,2.7959e-08,0.0,0.92,0.92,CLOSED,rug-liquidity-collapse,0.05,0.04054,0.811
4yYBUXGn9fuAjwtjXZWAFCjCsD6YpBLz5at1rk9Upump,AgencyNET,RUGGED,3.1468e-08,3.3799e-08,31.47,3819,31.49,3822,28.11,3411,1.84,223.26,2026-10-04 18:31:13,2026-10-04 18:31:15,1.1,2.8107e-08,0.079,0.93,0.93,CLOSED,rug-liquidity-collapse,0.05,0.0411,0.822
8QqUexkK2z4YVtJkzXysdDjhTJBoGVHFbkXYS87QA47t,QUOTA,RUGGED,2.8710e-08,3.0814e-08,28.71,3484,28.71,3484,28.88,3506,0.4,48.55,2026-10-04 18:31:43,2026-10-04 18:31:45,0.6,2.8885e-08,0.493,0.99,0.99,CLOSED,rug-liquidity-collapse,0.05,0.04632,0.926
3r4p4mAY2sahhEpaygmWypPkGsEPfL1sy2jDzRrLpump,COOLIFY,RUGGED,3.0769e-08,3.3151e-08,30.77,3734,30.89,3749,29.63,3596,1.533,186.02,2026-10-04 18:32:04,2026-10-04 18:32:07,0.4,2.9630e-08,0.883,1.03,1.03,CLOSED,rug-liquidity-collapse,0.05,0.04417,0.883
7LKf1uXrVwxU98hiSGtEuzHFSc1C5suMxPqYJZWPpump,Beatles,RUGGED,2.8329e-08,2.9025e-08,28.33,3438,27.04,3282,29.97,3637,0.189,22.94,2026-10-04 18:31:22,2026-10-04 18:31:25,1.1,2.9968e-08,0.0,1.04,1.04,CLOSED,rug-liquidity-collapse,0.05,0.05102,1.02
DoKntE8bf1BY1WxKPqSW4JeqSiRCgxVh6JMmoAZ1pump,plug,RUGGED,2.8515e-08,3.2601e-08,28.52,3461,30.38,3687,4.76,577,0.316,38.4,2026-10-04 18:30:42,2026-10-04 18:30:45,1.8,4.7559e-09,0.134,0.3,0.63,CLOSED,rug-liquidity-collapse,0.05,0.0072,0.144
FQXAfnedUwv2qB84onqXD84Z1MAaKnMooojf6gc3pump,FLY,RUGGED,3.1650e-08,3.7191e-08,31.65,3841,34.66,4206,30.44,3695,3.4,412.68,2026-10-04 18:32:19,2026-10-04 18:32:22,0.2,3.0444e-08,1.305,0.92,0.92,CLOSED,rug-liquidity-collapse,0.05,0.04046,0.809
7Wr1Jw5zsMn1gvT21Eg3Rve91c1JD4smaM4TozgApump,PRIV,RUGGED,3.3754e-08,7.5767e-08,33.75,4097,70.63,8573,28.54,3464,17.683,2146.17,2026-10-04 18:32:21,2026-10-04 18:32:24,0.2,2.8538e-08,0.309,1.3,1.3,CLOSED,rug-liquidity-collapse,0.05,0.01863,0.373
F3wUDVEkfxynvPDGmedcbjdhtFCf1ZrZb6Lks7Y9pump,MESSI,RUGGED,2.8068e-08,2.1590e-08,28.07,3407,20.1,2440,5.16,627,0.042,5.1,2026-10-04 18:32:08,2026-10-04 18:32:11,0.5,5.1641e-09,0.112,0.26,0.64,CLOSED,rug-liquidity-collapse,0.05,0.01181,0.236
3v2YiumTWf22zK3hHtZbkwYBMxDbbJ4Rfivg7J63pump,GOOPER,RUGGED,2.8878e-08,3.1378e-08,28.88,3505,29.24,3548,1.61,195,0.495,60.06,2026-10-04 18:32:04,2026-10-04 18:32:06,0.6,1.6067e-09,0.287,0.17,0.68,CLOSED,rug-liquidity-collapse,0.05,0.00253,0.051
Ff6WX2RN7z94ZYoYyEFncq98uXPRTeK4uSwryHi2UUVA,DUVALSIG,RUGGED,2.7968e-08,3.1823e-08,27.97,3395,29.65,3599,27.97,3395,0.894,108.48,2026-10-04 18:31:50,2026-10-04 18:31:53,0.9,2.7968e-08,0.005,0.92,0.92,CLOSED,rug-liquidity-collapse,0.05,0.04344,0.869
2DbxrbqJA4yv81YCRUoQBrKpiGgGnTgtBAnodqe3TV3y,CII,RUGGED,2.7959e-08,3.0904e-08,27.96,3393,28.79,3495,27.96,3393,0.444,53.94,2026-10-04 18:32:18,2026-10-04 18:32:20,0.4,2.7959e-08,0.0,0.92,0.92,CLOSED,rug-liquidity-collapse,0.05,0.04471,0.894
47T423aWmADKy5rTNZTyB1JFnaqa7cTn73RQmc68pump,Quota,RUGGED,3.7921e-08,4.0693e-08,37.92,4602,37.92,4602,27.96,3393,4.938,599.36,2026-10-04 18:32:26,2026-10-04 18:32:29,0.3,2.7959e-08,0.0,1.08,1.08,CLOSED,rug-liquidity-collapse,0.05,0.03397,0.679
uUfzueGMfNq4eqygWjgDz2Hs4kniRoY1w9ufcLUpump,?,RUGGED,3.1217e-08,3.3504e-08,31.22,3789,31.22,3789,27.96,3393,1.7,206.33,2026-10-04 18:32:24,2026-10-04 18:32:26,0.4,2.7959e-08,0.0,0.92,0.92,CLOSED,rug-liquidity-collapse,0.05,0.04125,0.825
8Tk6Ut2myXZ4fe6XNs1DDTNK4jdxRNMc49954q32b1Mk,TRADE,RUGGED,4.9705e-08,2.8972e-08,49.7,6033,26.98,3275,892.07,108270,5.593,678.82,2026-10-04 18:32:28,2026-10-04 18:32:30,0.4,8.9207e-07,2.191,11.45,11.45,CLOSED,rug-liquidity-collapse,0.05,0.33752,6.75
2aJnNkYHwHgCu37NRhkLRosvmzY5dwtst9u2CHt1pump,XGO,RUGGED,2.7970e-08,3.0810e-08,27.97,3395,28.71,3484,28.69,3482,0.398,48.28,2026-10-04 18:26:46,2026-10-04 18:26:49,6.1,2.8686e-08,0.388,0.98,1.0,CLOSED,rug-liquidity-collapse,0.05,0.04601,0.92
8nipZWGddV1vN7LB8pnfQMDHGSErTKvsA1iHm2ECpump,AST2,RUGGED,2.8143e-08,2.4100e-08,28.14,3416,22.44,2724,6.61,802,0.117,14.26,2026-10-04 18:32:45,2026-10-04 18:32:49,0.2,6.6110e-09,0.033,0.46,0.46,CLOSED,rug-liquidity-collapse,0.05,0.01355,0.271
GNNPESejDWGLa3D2EAYgBKjD5koCvs2it4xa1Kpipump,PRIV,RUGGED,3.3754e-08,8.6261e-08,33.75,4097,80.42,9761,28.08,3408,20.879,2534.14,2026-10-04 18:32:52,2026-10-04 18:32:55,0.1,2.8076e-08,0.063,0,0,CLOSED,rug-liquidity-collapse,0.05,0.0161,0.322
FKmPpSV4KusXZp1xoKhvzLr8ZjcC5dCcvHjqAtoxpump,xDrive,RUGGED,3.0409e-08,3.2721e-08,30.41,3691,30.49,3700,27.96,3393,1.327,161.1,2026-10-04 18:32:16,2026-10-04 18:32:18,0.8,2.7959e-08,0.0,0.92,0.92,CLOSED,rug-liquidity-collapse,0.05,0.04223,0.845
AoW4BA77CwBL1NiS23ZkDLR4B8nSvtXcdcBoghTspump,SHREK,RUGGED,2.8700e-08,4.7908e-08,28.7,3483,44.66,5420,0.32,39,0.615,74.61,2026-10-04 18:31:36,2026-10-04 18:31:38,1.5,3.1893e-10,0.066,0.04,0.55,CLOSED,rug-liquidity-collapse,0.05,0.00032,0.006
2HCxaC6F24C1sFyac6A2XjwdzYBTmBvqfsp3EuxFFLEX,REFLEX,RUGGED,2.9854e-08,3.3879e-08,29.85,3623,31.57,3831,37.79,4586,1.877,227.83,2026-10-04 18:31:59,2026-10-04 18:32:02,1.1,3.7788e-08,4.877,1.69,1.82,CLOSED,rug-liquidity-collapse,0.05,0.05512,1.102
BtfvMx343jtxnxcithozbp45GDXZJzFFEJf9F8xKpump,SТUNКER,RUGGED,2.9810e-08,3.3399e-08,29.81,3618,31.12,3777,29.08,3529,1.65,200.32,2026-10-04 18:32:40,2026-10-04 18:32:43,0.4,2.9079e-08,0.595,0.92,0.92,CLOSED,rug-liquidity-collapse,0.05,0.04303,0.861
55R9ApiKk2aAFixgbwJkFChMMaybCiM8aLc4sUh8pump,FLY$,RUGGED,2.8144e-08,2.4989e-08,28.14,3416,23.27,2825,19.83,2407,0.082,9.94,2026-10-04 18:32:57,2026-10-04 18:33:00,0.2,1.9828e-08,0.0,0.7,0.7,CLOSED,rug-liquidity-collapse,0.05,0.0392,0.784
BEDuz32BPTeTVhYqT4wzAXp34ZAHgeLWdsU93jhipump,SHIBA,RUGGED,2.8143e-08,3.0207e-08,28.14,3416,28.14,3416,27.96,3393,0.099,11.99,2026-10-04 18:21:12,2026-10-04 18:21:15,12.1,2.7959e-08,0.0,0.98,0.99,CLOSED,rug-liquidity-collapse,0.05,0.04574,0.915
CsbwgcaVeLyfyE38jpGT6Sf9zkvdpD1nb3zaT898pump,agentrooms,RUGGED,5.2180e-08,5.9995e-08,52.18,6333,55.92,6787,33.48,4064,12.428,1508.4,2026-10-04 18:30:46,2026-10-04 18:30:49,2.5,3.3480e-08,2.829,2.65,2.65,CLOSED,rug-liquidity-collapse,0.05,0.0735,1.47
2TSwcBy477JTTRwU2ievmmDqJXF85r7CnS23R4yjpump,DERP,RUGGED,2.9811e-08,4.5050e-08,29.81,3618,41.99,5097,24.01,2914,1.376,167.05,2026-10-04 18:33:09,2026-10-04 18:33:12,0.1,2.4012e-08,0.01,0,0,CLOSED,rug-liquidity-collapse,0.05,0.02635,0.527
B4S3W2YWfpPS3PB3dLBf5Gyz1tYSNReAvBYuNAPgpump,Chai,RUGGED,2.7959e-08,3.0050e-08,27.96,3393,28.0,3398,27.96,3393,0.02,2.46,2026-10-04 18:30:19,2026-10-04 18:30:22,3.1,2.7959e-08,0.0,0.92,0.92,CLOSED,rug-liquidity-collapse,0.05,0.04598,0.919
CttUG5qeye74afum368L4HVZ5it7yzJ6knoqKB2pump,Chai,RUGGED,2.7959e-08,3.0050e-08,27.96,3393,28.0,3398,27.96,3393,0.02,2.46,2026-10-04 18:30:19,2026-10-04 18:30:22,3.1,2.7959e-08,0.0,0.92,0.92,CLOSED,rug-liquidity-collapse,0.05,0.04598,0.919
8RpGZzsFhVeNiZUoex16SKZXUAjuHhh83csCD3z7pump,Chai,RUGGED,2.7959e-08,3.0050e-08,27.96,3393,28.0,3398,27.96,3393,0.02,2.46,2026-10-04 18:30:19,2026-10-04 18:30:22,3.1,2.7959e-08,0.0,0.92,0.92,CLOSED,rug-liquidity-collapse,0.05,0.04598,0.919
B5LaAFWVPtQjQZkriikxH2dpj3f2LenG9HzuFD2spump,gj,RUGGED,2.9834e-08,3.2021e-08,29.83,3621,29.83,3621,46.28,5617,0.99,120.14,2026-10-04 18:32:45,2026-10-04 18:32:47,0.6,4.6277e-08,0.0,1.53,1.53,CLOSED,rug-liquidity-collapse,0.05,0.07143,1.428
Dipnwh7dCrS1QB5KpnhNwoGBF4JV3trVtjZd1z1Mpump,$CHANCE,RUGGED,2.7959e-08,3.4521e-08,27.96,3393,32.17,3904,28.62,3474,2.178,264.32,2026-10-04 18:33:18,2026-10-04 18:33:21,0.1,2.8620e-08,0.352,0,0,CLOSED,rug-liquidity-collapse,0.05,0.04098,0.819
BspT6XhUaxpTBnjZVC9RyGAVYgoFxrjV88eD3Q4apump,plug,RUGGED,2.8508e-08,4.2649e-08,28.51,3460,39.75,4825,13.63,1654,0.459,55.75,2026-10-04 18:33:24,2026-10-04 18:33:27,0.1,1.3626e-08,0.157,0,0,CLOSED,rug-liquidity-collapse,0.05,0.01579,0.316
3E6waRwBTd7CWL4kLj4uvprVjdujReb583CpmWLZpump,FOMOCAT,RUGGED,2.9811e-08,4.7441e-08,29.81,3618,44.22,5367,36.31,4407,1.48,179.62,2026-10-04 18:33:29,2026-10-04 18:33:33,0.1,3.6310e-08,0.137,0,0,CLOSED,rug-liquidity-collapse,0.05,0.03784,0.757
FToQKZHHcoALjXuFxarBRkcgQQCCiV3ULyHUGcAcpump,LAUNCHCAT,RUGGED,2.8747e-08,3.0605e-08,28.75,3489,28.51,3461,27.96,3393,0.296,35.96,2026-10-04 18:33:31,2026-10-04 18:33:33,0.1,2.7959e-08,0.0,0,0,CLOSED,rug-liquidity-collapse,0.05,0.04515,0.903
AX9PycuxhztXjeJWKg147VcUScF8KhHnnRTvxQ1Jpump,$LPAD,RUGGED,2.8033e-08,3.0088e-08,28.03,3402,28.03,3402,27.97,3395,0.039,4.79,2026-10-04 18:31:34,2026-10-04 18:31:36,2.1,2.7974e-08,0.008,0.94,0.94,CLOSED,rug-liquidity-collapse,0.05,0.04595,0.919
AwUT4vQTHehqA17KAUtnD7sRhGmer3n8qA256HQZpump,sadism,RUGGED,2.8052e-08,3.0110e-08,28.05,3405,28.05,3405,27.96,3393,0.05,6.08,2026-10-04 18:32:33,2026-10-04 18:32:35,1.2,2.7959e-08,0.0,0.92,0.92,CLOSED,rug-liquidity-collapse,0.05,0.04589,0.918
2Z6rRU43qnCdzZHfMsU1rM8icySxsswv5p5XuzFWpump,QUOTA,RUGGED,2.8831e-08,3.1976e-08,28.83,3499,29.79,3616,27.96,3393,0.968,117.49,2026-10-04 18:21:43,2026-10-04 18:21:45,12.1,2.7959e-08,0.0,0.92,0.94,CLOSED,rug-liquidity-collapse,0.05,0.04321,0.864
6RXvX8eQHdrppfvuMZW62VzqvVJcFujwcrcJp3nrpiav,BOI,RUGGED,2.8514e-08,3.0605e-08,28.51,3461,28.51,3461,27.96,3393,0.296,35.96,2026-10-04 18:33:41,2026-10-04 18:33:44,0.1,2.7959e-08,0.0,0,0,CLOSED,rug-liquidity-collapse,0.05,0.04515,0.903
4BtQdE3uzYY54ECTmVFJwqnbKzW2fLLSiCbBcoE4pump,MESSI,RUGGED,2.8068e-08,4.7096e-08,28.07,3407,43.9,5329,83.05,10080,0.092,11.14,2026-10-04 18:33:44,2026-10-04 18:33:46,0.1,8.3052e-08,0.016,0,0,CLOSED,rug-liquidity-collapse,0.05,0.0872,1.744
6i7VvFXS5ozpWPbhEemP7My3AwwnSKg26Une9BKvpump,QUOTA,RUGGED,3.0789e-08,3.1292e-08,30.79,3737,29.16,3539,27.96,3393,0.635,77.07,2026-10-04 18:33:44,2026-10-04 18:33:46,0.1,2.7959e-08,0.0,0,0,CLOSED,rug-liquidity-collapse,0.05,0.04416,0.883
GQ6Lf8FbX1zid43yaU1Kk5Nzr2wQAqZRHKc3QDNwpump,LaMisery,RUGGED,2.8878e-08,5.5398e-08,28.88,3505,51.65,6269,56.69,6880,0.874,106.09,2026-10-04 18:33:47,2026-10-04 18:33:49,0.1,5.6687e-08,0.027,0,0,CLOSED,rug-liquidity-collapse,0.05,0.0506,1.012
FxSz79q3jtSXeCMAbShXtQ4KjMPTHXjJPQ1MnCkAo58V,CHAI,RUGGED,4.0261e-08,5.5104e-08,40.26,4886,51.36,6234,34.38,4173,10.661,1293.91,2026-10-04 18:28:50,2026-10-04 18:28:53,5.1,3.4379e-08,3.266,1.22,2.27,CLOSED,rug-liquidity-collapse,0.05,0.07487,1.497
5xqQ6aZjmNQvmU4it79z94b9QKLauyQopRe5e3xjpump,PRIV,RUGGED,3.2353e-08,4.8395e-08,32.35,3927,45.1,5474,28.59,3470,8.104,983.57,2026-10-04 18:32:13,2026-10-04 18:32:15,1.7,2.8590e-08,0.337,3.36,3.87,CLOSED,rug-liquidity-collapse,0.05,0.07823,1.565
Gkr7J1EokugCgkqvZtyHoKc5NNLzFcPRiqdaZvGmKh8j,Son,RUGGED,3.1811e-08,3.1788e-08,31.81,3861,29.62,3595,27.96,3393,0.877,106.46,2026-10-04 18:32:45,2026-10-04 18:32:49,1.2,2.7959e-08,0.0,0.92,0.92,CLOSED,rug-liquidity-collapse,0.05,0.04347,0.869
73sWVsMy3TtnmkUAVjuicCpuND6BGgYin7a4xhs1J39t,Leeghto,RUGGED,3.0212e-08,3.0948e-08,30.21,3667,28.83,3500,30.7,3726,0.466,56.56,2026-10-04 18:33:16,2026-10-04 18:33:19,0.8,3.0698e-08,1.435,1.15,1.15,CLOSED,rug-liquidity-collapse,0.05,0.04902,0.98
9jB3VeqSbnHht2VFP2RnmTN4DiDzcZLYtowQHTuXpump,bp,RUGGED,2.8142e-08,3.0206e-08,28.14,3416,28.14,3416,27.96,3393,0.098,11.9,2026-10-04 18:32:40,2026-10-04 18:32:42,1.4,2.7959e-08,0.0,0.92,0.92,CLOSED,rug-liquidity-collapse,0.05,0.04574,0.915
74EUT2zCRqksi56eqbULGNmeKm28LrPZpXnkg7D9pump,knightbull,RUGGED,3.4160e-08,8.3696e-08,34.16,4146,78.03,9470,28.62,3473,20.117,2441.62,2026-10-04 18:33:53,2026-10-04 18:33:56,0.2,2.8616e-08,0.35,1.02,1.02,CLOSED,rug-liquidity-collapse,0.05,0.01691,0.338
EM6ciQd8EpX8m9WL2PEDsYtWvcFk3be8fqdCS1iM8VNm,boof,RUGGED,2.9830e-08,3.2016e-08,29.83,3620,29.83,3620,28.87,3504,0.988,119.87,2026-10-04 18:33:52,2026-10-04 18:33:54,0.4,2.8872e-08,0.486,0.95,0.98,CLOSED,rug-liquidity-collapse,0.05,0.04457,0.891
5otET1j2vT64zip9Am8dQ1ybrxxeJ3psUTiVn7mapump,agentrooms,RUGGED,2.9830e-08,3.2016e-08,29.83,3620,29.83,3620,28.08,3409,0.988,119.87,2026-10-04 18:33:15,2026-10-04 18:33:18,1.1,2.8085e-08,0.067,0.95,0.95,CLOSED,rug-liquidity-collapse,0.05,0.04335,0.867
2WyEMj2H9Bm1j94mWd8yB9qtxxs37M8NkqQYduWXQt7t,DBT,RUGGED,2.7959e-08,3.2860e-08,27.96,3393,30.62,3716,27.96,3393,1.394,169.18,2026-10-04 18:25:46,2026-10-04 18:25:48,8.6,2.7959e-08,0.0,0.85,0.91,CLOSED,rug-liquidity-collapse,0.05,0.04205,0.841
GvrPghy2SdxLHipUUGXQjUFtFtjXoZnHtPVwWwa2pump,SON,RUGGED,2.9834e-08,3.7161e-08,29.83,3621,34.63,4203,28.54,3464,3.386,411.01,2026-10-04 18:31:54,2026-10-04 18:31:57,2.5,2.8539e-08,0.31,0.83,1.24,CLOSED,rug-liquidity-collapse,0.05,0.03796,0.759
2Uq9U1s29MUXfGaUsyQ12eevUSaHAYAWxvYyX4XFpump,agentrooms,RUGGED,2.8514e-08,3.0605e-08,28.51,3461,28.51,3461,27.96,3393,0.296,35.96,2026-10-04 18:34:11,2026-10-04 18:34:14,0.2,2.7959e-08,0.0,0.92,0.92,CLOSED,rug-liquidity-collapse,0.05,0.04515,0.903
HKjRw3px56xbLSWvCxUVgc4UrDjjEtfPAbF1pu1Dpump,DOTTY,RUGGED,2.8747e-08,3.0605e-08,28.75,3489,28.51,3461,27.96,3393,0.296,35.96,2026-10-04 18:34:17,2026-10-04 18:34:20,0.1,2.7959e-08,0.0,0,0,CLOSED,rug-liquidity-collapse,0.05,0.04515,0.903
6untCQjJdKJtcUXzqPm7zZVjsopo98uRyFuu24A6pump,ROP,RUGGED,2.8328e-08,3.0405e-08,28.33,3438,28.33,3438,27.96,3393,0.198,23.97,2026-10-04 18:23:52,2026-10-04 18:23:54,10.6,2.7959e-08,0.0,0.92,0.92,CLOSED,rug-liquidity-collapse,0.05,0.04544,0.909
5q4KLBCCFSXmxK8c3nx7ScpMyDwVK3xNkDKGGGNbpump,clanky,RUGGED,2.9830e-08,3.2016e-08,29.83,3620,29.83,3620,36.09,4380,0.988,119.87,2026-10-04 18:34:14,2026-10-04 18:34:17,0.2,3.6086e-08,4.082,1.67,1.67,CLOSED,rug-liquidity-collapse,0.05,0.0557,1.114
HKy2NLjhbBxqjVjBhLicgPeZ7HbZgkpmPSuXWQaqpump,$GUCCI,RUGGED,2.8333e-08,1.8820e-08,28.33,3439,17.52,2126,4.57,555,0.124,15.01,2026-10-04 18:33:50,2026-10-04 18:33:52,0.7,4.5694e-09,0.0,0.24,0.47,CLOSED,rug-liquidity-collapse,0.05,0.01198,0.24
CQCKL2mLkFNeDFUoWqjBHPJwPNNrHf1xUphqpUNopump,ui cat,RUGGED,2.7999e-08,3.0053e-08,28.0,3398,28.0,3398,27.96,3393,0.022,2.63,2026-10-04 18:26:03,2026-10-04 18:26:06,8.5,2.7959e-08,0.0,0.92,0.92,CLOSED,rug-liquidity-collapse,0.05,0.04598,0.919
EfgMPuYDxY95UnEFVNMfUE3ZN7xHhn64KtcbKy4fpump,DOGE,RUGGED,3.3412e-08,5.7013e-08,33.41,4055,53.15,6450,37.74,4581,9.167,1112.64,2026-10-04 18:33:37,2026-10-04 18:33:41,1.0,3.7741e-08,2.002,0.76,1.13,CLOSED,rug-liquidity-collapse,0.05,0.03273,0.655
AQdxeagBs1jWQHTACjLwMkc8W2wFoSLZnj7ffzHopump,SHREK,RUGGED,2.8514e-08,3.3537e-08,28.51,3461,31.25,3793,46.62,5658,0.325,39.41,2026-10-04 18:33:52,2026-10-04 18:33:54,0.8,4.6619e-08,0.008,1.08,1.77,CLOSED,rug-liquidity-collapse,0.05,0.06871,1.374
3fPD2BG8URVrwvw86XZ3cvpg9hsRgB5hzkJ4Eh2rpump,XINGWIFHAT,RUGGED,2.8180e-08,3.4157e-08,28.18,3420,31.83,3863,5.98,726,0.134,16.25,2026-10-04 18:34:25,2026-10-04 18:34:27,0.2,5.9814e-09,0.034,0.71,0.71,CLOSED,rug-liquidity-collapse,0.05,0.00865,0.173
EGqvYYV8L5H1Li66wosBDwPVtMbdGzerPjhr2q7Apump,plug,RUGGED,2.8508e-08,3.6711e-08,28.51,3460,34.21,4152,69.73,8463,0.396,48.02,2026-10-04 18:34:09,2026-10-04 18:34:12,0.5,6.9726e-08,0.0,1.89,1.89,CLOSED,rug-liquidity-collapse,0.05,0.09389,1.878
9D53LrqdVY5wwyynfAjmZg5Ad6Ui5HyffPbZ11htpump,CCAT,RUGGED,3.1762e-08,3.4088e-08,31.76,3855,31.76,3855,28.29,3434,1.975,239.74,2026-10-04 18:28:51,2026-10-04 18:28:54,6.1,2.8290e-08,0.177,0.87,1.08,CLOSED,rug-liquidity-collapse,0.05,0.04102,0.82
2FNzmvPctcgHAErSVsfDupQ5P9R4wrtfTpUz2G1cpump,FUND,RUGGED,2.9830e-08,3.1129e-08,29.83,3620,29.0,3520,27.96,3393,0.555,67.37,2026-10-04 18:30:29,2026-10-04 18:30:32,4.5,2.7959e-08,0.0,0.89,2.09,CLOSED,rug-liquidity-collapse,0.05,0.07783,1.556
2Eo4jNfRML6E5UqEkxomdsLHFKeckYnjjeNMW9U5pump,techless,RUGGED,3.7921e-08,5.0854e-08,37.92,4602,47.4,5753,27.99,3397,9.06,1099.64,2026-10-04 18:31:23,2026-10-04 18:31:25,3.6,2.7986e-08,0.014,0.61,0.89,CLOSED,rug-liquidity-collapse,0.05,0.02721,0.544
74KQcYegLpRgbzY64PhiEVcyoTHAVky6ZYJkhF8Cpump,BRAINROT,RUGGED,2.9811e-08,3.1831e-08,29.81,3618,29.66,3600,27.42,3328,0.972,118.02,2026-10-04 18:34:56,2026-10-04 18:34:58,0.1,2.7419e-08,0.276,0,0,CLOSED,rug-liquidity-collapse,0.05,0.04257,0.851
GYRFtCgrQpXTffTJEgbkHeui1p9nt9gZzd8MGZGJpump,gj,RUGGED,2.8889e-08,3.1704e-08,28.89,3506,29.54,3585,27.99,3397,0.506,61.43,2026-10-04 18:34:32,2026-10-04 18:34:35,0.5,2.7989e-08,0.062,0.51,0.59,CLOSED,rug-liquidity-collapse,0.05,0.04363,0.873
4LYnUvrNUP7Fuvz1QVCTYWXWX3dsJpueE3PSJcempump,SlabPair,RUGGED,2.9830e-08,3.2829e-08,29.83,3620,30.59,3712,28.65,3477,1.379,167.34,2026-10-04 18:34:53,2026-10-04 18:34:55,0.2,2.8646e-08,0.366,0.92,0.92,CLOSED,rug-liquidity-collapse,0.05,0.04313,0.862
BaLQjbKw873AJF45b62iQBeb1wSCC9xjo2ZwVDpMLcJb,agentrooms,RUGGED,2.9830e-08,3.2016e-08,29.83,3620,29.83,3620,27.96,3393,0.988,119.87,2026-10-04 18:34:36,2026-10-04 18:34:38,0.5,2.7959e-08,0.0,0.89,0.92,CLOSED,rug-liquidity-collapse,0.05,0.04316,0.863
CcQwhAb5SzSm7JfyNFKCSp79QzPtifXCrSGAcUzYpump,QUANTS,RUGGED,2.9830e-08,3.4093e-08,29.83,3620,31.77,3856,36.34,4411,1.978,240.02,2026-10-04 18:33:02,2026-10-04 18:33:05,2.1,3.6345e-08,4.204,1.77,2.11,CLOSED,rug-liquidity-collapse,0.05,0.08404,1.681
FgZBQGzVgGaMmzQ9ep6kgBGDeWv86rgLNzdYHVxupump,bok,RUGGED,2.8188e-08,3.0337e-08,28.19,3421,28.26,3430,27.96,3393,0.163,19.83,2026-10-04 18:34:43,2026-10-04 18:34:46,0.5,2.7959e-08,0.0,0.92,0.92,CLOSED,rug-liquidity-collapse,0.05,0.04555,0.911
jqNPkx3ZHURPExRy699UWk8QyaRXFNjc4pFEgKJpump,Senate,RUGGED,3.1351e-08,3.4537e-08,31.35,3805,32.18,3906,27.98,3395,2.185,265.23,2026-10-04 18:34:01,2026-10-04 18:34:03,1.2,2.7975e-08,0.009,0.9,0.91,CLOSED,rug-liquidity-collapse,0.05,0.04004,0.801
Cvjkr9A7Uw88oB7WU1rwWW4qfMDPSvRZ5ZipFgi3Nao,LAUNCHCAT,RUGGED,2.9758e-08,3.2040e-08,29.76,3612,29.85,3623,27.96,3393,0.999,121.3,2026-10-04 18:33:11,2026-10-04 18:33:13,2.1,2.7959e-08,0.0,0.92,0.98,CLOSED,rug-liquidity-collapse,0.05,0.04313,0.862
26YZoK7RHzZxW4Ci25zXxaEDR785Gy2VUi7f8KrMpump,M4,RUGGED,3.1761e-08,3.4089e-08,31.76,3855,31.76,3855,27.96,3393,1.976,239.82,2026-10-04 18:35:05,2026-10-04 18:35:08,0.2,2.7959e-08,0.0,0.93,0.93,CLOSED,rug-liquidity-collapse,0.05,0.04054,0.811
HpG8x5D1NuJBdsvqK4Lmog7Aeeq5t154MeoqCD44pump,$MATES,RUGGED,2.8514e-08,3.5847e-08,28.51,3461,33.41,4054,7.93,962,0.347,42.13,2026-10-04 18:32:47,2026-10-04 18:32:49,2.6,7.9263e-09,0.11,0.24,1.19,CLOSED,rug-liquidity-collapse,0.05,0.01092,0.218
DEbuQBDa7MTLecgR6DNVg71xLx2qV5ZKGWpRz9AXpump,Janken,RUGGED,2.9140e-08,3.0947e-08,29.14,3537,28.83,3499,28.03,3402,0.465,56.47,2026-10-04 18:35:15,2026-10-04 18:35:17,0.1,2.8030e-08,0.038,0,0,CLOSED,rug-liquidity-collapse,0.05,0.04476,0.895
G6wqSgUh2vTaH65HxFWWp2QrazrPh6dfPcUoWgRQpump,Brock,RUGGED,2.8070e-08,3.0128e-08,28.07,3407,28.07,3407,27.96,3393,0.059,7.19,2026-10-04 18:33:07,2026-10-04 18:33:09,2.3,2.7959e-08,0.0,0.92,0.92,CLOSED,rug-liquidity-collapse,0.05,0.04586,0.917
FztxNjfMj1CuDVwVb37i5PKuTZn2QvX5iQhNKtne9571,L420INU,RUGGED,3.1415e-08,3.7368e-08,31.41,3813,34.82,4226,28.07,3407,3.48,422.34,2026-10-04 18:34:54,2026-10-04 18:34:57,0.5,2.8070e-08,0.059,0.83,0.93,CLOSED,rug-liquidity-collapse,0.05,0.03713,0.743
7jVMidGUUR9tziLJ7SHUtonEay7QHZ3rifK4giH4pump,LAUNCHCAT,RUGGED,3.3754e-08,9.1562e-08,33.75,4097,85.37,10361,46.36,5626,22.42,2721.17,2026-10-04 18:33:27,2026-10-04 18:33:29,2.0,4.6356e-08,8.629,1.14,2.83,CLOSED,rug-liquidity-collapse,0.05,0.07171,1.434
6X4QbEHvNk5sX8TbDJTvn4ndFPjhPxQ4HwLPp6vfpump,SWAP,RUGGED,3.4120e-08,4.0633e-08,34.12,4141,37.87,4596,28.32,3437,4.912,596.22,2026-10-04 18:24:55,2026-10-04 18:24:57,10.6,2.8320e-08,0.193,0.94,1.21,CLOSED,rug-liquidity-collapse,0.05,0.03446,0.689
3ppdCuQxzpHLKHst5m2QoHwWLtobssBgunDmeMXkpump,100K,RUGGED,2.8143e-08,3.0226e-08,28.14,3416,28.16,3418,27.96,3393,0.108,13.14,2026-10-04 18:34:50,2026-10-04 18:34:53,0.7,2.7959e-08,0.0,0.92,0.92,CLOSED,rug-liquidity-collapse,0.05,0.04571,0.914
9KpUpdiMUuATWUUCRv4Lre22eM6BBCBMscLDoMGpump,Rocketman,RUGGED,3.3689e-08,3.6154e-08,33.69,4089,33.69,4089,28.26,3430,2.931,355.72,2026-10-04 18:29:25,2026-10-04 18:29:27,6.4,2.8260e-08,0.161,0.93,1.37,CLOSED,rug-liquidity-collapse,0.05,0.03864,0.773
GfGJ2vgmZgQYQmbM6mej6jvfcFVJ3vHTG6NK1UBTpump,RAILWAY,RUGGED,2.8514e-08,3.0228e-08,28.51,3461,28.16,3418,27.96,3393,0.109,13.26,2026-10-04 18:34:58,2026-10-04 18:35:01,1.0,2.7959e-08,0.0,0.92,0.92,CLOSED,rug-liquidity-collapse,0.05,0.04571,0.914
EEdUyrBmGN2oYNrKtkVUSDTpfhaVt1cw2hgkAgjXpump,DEEZ,RUGGED,2.8700e-08,2.3894e-08,28.7,3483,22.25,2701,1.05,128,0.306,37.18,2026-10-04 18:35:08,2026-10-04 18:35:10,0.9,1.0532e-09,0.015,0.04,0.44,CLOSED,rug-liquidity-collapse,0.05,0.00217,0.043
HfRbqV1ZA5FVcft6MyfwjR4T2yEWAgGJ8TSZtJm6pump,PULLD,RUGGED,2.9640e-08,6.2034e-08,29.64,3597,57.82,7018,30.06,3648,13.143,1595.21,2026-10-04 18:35:47,2026-10-04 18:35:49,0.2,3.0056e-08,1.105,1.0,1.0,CLOSED,rug-liquidity-collapse,0.05,0.02396,0.479
2JBUoa3iDK9N5v7Fkzhv676xEtddRRN3WPDaGsQHpump,CatGlobe,RUGGED,2.9441e-08,3.1599e-08,29.44,3573,29.44,3573,27.96,3393,0.785,95.27,2026-10-04 18:34:51,2026-10-04 18:34:53,1.2,2.7959e-08,0.0,0.92,0.92,CLOSED,rug-liquidity-collapse,0.05,0.04373,0.874
3ztsdQWnNzZnJRBJN8GCPkCDs6LKarnZco9iQH65pump,SON,RUGGED,2.9830e-08,3.2100e-08,29.83,3620,29.91,3630,27.96,3393,1.028,124.81,2026-10-04 18:35:38,2026-10-04 18:35:41,0.5,2.7959e-08,0.0,0.92,0.92,CLOSED,rug-liquidity-collapse,0.05,0.04305,0.861
D17pR5nR24Cx35ZE9rMsmWhhGdushXmyU34DGqZPbPqw,Mylo,RUGGED,3.1811e-08,3.5478e-08,31.81,3861,33.06,4012,27.96,3393,2.621,318.15,2026-10-04 18:35:40,2026-10-04 18:35:42,0.4,2.7959e-08,0.0,0.92,0.92,CLOSED,rug-liquidity-collapse,0.05,0.03895,0.779
6q8QNmgkdohurnzFuv1NXtJ6EVEgLw5LCx86aKRdpump,bok,RUGGED,2.8166e-08,3.2671e-08,28.17,3419,30.44,3695,8.2,995,0.12,14.57,2026-10-04 18:35:57,2026-10-04 18:35:59,0.2,8.1972e-09,0.045,0.78,0.78,CLOSED,rug-liquidity-collapse,0.05,0.0124,0.248
CKx7x8R5s5pqodNPxuQh3inJ5NdoXLsWUEN6TP7Tpump,westdeco,RUGGED,3.3957e-08,3.9778e-08,33.96,4121,37.07,4499,29.49,3579,4.543,551.41,2026-10-04 18:30:48,2026-10-04 18:30:50,5.4,2.9489e-08,0.81,0.9,0.91,CLOSED,rug-liquidity-collapse,0.05,0.03665,0.733
Co5CMBopDo8U2NjXXonrWo2TZ91tNphhSHsWdeQJpump,SON,RUGGED,4.9124e-08,5.4801e-08,49.12,5962,51.08,6199,30.14,3658,10.549,1280.29,2026-10-04 18:34:08,2026-10-04 18:34:11,2.2,3.0138e-08,1.147,1.91,1.92,CLOSED,rug-liquidity-collapse,0.05,0.02719,0.544
31Px3tT1scMEzsFBq3pgJLr9672NeNAwwz9fuhPcpump,Sí,RUGGED,2.9074e-08,3.1206e-08,29.07,3529,29.07,3529,27.96,3393,0.593,71.92,2026-10-04 18:34:08,2026-10-04 18:34:11,2.2,2.7959e-08,0.0,0.92,0.92,CLOSED,rug-liquidity-collapse,0.05,0.04428,0.885
DxgoFxQXeYRPghGjNuSGU33j68vLSz2x8XijSPfspump,AgencyNET,RUGGED,2.9830e-08,3.2858e-08,29.83,3620,30.62,3716,27.98,3395,1.393,169.03,2026-10-04 18:35:29,2026-10-04 18:35:32,0.8,2.7976e-08,0.009,0.9,0.9,CLOSED,rug-liquidity-collapse,0.05,0.04208,0.842
6oTxFWic9FYXtyUDX82kaSFvkpPffVAHNAXEUVzYpump,employr,RUGGED,2.8074e-08,3.0132e-08,28.07,3407,28.07,3407,27.96,3393,0.061,7.45,2026-10-04 18:35:08,2026-10-04 18:35:10,1.3,2.7959e-08,0.0,0.92,0.92,CLOSED,rug-liquidity-collapse,0.05,0.04585,0.917
Dvk6L4ErznCK4od7uxtoPkTQ7jwAzz3MfRdeRsdTpump,DCASH,RUGGED,2.8899e-08,5.0915e-08,28.9,3507,47.45,5759,35.99,4368,9.084,1102.49,2026-10-04 18:35:43,2026-10-04 18:35:46,0.7,3.5987e-08,4.036,1.54,1.63,CLOSED,rug-liquidity-collapse,0.05,0.03495,0.699
E4X5HjWLZfHe3i1HWWutFdA7ywW7ytXWaCvEJV5Mpump,$DOLLAR,RUGGED,3.2413e-08,3.4807e-08,32.41,3934,32.43,3936,28.42,3449,2.311,280.49,2026-10-04 18:32:16,2026-10-04 18:32:19,4.4,2.8416e-08,0.244,1.22,2.38,CLOSED,rug-liquidity-collapse,0.05,0.08731,1.746
DnfgCKE55XXCsNzS2GQu9mgruZanL6oECZwKVZvRdoeU,CELLUMO,RUGGED,2.9830e-08,3.2016e-08,29.83,3620,29.83,3620,27.96,3393,0.988,119.87,2026-10-04 18:35:59,2026-10-04 18:36:01,0.6,2.7959e-08,0.0,0.89,0.92,CLOSED,rug-liquidity-collapse,0.05,0.04316,0.863
JA47SZZ8wdedecycSXjiF1auvzv4kS4X2Dsf8Y3npump,$SAFEMOON,RUGGED,2.8014e-08,3.2077e-08,28.01,3400,29.89,3627,28.01,3400,1.017,123.48,2026-10-04 18:36:29,2026-10-04 18:36:31,0.1,2.8014e-08,0.03,0,0,CLOSED,rug-liquidity-collapse,0.05,0.04316,0.863
FMSMZe1m8veeoEa41ssmYKVqk6tbs25NVS86zQRvpump,QUOTA,RUGGED,3.0759e-08,7.3503e-08,30.76,3733,68.52,8316,36.21,4395,16.965,2059.01,2026-10-04 18:36:23,2026-10-04 18:36:26,0.4,3.6208e-08,4.14,0.81,0.83,CLOSED,rug-liquidity-collapse,0.05,0.02436,0.487
CQLBhAhpYuFDB8pPZSwJNGWF3zmTPgyixWYvto2spump,ADAD,RUGGED,3.5818e-08,3.8437e-08,35.82,4347,35.82,4347,27.96,3393,3.955,480.06,2026-10-04 18:21:09,2026-10-04 18:21:11,15.6,2.7959e-08,0.0,0.92,0.92,CLOSED,rug-liquidity-collapse,0.05,0.03596,0.719
3m53ZPbSTNoqfHRgDV1pms7eND7ytujFQt3SD1nPpump,$GRAMPS,RUGGED,2.8878e-08,2.6769e-08,28.88,3505,24.93,3026,37.68,4573,0.422,51.23,2026-10-04 18:36:37,2026-10-04 18:36:40,0.2,3.7681e-08,0.0,1.5,1.5,CLOSED,rug-liquidity-collapse,0.05,0.06955,1.391
3Lmo98aQcu8GeBvkgsCh1MB4sBCph9sLPwYECfQppump,COURT,RUGGED,2.8887e-08,3.1914e-08,28.89,3506,29.74,3609,27.96,3393,0.938,113.88,2026-10-04 18:35:27,2026-10-04 18:35:30,1.6,2.7959e-08,0.0,0.89,0.92,CLOSED,rug-liquidity-collapse,0.05,0.0433,0.866
B8gtJMf1vwPGkMs4n2QheBpBqhu54DnAWdPGDTZupump,MESSI,RUGGED,2.8087e-08,4.8406e-08,28.09,3409,45.13,5477,3.99,484,0.116,14.03,2026-10-04 18:36:41,2026-10-04 18:36:43,0.4,3.9877e-09,0.024,0.11,0.19,CLOSED,rug-liquidity-collapse,0.05,0.00407,0.081
BWN1QhtwcFCFYgiF1eAw1dDByi4FD4vZi4H8wVZfpump,WEENIE,RUGGED,2.8143e-08,3.0207e-08,28.14,3416,28.14,3416,27.96,3393,0.099,11.99,2026-10-04 18:35:48,2026-10-04 18:35:51,1.3,2.7959e-08,0.0,0.92,0.92,CLOSED,rug-liquidity-collapse,0.05,0.04574,0.915
6DBsWybBH4v7cEVh97ZUFq5CsgwGoZyA5c4bt3yMoUbT,JADOODOO,RUGGED,3.3830e-08,3.6306e-08,33.83,4106,33.83,4106,27.96,3393,3.0,364.11,2026-10-04 18:36:35,2026-10-04 18:36:38,0.5,2.7959e-08,0.0,0.92,0.92,CLOSED,rug-liquidity-collapse,0.05,0.03807,0.761
4jtS8AQGTDE9u2KdYjdcbtwWWSk1Ah4ERnQyRtB1jkbY,MORGANO,RUGGED,3.1811e-08,3.6358e-08,31.81,3861,33.88,4112,27.96,3393,3.024,366.97,2026-10-04 18:36:41,2026-10-04 18:36:45,0.4,2.7959e-08,0.0,0.86,0.86,CLOSED,rug-liquidity-collapse,0.05,0.03801,0.76
FG5jVXNwVEVbZSDJqjtZ24iXH6urKYUxztPUGpHbpump,OPENSI,RUGGED,3.2353e-08,4.7909e-08,32.35,3927,44.65,5419,28.02,3400,7.912,960.25,2026-10-04 18:36:43,2026-10-04 18:36:46,0.4,2.8018e-08,0.031,0.92,0.92,CLOSED,rug-liquidity-collapse,0.05,0.02891,0.578
AnoebV1fGQ6oiWTJTL3FB65p83eA8mzhTvxr278opump,MOOWIFHAT,RUGGED,2.8143e-08,2.1963e-08,28.14,3416,20.45,2482,346.65,42073,0.072,8.71,2026-10-04 18:35:35,2026-10-04 18:35:38,1.6,3.4665e-07,0.626,16.21,16.21,CLOSED,rug-liquidity-collapse,0.05,0.26124,5.224
9F19pRww2jgajgLTrzCwaNwwcpz4dtHJtVkbVjiepump,MCAT,RUGGED,2.8152e-08,5.0304e-07,28.15,3417,469.38,56969,466.16,56578,1.724,209.23,2026-10-04 18:36:41,2026-10-04 18:36:43,0.6,4.6616e-07,0.0,0.92,0.92,CLOSED,rug-liquidity-collapse,0.05,0.04586,0.917
2jZe9TQdMjJ3p5oaHCkskcKFU9hVnW7PMgQL7pc8FLEX,REFLEXIANO,RUGGED,2.9854e-08,3.2699e-08,29.85,3623,30.47,3698,27.96,3393,1.316,159.78,2026-10-04 18:35:26,2026-10-04 18:35:28,1.9,2.7959e-08,0.0,0.91,0.98,CLOSED,rug-liquidity-collapse,0.05,0.04226,0.845
ZJYYJwhAwAAssyjjnPBMAaW5AqizytMF1Pd8M2cpump,RIPPED,RUGGED,2.9830e-08,3.2016e-08,29.83,3620,29.83,3620,27.96,3393,0.988,119.87,2026-10-04 18:36:42,2026-10-04 18:36:45,0.6,2.7959e-08,0.0,0.92,0.92,CLOSED,rug-liquidity-collapse,0.05,0.04316,0.863
45uPvcmsc3biH3jR5UetoGKkf9zqGhyEWxLjHpVipump,SСАLЕ,RUGGED,2.9810e-08,3.3229e-08,29.81,3618,30.96,3758,29.73,3609,1.57,190.49,2026-10-04 18:36:52,2026-10-04 18:36:56,0.4,2.9733e-08,0.937,0.98,0.98,CLOSED,rug-liquidity-collapse,0.05,0.04422,0.884
C5atAGUftm6131nTpXTgCBfPwsgmpzMgj23hXzFapump,VISR,RUGGED,3.4888e-08,1.4260e-07,34.89,4234,132.98,16139,40.98,4974,35.425,4299.59,2026-10-04 18:32:55,2026-10-04 18:32:59,4.5,4.0979e-08,6.319,1.58,1.66,CLOSED,rug-liquidity-collapse,0.05,0.01421,0.284
HkWnDNTNHbPfiNmNJgro7GYG7qRQq4wftG5FWmSFpump,DEEZ,RUGGED,2.8700e-08,3.0953e-08,28.7,3483,28.84,3500,121.22,14713,0.397,48.18,2026-10-04 18:36:10,2026-10-04 18:36:13,1.2,1.2122e-07,0.0,3.13,3.13,CLOSED,rug-liquidity-collapse,0.05,0.17143,3.428
BebhRSLkUXgMCxfjTAxoEEoSCnHvBNL1QTGDy3f2pump,ULT,RUGGED,2.8236e-08,3.0306e-08,28.24,3427,28.24,3427,27.96,3393,0.148,17.98,2026-10-04 18:35:34,2026-10-04 18:35:37,1.9,2.7959e-08,0.0,0.92,0.92,CLOSED,rug-liquidity-collapse,0.05,0.04559,0.912
8hT9FUooNZUj4sTcnHGcxiPijYXodSJT9svrUEiopump,Doeyor,RUGGED,2.8747e-08,3.0605e-08,28.75,3489,28.51,3461,27.96,3393,0.296,35.96,2026-10-04 18:37:20,2026-10-04 18:37:22,0.1,2.7959e-08,0.0,0,0,CLOSED,rug-liquidity-collapse,0.05,0.04515,0.903
GcqNQmVqoRvngfTXWtLj9M34YLUouisffCxLe4hmpump,COVER,RUGGED,2.9834e-08,3.4059e-08,29.83,3621,31.73,3852,28.01,3400,1.962,238.09,2026-10-04 18:33:36,2026-10-04 18:33:39,3.9,2.8010e-08,0.027,0.86,0.93,CLOSED,rug-liquidity-collapse,0.05,0.04065,0.813
4eNQTVQJrQwKrAJ21joo93GBEAkUauh1dsahQpaDpump,REFLEX,RUGGED,2.9830e-08,3.4961e-08,29.83,3620,32.58,3954,29.1,3531,2.383,289.18,2026-10-04 18:37:20,2026-10-04 18:37:23,0.1,2.9095e-08,0.603,0,0,CLOSED,rug-liquidity-collapse,0.05,0.04113,0.823
HHofs7QencGfmRXd8pjkCNy7dPn5pUNF1pCRTXwipump,MIYORA,RUGGED,2.9830e-08,3.6475e-08,29.83,3620,33.99,4125,27.96,3393,3.077,373.44,2026-10-04 18:30:24,2026-10-04 18:30:26,7.2,2.7959e-08,0.0,0.97,1.17,CLOSED,rug-liquidity-collapse,0.05,0.03789,0.758
HyqbB2DbK3SYvhGTiGsiLohLFETbdh35qzsNoaeTpump,ROLL,RUGGED,2.9570e-08,3.5078e-08,29.57,3589,32.69,3967,29.69,3604,2.437,295.76,2026-10-04 18:37:27,2026-10-04 18:37:29,0.1,2.9691e-08,0.915,0,0,CLOSED,rug-liquidity-collapse,0.05,0.04183,0.837
wnkWSeTYwfunWqWSc4R3XpetQe55fHjBDwWsj8Rpump,BLK,RUGGED,2.8070e-08,2.1224e-08,28.07,3407,19.76,2398,28.47,3455,0.042,5.06,2026-10-04 18:37:07,2026-10-04 18:37:10,0.5,2.8466e-08,0.06,1.33,1.33,CLOSED,rug-liquidity-collapse,0.05,0.06624,1.325
9TzDHbDZcsF9YbHu7wBStXgTN5GMBYB3jHhLZqwipump,twig,RUGGED,3.2353e-08,4.8610e-08,32.35,3927,45.3,5499,28.1,3410,8.188,993.81,2026-10-04 18:37:18,2026-10-04 18:37:21,0.4,2.8097e-08,0.074,1.36,1.52,CLOSED,rug-liquidity-collapse,0.05,0.02858,0.572
3pKvZvDAa8aHFoHjuLUnakHoL1nvkVHuVkGuBgUHfYsw,OPENSI,RUGGED,2.9854e-08,3.2596e-08,29.85,3623,30.37,3686,28.88,3506,1.267,153.82,2026-10-04 18:37:37,2026-10-04 18:37:40,0.1,2.8883e-08,0.492,0,0,CLOSED,rug-liquidity-collapse,0.05,0.04379,0.876
C9R4uXBpq5AWW4pidfFMitSGjdBFPLwpSzPUWXmTSUU2,FLORA,RUGGED,3.0825e-08,5.3614e-08,30.82,3741,49.97,6065,28.12,3413,10.107,1226.68,2026-10-04 18:34:28,2026-10-04 18:34:31,3.4,2.8121e-08,0.087,0.6,1.07,CLOSED,rug-liquidity-collapse,0.05,0.02594,0.519
C6TyACuUE6pxxJmSDKUXtdSV26oHMjxVXbN37SEyLjdw,knightbull,RUGGED,2.8521e-08,3.0612e-08,28.52,3462,28.52,3462,27.96,3393,0.3,36.41,2026-10-04 18:37:15,2026-10-04 18:37:18,0.6,2.7959e-08,0.0,0.92,0.92,CLOSED,rug-liquidity-collapse,0.05,0.04514,0.903
Higx3RFNVHytkgWh55pj1BCgsbDRaFbFy1C5Gzj3pump,OWLAI,RUGGED,2.8181e-08,3.0247e-08,28.18,3420,28.18,3420,27.96,3393,0.119,14.42,2026-10-04 18:34:39,2026-10-04 18:34:41,3.3,2.7959e-08,0.0,0.92,0.92,CLOSED,rug-liquidity-collapse,0.05,0.04568,0.914
G9HdG1hAjynBsrmvgoABrbosvpEQg1DiVoH57idS5QFV,GI,RUGGED,2.7959e-08,3.0904e-08,27.96,3393,28.79,3495,28.48,3456,0.444,53.94,2026-10-04 18:28:03,2026-10-04 18:28:06,9.9,2.8475e-08,0.276,0.94,1.04,CLOSED,rug-liquidity-collapse,0.05,0.04554,0.911
6nZ7VPjG9TiamLyhwxde5PcMbJxQhJvhFmeCo1H8MCwq,KIRA,RUGGED,3.0212e-08,3.3272e-08,30.21,3667,31.0,3763,28.66,3479,1.59,193.01,2026-10-04 18:37:55,2026-10-04 18:37:58,0.1,2.8662e-08,0.375,0,0,CLOSED,rug-liquidity-collapse,0.05,0.04258,0.851
EXYU5FVRQpn7taDL9qPjS94dh73N4aL2HwyNb7hPAdmY,POOPYBOT,RUGGED,2.9830e-08,3.2188e-08,29.83,3620,29.99,3640,27.96,3393,1.071,129.94,2026-10-04 18:37:51,2026-10-04 18:37:54,0.3,2.7959e-08,0.0,0.93,0.93,CLOSED,rug-liquidity-collapse,0.05,0.04293,0.859
GuyXzPUEfveoc7AuLd38MAwvok3scpFSaPTzXcWhpump,$LAST20,RUGGED,2.8508e-08,4.5746e-08,28.51,3460,42.64,5176,87.35,10601,0.439,53.25,2026-10-04 18:38:02,2026-10-04 18:38:04,0.1,8.7347e-08,0.0,0,0,CLOSED,rug-liquidity-collapse,0.05,0.09441,1.888
63uRWjB83yFQzQdDs2ZJUZTnVdzWWwNbCVfgJkCFpump,SON,RUGGED,2.8514e-08,3.0605e-08,28.51,3461,28.51,3461,27.96,3393,0.296,35.96,2026-10-04 18:37:44,2026-10-04 18:37:47,0.4,2.7959e-08,0.0,0.92,0.92,CLOSED,rug-liquidity-collapse,0.05,0.04515,0.903
Cfvfs5EeGE4RrJYDuRusnvW8rBLzjKb2JuQeTtQxpump,GRIND,RUGGED,2.7974e-08,3.1829e-08,27.97,3395,29.66,3599,27.97,3395,0.897,108.87,2026-10-04 18:37:17,2026-10-04 18:37:19,0.9,2.7974e-08,0.008,0.92,0.92,CLOSED,rug-liquidity-collapse,0.05,0.04344,0.869
CrtaviES3ECkR8A7VgSTwBu8oPfVTawdJi7ChjBAR1fe,BOB,RUGGED,3.5912e-08,8.2462e-08,35.91,4359,76.88,9331,28.26,3430,19.746,2396.59,2026-10-04 18:37:58,2026-10-04 18:38:00,0.2,2.8263e-08,0.162,0.7,0.7,CLOSED,rug-liquidity-collapse,0.05,0.01695,0.339
CRMfduc6KHAx3ZwLZL4CkUpMucewxwsDuLGGPMVutP9h,ENKESHA,RUGGED,2.9854e-08,3.2042e-08,29.85,3623,29.85,3623,27.96,3393,1.0,121.37,2026-10-04 18:37:39,2026-10-04 18:37:41,0.7,2.7959e-08,0.0,0.92,0.92,CLOSED,rug-liquidity-collapse,0.05,0.04313,0.862
C2oACHBKq5mGn2WzjV11QpaFiSnZSUKgQ6MdtG4Rpump,MCAT,RUGGED,7.4716e-08,8.2760e-08,74.72,9068,77.15,9364,30.95,3757,19.836,2407.47,2026-10-04 18:37:12,2026-10-04 18:37:14,1.2,3.0951e-08,1.565,2.67,2.67,CLOSED,rug-liquidity-collapse,0.05,0.07036,1.407
2eXorjY4pNjA5op3DZVBTKEHR64kanhbwTNkjZYapump,$FROINK,RUGGED,2.8142e-08,6.9506e-08,28.14,3416,64.82,7867,68.14,8271,0.319,38.77,2026-10-04 18:38:11,2026-10-04 18:38:15,0.2,6.8145e-08,0.017,0.97,0.97,CLOSED,rug-liquidity-collapse,0.05,0.04849,0.97
F4zmA4LZgF49isL5eEtANW5XiYYXs9rgzkETafiCpump,POPDOG,RUGGED,3.4160e-08,5.0227e-08,34.16,4146,46.81,5682,27.96,3393,8.818,1070.3,2026-10-04 18:32:30,2026-10-04 18:32:32,6.0,2.7959e-08,0.0,0.6,1.1,CLOSED,rug-liquidity-collapse,0.05,0.02752,0.55
CcNXMnHyAJutqnrUdsTsTwtBrPUKqtR5S9Kyv7supump,STACH,RUGGED,2.8943e-08,3.2791e-08,28.94,3513,30.55,3708,27.96,3394,1.361,165.16,2026-10-04 18:36:05,2026-10-04 18:36:08,2.4,2.7961e-08,0.001,0.92,0.92,CLOSED,rug-liquidity-collapse,0.05,0.04214,0.843
5tzELwrzkXUAyco6NE6Zd6tj39NoUESaCarcHUFHveb5,BRENO,RUGGED,3.0804e-08,3.3060e-08,30.8,3739,30.8,3739,28.08,3409,1.489,180.73,2026-10-04 18:37:09,2026-10-04 18:37:11,1.3,2.8085e-08,0.067,0.92,0.92,CLOSED,rug-liquidity-collapse,0.05,0.04199,0.84
7YjRqgVNbqf82KtQmZRWwDaueVUSZNiHhbieggppmFhM,Suspect4,RUGGED,3.0240e-08,3.2559e-08,30.24,3670,30.34,3682,27.96,3393,1.249,151.64,2026-10-04 18:38:02,2026-10-04 18:38:05,0.5,2.7959e-08,0.0,0.92,0.92,CLOSED,rug-liquidity-collapse,0.05,0.04244,0.849
6q7GA73Ls8NGfesiTSAwauAVpYL4kMdf8m1mAi7hbAYW,boof,RUGGED,2.9830e-08,3.2016e-08,29.83,3620,29.83,3620,27.96,3393,0.988,119.87,2026-10-04 18:35:27,2026-10-04 18:35:30,3.1,2.7959e-08,0.0,0.89,0.92,CLOSED,rug-liquidity-collapse,0.05,0.04316,0.863
Pb8Ju1CiEyBLjAArHvNxX9eLeGA6GBM1XoHz5KCpump,SON,RUGGED,3.1721e-08,3.4044e-08,31.72,3850,31.72,3850,27.96,3393,1.955,237.22,2026-10-04 18:32:41,2026-10-04 18:32:45,5.9,2.7959e-08,0.0,0.95,0.96,CLOSED,rug-liquidity-collapse,0.05,0.04059,0.812
HH8K86LydArP6XGL94ZZbgb4hApFRkfauytHH2uQpump,MESSI,RUGGED,2.8079e-08,2.9112e-08,28.08,3408,27.12,3292,77.73,9435,0.062,7.55,2026-10-04 18:38:28,2026-10-04 18:38:30,0.1,7.7734e-08,0.0,0,0,CLOSED,rug-liquidity-collapse,0.05,0.13195,2.639
9MiuVSFFFWBaD9h9GsndyydarqL7W9V4AtFYhqD4pump,TE$,RUGGED,2.8237e-08,3.0307e-08,28.24,3427,28.24,3427,27.96,3393,0.149,18.03,2026-10-04 18:36:21,2026-10-04 18:36:24,2.4,2.7959e-08,0.0,0.92,0.92,CLOSED,rug-liquidity-collapse,0.05,0.04559,0.912
D6VsbGHJxhUETHQbh2gbfP8CyeWRxMkwsZPdvFR7Yj5a,MORGANO,RUGGED,3.3830e-08,5.3454e-08,33.83,4106,49.82,6047,29.81,3618,10.047,1219.39,2026-10-04 18:38:22,2026-10-04 18:38:24,0.3,2.9811e-08,0.978,0.78,0.78,CLOSED,rug-liquidity-collapse,0.05,0.02758,0.551
CzEXF9tnvqeq7Yym1A94sdwYvKBty7gBfYBf64uapump,pumpoids,RUGGED,3.0759e-08,3.4055e-08,30.76,3733,31.73,3851,27.97,3395,1.96,237.9,2026-10-04 18:38:04,2026-10-04 18:38:07,0.7,2.7968e-08,0.005,0.89,0.89,CLOSED,rug-liquidity-collapse,0.05,0.04059,0.812
3bc44s9KwHAppnbyT7Nw5RG8XBQjykopHhWoTrsVpump,DEEZ,RUGGED,2.8514e-08,4.5657e-08,28.51,3461,42.56,5166,0.07,8,0.445,54.04,2026-10-04 18:37:42,2026-10-04 18:37:45,1.2,6.5262e-11,0.009,0.0,0.58,CLOSED,rug-liquidity-collapse,0.05,7e-05,0.001
9DZ3a91uJYKzbwebpS2bHMB3yYFEC6G5MisADzmYVGog,SON,RUGGED,3.3830e-08,3.9035e-08,33.83,4106,36.38,4415,27.96,3393,4.219,512.04,2026-10-04 18:38:48,2026-10-04 18:38:50,0.1,2.7959e-08,0.0,0,0,CLOSED,rug-liquidity-collapse,0.05,0.03541,0.708
Auc2zWCUBrN4XgpCnJm71pLgpgVwEFaaidzz4EZFpump,SON,RUGGED,3.2468e-08,7.4992e-07,32.47,3941,699.75,84928,499.26,60595,112.636,13670.62,2026-10-04 18:38:37,2026-10-04 18:38:39,0.3,4.9926e-07,17.452,0.92,1.09,CLOSED,rug-liquidity-collapse,0.05,0.03295,0.659
BHbeWRjTMd8tTppVh5Kan4heGmTV7NECFX4ycJBvpump,STREAMER,RUGGED,3.1762e-08,3.4947e-08,31.76,3855,32.56,3952,27.98,3395,2.376,288.4,2026-10-04 18:37:36,2026-10-04 18:37:38,1.4,2.7975e-08,0.009,0.9,0.92,CLOSED,rug-liquidity-collapse,0.05,0.03957,0.791
DXCzQotg9d1KXVeqvFgZwpAkrY53obWBavMQxTgiTN1p,BURNIE,RUGGED,2.7959e-08,4.4558e-08,27.96,3393,41.53,5040,30.94,3756,6.561,796.31,2026-10-04 18:38:54,2026-10-04 18:38:57,0.1,3.0944e-08,1.561,0,0,CLOSED,rug-liquidity-collapse,0.05,0.03433,0.687
ALaTvPQnPeS3AcT8VUuXTouKxrEeVLvHRHKPSyYzpump,KREW,RUGGED,3.1371e-08,3.4701e-08,31.37,3807,32.33,3924,27.96,3393,2.262,274.51,2026-10-04 18:38:21,2026-10-04 18:38:24,0.8,2.7959e-08,0.0,0.89,0.9,CLOSED,rug-liquidity-collapse,0.05,0.03982,0.796
FL2GgBxfoFMcoS1y22h2CVUQvGTbnvkhLicBqrLyctwr,MORGANO,RUGGED,3.1811e-08,3.6358e-08,31.81,3861,33.88,4112,27.96,3393,3.024,366.97,2026-10-04 18:38:34,2026-10-04 18:38:37,0.5,2.7959e-08,0.0,0.86,0.86,CLOSED,rug-liquidity-collapse,0.05,0.03801,0.76
3cyCZd4n3HknL5DEM92X4kQ85qVWhdM2Z2s3HXdhpump,ORDERS,RUGGED,2.8710e-08,5.2913e-08,28.71,3484,49.32,5986,28.41,3449,9.844,1194.75,2026-10-04 18:38:35,2026-10-04 18:38:37,0.5,2.8414e-08,0.243,0.93,0.97,CLOSED,rug-liquidity-collapse,0.05,0.02655,0.531
4Mh93nQKYs7BdqQ42pNtcnnu8aogc9rXBV2EC54Gpump,PRIV,RUGGED,2.8514e-08,7.1862e-08,28.51,3461,66.99,8131,36.47,4426,16.437,1994.96,2026-10-04 18:38:17,2026-10-04 18:38:20,0.9,3.6470e-08,4.263,0.95,0.99,CLOSED,rug-liquidity-collapse,0.05,0.0251,0.502
2NcxxhSiXBMpKANTCdU1NFQRxweaVtTg27wC5hVa65hG,TRENDSAPP,RUGGED,2.7961e-08,3.0607e-08,27.96,3394,28.52,3461,27.96,3394,0.297,36.09,2026-10-04 18:39:06,2026-10-04 18:39:09,0.1,2.7961e-08,0.001,0,0,CLOSED,rug-liquidity-collapse,0.05,0.04515,0.903
ARRck5nVUkz4XRc8riF7Wj9TSPo7uHvk2wRsYNM3pump,DELUISION,RUGGED,2.9360e-08,4.7256e-08,29.36,3563,44.05,5346,12.57,1526,1.128,136.93,2026-10-04 18:39:10,2026-10-04 18:39:13,0.2,1.2571e-08,0.0,0,0,CLOSED,rug-liquidity-collapse,0.05,0.01315,0.263
53rLnynp4s52LL68Un1RDahh4epNpMLNa3R4YqPApump,DERP,RUGGED,2.9811e-08,3.4577e-08,29.81,3618,32.22,3911,32.15,3902,1.056,128.21,2026-10-04 18:39:15,2026-10-04 18:39:18,0.1,3.2152e-08,0.26,0,0,CLOSED,rug-liquidity-collapse,0.05,0.04596,0.919
G4CtFptMQzJ3sfkxQLSor2mhwR1LKDfehfcbpXwvJJ2Y,FOMONSIDER,RUGGED,2.7959e-08,3.2734e-08,27.96,3393,30.5,3702,27.96,3393,1.333,161.83,2026-10-04 18:38:24,2026-10-04 18:38:27,1.0,2.7959e-08,0.0,0.89,0.92,CLOSED,rug-liquidity-collapse,0.05,0.04221,0.844
3edVY5DNcuYPevo9rSWrqpmRdQE1xL8xed73DvPEpump,$GRAMPS,RUGGED,2.8325e-08,2.3402e-08,28.32,3438,21.79,2645,16.97,2060,0.15,18.26,2026-10-04 18:39:11,2026-10-04 18:39:14,0.2,1.6972e-08,0.0,0.66,0.66,CLOSED,rug-liquidity-collapse,0.05,0.03582,0.716
FfP5gZv83QKnDm7qdJQpnJYVjQch6FCoPJsR8zUypump,FMTR,RUGGED,3.0154e-08,3.3210e-08,30.15,3660,30.94,3756,27.98,3395,1.561,189.41,2026-10-04 18:38:19,2026-10-04 18:38:21,1.2,2.7976e-08,0.009,0.9,0.93,CLOSED,rug-liquidity-collapse,0.05,0.04163,0.833
A45acFDgZcwE3Rtgj5dF6sYQ1NgWuYyqm5Hgp8xspump,SIR,RUGGED,3.2353e-08,4.9387e-08,32.35,3927,46.03,5587,29.46,3576,8.493,1030.74,2026-10-04 18:38:15,2026-10-04 18:38:17,1.3,2.9460e-08,0.795,4.68,5.32,CLOSED,rug-liquidity-collapse,0.05,0.14201,2.84
6yir5XMe2g3FY5xMUo84Bm4vvfi83mjBE5VxhCXppump,WD,RUGGED,2.8514e-08,3.0605e-08,28.51,3461,28.51,3461,27.96,3393,0.296,35.96,2026-10-04 18:28:30,2026-10-04 18:28:33,11.1,2.7959e-08,0.0,0.92,0.92,CLOSED,rug-liquidity-collapse,0.05,0.04515,0.903
GyfoE9iiGVuKXbLn9wQn3CmtSDvL4nNbMmJDZJWvpump,ADAD,RUGGED,2.9455e-08,3.5249e-08,29.45,3575,32.84,3986,27.96,3393,2.516,305.31,2026-10-04 18:32:16,2026-10-04 18:32:19,7.3,2.7959e-08,0.0,0.8,0.91,CLOSED,rug-liquidity-collapse,0.05,0.03921,0.784
2cT8X4oyL28pEq6coV87qeSD8zPB1r5gQ27tbieppump,employr ,RUGGED,2.8057e-08,3.0114e-08,28.06,3405,28.06,3405,27.97,3395,0.052,6.37,2026-10-04 18:37:28,2026-10-04 18:37:30,2.2,2.7971e-08,0.006,0.92,0.92,CLOSED,rug-liquidity-collapse,0.05,0.0459,0.918
H4q1qpTK8fFyMzttuP39nyzgQB8Xyhyn29Pc1Suupump,stick,RUGGED,3.2552e-08,4.2157e-08,32.55,3951,39.29,4768,30.09,3653,5.562,675.03,2026-10-04 18:39:08,2026-10-04 18:39:10,0.5,3.0095e-08,1.125,0.79,0.93,CLOSED,rug-liquidity-collapse,0.05,0.03529,0.706
6mvn5t91j9abER1XdBYHT42cwb5Wp7AUuwxu34Mspump,Carmine,RUGGED,2.8588e-08,3.0779e-08,28.59,3470,28.68,3481,27.96,3393,0.383,46.45,2026-10-04 18:17:59,2026-10-04 18:18:02,21.8,2.7959e-08,0.0,0.92,0.93,CLOSED,rug-liquidity-collapse,0.05,0.04489,0.898
2nbBgrhZdVx6hgiUJ54NoBmtWhW4SB9Xc9S7CzAupump,Orders,RUGGED,2.9074e-08,3.1206e-08,29.07,3529,29.07,3529,27.96,3393,0.593,71.92,2026-10-04 18:39:33,2026-10-04 18:39:36,0.2,2.7959e-08,0.0,0.92,0.92,CLOSED,rug-liquidity-collapse,0.05,0.04428,0.885
A9uMQ9yRG2qa71w1aNhn4XfcgdG4xeX2oiy5VNCvpump,RMO,RUGGED,3.4469e-08,3.0996e-08,34.47,4183,28.88,3505,27.96,3393,0.49,59.43,2026-10-04 18:37:48,2026-10-04 18:37:50,2.1,2.7959e-08,0.0,0.92,0.95,CLOSED,rug-liquidity-collapse,0.05,0.04458,0.891
8To7794kn67NxvWtmXhHdGreFDkTXnCtdyKu94Htpump,ORDERS,RUGGED,3.1217e-08,3.0117e-08,31.22,3789,28.06,3406,27.96,3393,0.054,6.53,2026-10-04 18:38:52,2026-10-04 18:38:54,1.0,2.7959e-08,0.0,0.92,0.92,CLOSED,rug-liquidity-collapse,0.05,0.04588,0.917
sUhJfbuderpP1DZnPuaM43n4ttbcQJp6ZHVWh5spump,PAWS,RUGGED,2.9447e-08,3.2033e-08,29.45,3574,29.85,3622,28.13,3415,0.996,120.84,2026-10-04 18:39:26,2026-10-04 18:39:28,0.4,2.8134e-08,0.094,0.91,0.91,CLOSED,rug-liquidity-collapse,0.05,0.04341,0.868
SNkXFY9Q57u182iKCS4NFZ8qxi3RRfjTBvGxJrupump,DOER,RUGGED,2.9834e-08,3.2561e-08,29.83,3621,30.34,3682,28.01,3399,1.25,151.76,2026-10-04 18:24:49,2026-10-04 18:24:52,15.1,2.8008e-08,0.027,0.89,0.97,CLOSED,rug-liquidity-collapse,0.05,0.04251,0.85
BTFBg4SRDw23k21BJ7qNGdGLELMFxfNkj92zvj4ipump,SIR,RUGGED,3.2353e-08,3.0079e-08,32.35,3927,28.02,3401,27.96,3393,0.035,4.22,2026-10-04 18:38:01,2026-10-04 18:38:04,2.0,2.7959e-08,0.0,0.92,0.92,CLOSED,rug-liquidity-collapse,0.05,0.04594,0.919
7n6AFoxXcdJ5iMKZTfz82Ef13aFXL3auznXoEgpupump,DEEZ,RUGGED,2.8514e-08,3.5700e-08,28.51,3461,33.27,4038,54.25,6584,0.346,41.96,2026-10-04 18:39:09,2026-10-04 18:39:11,0.8,5.4247e-08,0.0,1.53,2.24,CLOSED,rug-liquidity-collapse,0.05,0.09743,1.948
FCjLRy3x1jSJGgoTk4Sv3L14zC9fQaU13uzkvDuonDmg,bob,RUGGED,3.2813e-08,4.3047e-08,32.81,3983,40.12,4869,30.82,3741,5.935,720.36,2026-10-04 18:39:39,2026-10-04 18:39:41,0.3,3.0823e-08,1.499,0.95,1.0,CLOSED,rug-liquidity-collapse,0.05,0.0354,0.708
8Dy3p7V9xEHHXDWAqHgwVS5zc1feXJod8NURHHTnpump,PUMPCAT,RUGGED,2.8070e-08,3.0128e-08,28.07,3407,28.07,3407,38.63,4688,0.059,7.21,2026-10-04 18:38:30,2026-10-04 18:38:33,1.5,3.8627e-08,0.0,1.27,1.27,CLOSED,rug-liquidity-collapse,0.05,0.06336,1.267
DRViYjwYzDvQ8ZkqZHHYoDT6SJJYbtgZWe1noH54pump,$BAD,RUGGED,2.8508e-08,2.6299e-08,28.51,3460,24.5,2973,11.14,1352,0.252,30.59,2026-10-04 18:39:46,2026-10-04 18:39:49,0.2,1.1136e-08,0.058,0.59,0.59,CLOSED,rug-liquidity-collapse,0.05,0.02092,0.418
Cdz8NtzcALvDLqpBn3dfud5eLFDox7W3QspRKSxapump,LEEGHTO,RUGGED,3.1176e-08,3.4342e-08,31.18,3784,32.0,3884,27.98,3395,2.094,254.17,2026-10-04 18:39:08,2026-10-04 18:39:10,0.9,2.7975e-08,0.009,0.95,0.95,CLOSED,rug-liquidity-collapse,0.05,0.04026,0.805
51o1wYYyTuuN5AZyzoAjd39FQECFWKHRuZNg19f8rb4a,CERTAINU,RUGGED,2.7959e-08,3.0904e-08,27.96,3393,28.79,3495,27.96,3393,0.444,53.94,2026-10-04 18:39:41,2026-10-04 18:39:44,0.3,2.7959e-08,0.0,0.92,0.92,CLOSED,rug-liquidity-collapse,0.05,0.04471,0.894
CNHBuisv5vkxL91KfFJtpGCTQ8XUZiKwgbwdUBwBpump,4CATS,RUGGED,2.8747e-08,3.1385e-08,28.75,3489,29.24,3549,27.96,3393,0.681,82.6,2026-10-04 18:39:54,2026-10-04 18:39:57,0.1,2.7959e-08,0.0,0,0,CLOSED,rug-liquidity-collapse,0.05,0.04403,0.88
4xkqVUbT9NChKyXNHLHJWpYBBm3VzUasbQgEUR1Ppump,pokemon AS,RUGGED,2.8201e-08,1.7710e-08,28.2,3423,16.48,2000,7.48,908,0.076,9.19,2026-10-04 18:39:44,2026-10-04 18:39:47,0.3,7.4843e-09,0.058,1.18,1.18,CLOSED,rug-liquidity-collapse,0.05,0.02086,0.417
8Qi2xD8buXNGCL76kVCHfXr87ewbDaoAacnGerDnpump,CGRIM,RUGGED,2.7974e-08,3.1545e-08,27.97,3395,29.39,3567,27.97,3395,0.759,92.1,2026-10-04 18:40:01,2026-10-04 18:40:04,0.1,2.7974e-08,0.008,0,0,CLOSED,rug-liquidity-collapse,0.05,0.04383,0.876
DxeMomxL7Ffq2iw7XAauJGJpEpwde8Ebw77ADVp1pump,Bog Baron,RUGGED,2.9300e-08,3.2363e-08,29.3,3556,30.15,3660,28.72,3485,1.155,140.21,2026-10-04 18:36:56,2026-10-04 18:36:58,3.3,2.8717e-08,0.404,2.54,2.54,CLOSED,rug-liquidity-collapse,0.05,0.09398,1.879
J6UW7wEucJbhPrK5P4aD6X1ghqepVVh5ARGjzpzYpump,IBEX,RUGGED,2.7959e-08,3.5221e-08,27.96,3393,32.82,3983,28.73,3487,2.503,303.79,2026-10-04 18:40:11,2026-10-04 18:40:14,0.2,2.8730e-08,0.411,0,0,CLOSED,rug-liquidity-collapse,0.05,0.04032,0.806
6uZhSixrtEQVahpg6VXFv7y9xGMb25Y7kkVBPZjFpump,NOREC,RUGGED,2.8051e-08,3.1931e-08,28.05,3405,29.75,3611,28.07,3406,0.946,114.86,2026-10-04 18:39:22,2026-10-04 18:39:25,1.1,2.8067e-08,0.058,0.92,0.92,CLOSED,rug-liquidity-collapse,0.05,0.04344,0.869
3Er2YLzpTbQmXkneBpbRnGyiXfWpw6W8h6nJEpqDpump,GRABBER,RUGGED,2.9830e-08,3.2062e-08,29.83,3620,29.87,3626,27.98,3396,1.01,122.57,2026-10-04 18:40:03,2026-10-04 18:40:05,0.4,2.7981e-08,0.012,0.92,0.92,CLOSED,rug-liquidity-collapse,0.05,0.04313,0.863
5G3v2Xh8WAvnnGchBEpjGVTcU1JrZufdcE4ha2Copump,OTP,RUGGED,2.8700e-08,3.2323e-08,28.7,3483,30.12,3655,28.77,3492,1.136,137.85,2026-10-04 18:40:08,2026-10-04 18:40:11,0.3,2.8769e-08,0.431,0.92,0.92,CLOSED,rug-liquidity-collapse,0.05,0.04399,0.88
3b1uQYA6dhR9Gx8rKUmKZReaLYhurQuN7nKP1q8epump,MOOWIFHAT,RUGGED,2.8180e-08,2.8843e-08,28.18,3420,26.87,3261,1.03,126,0.114,13.84,2026-10-04 18:39:59,2026-10-04 18:40:01,0.6,1.0345e-09,0.012,0.04,0.55,CLOSED,rug-liquidity-collapse,0.05,0.00177,0.035
CXtjyagoizkpna2JWPBz95qcY7jhDd1ZL3bHnucct6By,YUNGNAPO,RUGGED,2.7959e-08,3.3094e-08,27.96,3393,30.84,3743,27.96,3393,1.505,182.72,2026-10-04 18:38:34,2026-10-04 18:38:37,2.1,2.7959e-08,0.0,0.9,0.9,CLOSED,rug-liquidity-collapse,0.05,0.04176,0.835
D5KYufPH6pPNwMfDuu3ifNvF1beesd3AtarUm9tzpump,SON,RUGGED,2.8070e-08,2.5730e-08,28.07,3407,23.97,2909,38.6,4684,0.051,6.14,2026-10-04 18:40:28,2026-10-04 18:40:30,0.2,3.8596e-08,0.0,0.78,0.78,CLOSED,rug-liquidity-collapse,0.05,0.07411,1.482
9BmbNubsaeVZmbwnckTEktEL3fUEP3R9ozGe5CNFpump,nigga,RUGGED,3.3764e-08,3.7342e-08,33.76,4098,34.8,4223,28.2,3422,3.468,420.89,2026-10-04 18:38:52,2026-10-04 18:38:54,1.9,2.8195e-08,0.126,0.8,1.16,CLOSED,rug-liquidity-collapse,0.05,0.03732,0.746
HVowH9Ub2u3WR3d1MmgEoYr5JLjPE24xXs13y7ScZu9N,HOE,RUGGED,2.8333e-08,3.2038e-08,28.33,3439,29.85,3623,27.96,3393,0.998,121.17,2026-10-04 18:39:43,2026-10-04 18:39:46,1.0,2.7959e-08,0.0,1.03,1.03,CLOSED,rug-liquidity-collapse,0.05,0.04313,0.863
HYo7mpMxGnpKnAbuW77QxEPoyo1r4r4CfsnaFnxapump,CANDICE,RUGGED,2.9834e-08,3.2046e-08,29.83,3621,29.86,3624,27.96,3393,1.002,121.63,2026-10-04 18:38:08,2026-10-04 18:38:11,2.6,2.7959e-08,0.0,0.92,0.94,CLOSED,rug-liquidity-collapse,0.05,0.04312,0.862
6x8juWp5z8SjPouPP99KdqhPGRAQdbTnA9nZQ7vipump,MESSI,RUGGED,2.8068e-08,3.4315e-08,28.07,3407,31.98,3881,15.76,1913,0.067,8.11,2026-10-04 18:40:04,2026-10-04 18:40:06,0.7,1.5760e-08,0.032,0.38,0.83,CLOSED,rug-liquidity-collapse,0.05,0.0227,0.454
7oPWSLiMRBhSPfJadKfbYvRrizM2kEE4keBLYGzMpump,INSIDER,RUGGED,2.9830e-08,3.2016e-08,29.83,3620,29.83,3620,27.96,3393,0.988,119.87,2026-10-04 18:40:25,2026-10-04 18:40:28,0.5,2.7959e-08,0.0,0.92,0.92,CLOSED,rug-liquidity-collapse,0.05,0.04316,0.863
DyhumMJBNRWwrGup9M7tWo4c6zm65uR9rwb5HpFfpump,CHIMP,RUGGED,2.8142e-08,3.0205e-08,28.14,3416,28.14,3416,33.11,4018,0.098,11.87,2026-10-04 18:40:30,2026-10-04 18:40:32,0.4,3.3109e-08,0.0,1.09,1.09,CLOSED,rug-liquidity-collapse,0.05,0.05417,1.083
BwJqRFbdWAaMvnSsnLjr8bkYHTWpRkzd9P8ZLdYyCfJt,QUOTA,RUGGED,4.9705e-08,9.6776e-08,49.7,6033,90.23,10951,28.58,3469,23.893,2899.87,2026-10-04 18:40:52,2026-10-04 18:40:54,0.1,2.8578e-08,0.33,0,0,CLOSED,rug-liquidity-collapse,0.05,0.01461,0.292
BAEaJx95FMFZbSqCsGhN8nRfwmgPW6v3YqAnrWciYKGX,SIR,RUGGED,2.7987e-08,3.0153e-08,27.99,3397,28.09,3410,28.09,3409,0.072,8.71,2026-10-04 18:40:09,2026-10-04 18:40:12,0.9,2.8091e-08,0.071,0.93,0.93,CLOSED,rug-liquidity-collapse,0.05,0.04604,0.921
Eim5ZhvD44rqiZUikFJ1HX2pEbBhZ2MDpAv2ncxsyi6R,Sparrow,RUGGED,3.1415e-08,3.9589e-08,31.41,3813,36.89,4478,27.96,3393,4.461,541.38,2026-10-04 18:40:27,2026-10-04 18:40:30,0.6,2.7959e-08,0.0,0.76,0.92,CLOSED,rug-liquidity-collapse,0.05,0.03491,0.698
ECWzp9ftKniXb9w3ReYw3xHT8LdFZdR2qmBXDKpLpump,MESSI,RUGGED,2.8068e-08,3.6140e-08,28.07,3407,33.68,4088,76.21,9250,0.075,9.1,2026-10-04 18:40:57,2026-10-04 18:40:59,0.1,7.6214e-08,0.0,0,0,CLOSED,rug-liquidity-collapse,0.05,0.10425,2.085
Fe3VAJGXyMBYTtafyhMfxGwVfBY5ZTFSYW7MXkB4pump,COOL,RUGGED,2.8514e-08,4.7530e-08,28.51,3461,44.31,5378,25.76,3126,0.473,57.38,2026-10-04 18:40:31,2026-10-04 18:40:34,0.6,2.5755e-08,0.329,2.13,2.38,CLOSED,rug-liquidity-collapse,0.05,0.08198,1.639
DHirk4ePcS89SQG3GgiuTPFx2mxPPnnhKDf4gBYxpump,GOOPER,RUGGED,2.8233e-08,2.0040e-08,28.23,3427,18.66,2264,33.25,4036,0.097,11.76,2026-10-04 18:40:45,2026-10-04 18:40:47,0.4,3.3250e-08,1.912,4.4,4.4,CLOSED,rug-liquidity-collapse,0.05,0.13684,2.736
Bej8tjA5DXGCVoeezDur26eVGCCgoZ629XSTnyVhpump,SON,RUGGED,2.8070e-08,4.2218e-08,28.07,3407,39.35,4776,44.39,5388,0.083,10.08,2026-10-04 18:41:00,2026-10-04 18:41:03,0.1,4.4392e-08,0.0,0,0,CLOSED,rug-liquidity-collapse,0.05,0.05199,1.04
5pntSGuqt16t34XE31DZRbkMzPyvdKX8cYxXeLwCpump,minishield,RUGGED,2.8134e-08,3.0197e-08,28.13,3415,28.13,3415,27.96,3393,0.094,11.39,2026-10-04 18:37:49,2026-10-04 18:37:52,3.4,2.7959e-08,0.0,0.92,0.92,CLOSED,rug-liquidity-collapse,0.05,0.04576,0.915
BuBnGjcEg1i1PtMBFeK5szoXhxzToWCqMLc4HgLspump,AST2,RUGGED,2.8328e-08,3.2198e-08,28.33,3438,30.0,3641,0.02,2,0.209,25.39,2026-10-04 18:38:56,2026-10-04 18:38:59,2.2,1.7363e-11,0.004,0.0,1.23,CLOSED,rug-liquidity-collapse,0.05,2e-05,0.0
6DQQwSGcxYt3foFzvtrHfNNgyQuKsw2ckNCafDqSGCjF,GEMORA,RUGGED,2.9830e-08,3.2837e-08,29.83,3620,30.6,3713,27.96,3393,1.382,167.79,2026-10-04 18:40:33,2026-10-04 18:40:36,0.7,2.7959e-08,0.0,0.9,0.9,CLOSED,rug-liquidity-collapse,0.05,0.04208,0.842
GSphr9ngyrAxFPVSq6w1q1go7SXKBVJU5LFn4uZdLpPB,TTT,RUGGED,2.8052e-08,3.0906e-08,28.05,3405,28.79,3495,28.05,3405,0.445,54.02,2026-10-04 18:40:53,2026-10-04 18:40:55,0.4,2.8052e-08,0.05,0.92,0.92,CLOSED,rug-liquidity-collapse,0.05,0.04486,0.897
2oNnu3toRhjZRWfhUieA16tvFLRM7ZuwaBgfjNwdRx6D,LP,RUGGED,2.9854e-08,3.4627e-08,29.85,3623,32.26,3916,27.96,3393,2.227,270.32,2026-10-04 18:41:04,2026-10-04 18:41:06,0.2,2.7959e-08,0.0,0.85,0.85,CLOSED,rug-liquidity-collapse,0.05,0.03991,0.798
EB5agyo2esX1mZiitroJMpHPY5uevERafJaYWxmgpump,DR,RUGGED,2.8887e-08,3.1005e-08,28.89,3506,28.89,3506,27.96,3393,0.494,59.94,2026-10-04 18:35:07,2026-10-04 18:35:09,6.2,2.7959e-08,0.0,0.92,0.93,CLOSED,rug-liquidity-collapse,0.05,0.04457,0.891
2Wj7B7cccdCabc72MkpD2tY49Yekj9YiF53amMsUpump,SUPER PAD,RUGGED,2.8887e-08,3.1005e-08,28.89,3506,28.89,3506,27.96,3393,0.494,59.94,2026-10-04 18:40:14,2026-10-04 18:40:16,1.3,2.7959e-08,0.0,0.92,0.92,CLOSED,rug-liquidity-collapse,0.05,0.04457,0.891
4W5ZLtGYq6973hEACFZ3EmYSauM5wnf6SKBWikhkAncS,SANJEET,RUGGED,2.8899e-08,3.4044e-08,28.9,3507,31.72,3850,59.52,7224,1.955,237.23,2026-10-04 18:34:19,2026-10-04 18:34:21,7.3,5.9519e-08,13.771,4.25,4.52,CLOSED,rug-liquidity-collapse,0.05,0.13297,2.659
CtQYvpPJQnY9E9zJiN6DgzPLbw6nfgk2bmpDKBDPpump,MESSI,RUGGED,2.8068e-08,1.2022e-08,28.07,3407,11.17,1356,23.95,2907,0.023,2.83,2026-10-04 18:41:15,2026-10-04 18:41:17,0.4,2.3949e-08,0.0,2.7,2.7,CLOSED,rug-liquidity-collapse,0.05,0.12058,2.411
4HkVesMtVtrHaUy1qHAsDvGYmS7AKQUv3gQKaaLxpump,$TRUMPO,RUGGED,2.8887e-08,5.5494e-08,28.89,3506,51.74,6280,4.74,576,0.884,107.33,2026-10-04 18:41:12,2026-10-04 18:41:15,0.6,4.7434e-09,0.116,0.54,1.22,CLOSED,rug-liquidity-collapse,0.05,0.00422,0.084
AsiUyz8m1GjphFMPnzFiJvWiRSY8bP2YQxMCaVffpump,BONKJOB,RUGGED,2.9451e-08,3.1610e-08,29.45,3574,29.45,3574,27.96,3393,0.79,95.9,2026-10-04 18:40:16,2026-10-04 18:40:19,1.6,2.7959e-08,0.0,0.92,0.92,CLOSED,rug-liquidity-collapse,0.05,0.04371,0.874
7kXMQ1FT9viVhf6rGLkDUhhWFphzXpVwwFfC5mfnLaXu,SHIBACONE,RUGGED,2.7959e-08,3.2734e-08,27.96,3393,30.5,3702,27.96,3393,1.333,161.83,2026-10-04 18:40:56,2026-10-04 18:40:58,1.1,2.7959e-08,0.0,0.89,0.92,CLOSED,rug-liquidity-collapse,0.05,0.04221,0.844
DbVssftbsigsQGBy84gxEv8AMhBUcefLiDs6Ss99pump,SON,RUGGED,2.8070e-08,2.6484e-08,28.07,3407,24.67,2994,9.15,1110,0.052,6.32,2026-10-04 18:41:37,2026-10-04 18:41:39,0.4,9.1478e-09,0.023,0.33,0.48,CLOSED,rug-liquidity-collapse,0.05,0.01706,0.341
4Hi8r8m63JTykZ919vxGb2nkMHKtU1P13ZtXcEfGpump,QUANTS,RUGGED,3.3754e-08,3.6225e-08,33.75,4097,33.75,4097,27.96,3393,2.963,359.61,2026-10-04 18:40:58,2026-10-04 18:41:01,1.2,2.7959e-08,0.0,0.92,0.92,CLOSED,rug-liquidity-collapse,0.05,0.03815,0.763
FEsc6cqexqhsy4rJexy9QskYqhuio3FAXdbQwNphpump,MESSI,RUGGED,2.8068e-08,6.5989e-08,28.07,3407,61.53,7468,87.89,10667,0.129,15.61,2026-10-04 18:41:55,2026-10-04 18:41:58,0.2,8.7892e-08,0.008,1.4,1.4,CLOSED,rug-liquidity-collapse,0.05,0.06588,1.317
5do6CXvNXroA5pV3i2QexpPR5pWuoNJdM9RRKweBpump,QUOTA,RUGGED,3.1762e-08,3.4491e-08,31.76,3855,32.14,3901,28.27,3431,2.164,262.66,2026-10-04 18:42:00,2026-10-04 18:42:03,0.1,2.8270e-08,0.166,0,0,CLOSED,rug-liquidity-collapse,0.05,0.04051,0.81
2t9CsCujn7wZQduuCwcW28NqxjW2NhdXPmaJRfTQFLEX,REFLEX,RUGGED,2.9854e-08,3.3528e-08,29.85,3623,31.24,3792,27.96,3393,1.712,207.73,2026-10-04 18:41:12,2026-10-04 18:41:15,1.0,2.7959e-08,0.0,0.88,0.9,CLOSED,rug-liquidity-collapse,0.05,0.04122,0.824
A3bQKBR6BFsyTxTwudp11PsZoddfJhTgZJPH7rCsewyN,EGOAT,RUGGED,2.7959e-08,3.2734e-08,27.96,3393,30.5,3702,27.96,3393,1.333,161.83,2026-10-04 18:41:09,2026-10-04 18:41:11,1.1,2.7959e-08,0.0,0.89,0.92,CLOSED,rug-liquidity-collapse,0.05,0.04221,0.844
6JGxj23LidS8QWLKEVjoSTCdCATKm4LfPwiMfSoqpump,agentz402,RUGGED,2.8899e-08,3.1760e-08,28.9,3507,29.59,3592,27.99,3397,0.864,104.82,2026-10-04 18:42:15,2026-10-04 18:42:18,0.1,2.7986e-08,0.015,0,0,CLOSED,rug-liquidity-collapse,0.05,0.04355,0.871
C1qffWonzVqLE4EhhLQp7Fg5PtPMHt6rrpAB7zb5pump,KUDOS,RUGGED,3.4008e-08,3.7191e-08,34.01,4128,34.66,4206,28.29,3433,3.4,412.68,2026-10-04 18:42:00,2026-10-04 18:42:03,0.4,2.8289e-08,0.177,0.77,0.85,CLOSED,rug-liquidity-collapse,0.05,0.0376,0.752
DbVrifVgaJScBcQbA7KXTXgqPkXLBP1rfWbzaGrHpump,zuck,RUGGED,2.8329e-08,3.0406e-08,28.33,3438,28.33,3438,27.96,3393,0.198,24.03,2026-10-04 18:38:35,2026-10-04 18:38:37,3.9,2.7959e-08,0.0,0.92,0.92,CLOSED,rug-liquidity-collapse,0.05,0.04544,0.909
Df6zEafjdTWi6ceydNLyM4juf7KFY8aEcRvm9PcTpump,DCASH,RUGGED,2.8747e-08,3.0919e-08,28.75,3489,28.81,3496,28.1,3410,0.452,54.81,2026-10-04 18:36:07,2026-10-04 18:36:09,6.5,2.8098e-08,0.075,1.03,1.16,CLOSED,rug-liquidity-collapse,0.05,0.04491,0.898
G1KjjLpNFHsv9vJ45yd8sKJk4SSUj5Zss2hCnHMSpump,Bloodline,RUGGED,2.9244e-08,3.2328e-08,29.24,3549,30.12,3656,28.11,3411,1.138,138.15,2026-10-04 18:41:33,2026-10-04 18:41:35,1.1,2.8105e-08,0.078,0.9,0.92,CLOSED,rug-liquidity-collapse,0.05,0.04297,0.859
BKgZpP8hQfLo8k6cFzryp53TtuF8ncqE65QH7utpump,$ROGUE,RUGGED,2.8508e-08,1.7314e-08,28.51,3460,16.11,1955,8.41,1021,0.166,20.12,2026-10-04 18:42:27,2026-10-04 18:42:31,0.2,8.4114e-09,0.005,0,0,CLOSED,rug-liquidity-collapse,0.05,0.02398,0.48
CZggtJ1n5oFHJtQc6kJTZKQHpxL1iMWkBbiftRLMpump,Si,RUGGED,2.8329e-08,3.0406e-08,28.33,3438,28.33,3438,27.96,3393,0.198,24.03,2026-10-04 18:33:08,2026-10-04 18:33:11,9.5,2.7959e-08,0.0,0.92,0.92,CLOSED,rug-liquidity-collapse,0.05,0.04544,0.909
8gvsqExdpDBG1XPRkLDTgV41nAvtkXcBviBeWAnmpump,OATH,RUGGED,2.9830e-08,3.2016e-08,29.83,3620,29.83,3620,27.96,3393,0.988,119.87,2026-10-04 18:42:19,2026-10-04 18:42:22,0.3,2.7959e-08,0.0,1.17,1.17,CLOSED,rug-liquidity-collapse,0.05,0.04316,0.863
Ebm4raAh5eTWa1daZmt5hpdeipuxhUCrNvzUfcKTSBjA,SUPERCAT,RUGGED,3.0789e-08,3.3899e-08,30.79,3737,31.59,3834,29.34,3561,1.887,228.97,2026-10-04 18:42:46,2026-10-04 18:42:48,0.1,2.9340e-08,0.732,0,0,CLOSED,rug-liquidity-collapse,0.05,0.04278,0.855
EQxBxpvpNFwV9tRdPEdseZyTgdCm3nn2PEGeghuppump,pls ,RUGGED,2.8088e-08,3.7080e-08,28.09,3409,34.56,4194,11.91,1446,0.085,10.35,2026-10-04 18:42:37,2026-10-04 18:42:39,0.3,1.1914e-08,0.0,0.68,1.4,CLOSED,rug-liquidity-collapse,0.05,0.01588,0.318
8uEJM4K1YkjN6SkFJM66k4oVMW7PFny6zjeZfeDipump,J,RUGGED,2.8144e-08,3.0208e-08,28.14,3416,28.14,3416,28.14,3416,0.099,12.02,2026-10-04 18:38:35,2026-10-04 18:38:37,4.4,2.8144e-08,0.099,0.95,0.95,CLOSED,rug-liquidity-collapse,0.05,0.04604,0.921
Hr6cspeHJqKNbnQGMeVTLNv3YZvC1iCmuRvdiDBypump,Fear,RUGGED,2.8052e-08,3.0110e-08,28.05,3405,28.05,3405,27.96,3393,0.05,6.08,2026-10-04 18:42:09,2026-10-04 18:42:12,0.9,2.7959e-08,0.0,0.92,0.92,CLOSED,rug-liquidity-collapse,0.05,0.04589,0.918
8mo9V1SX7nDgnZTBRUi5QD44weixSS54Wi4AaefLr3Bn,VELV,RUGGED,2.7959e-08,3.7097e-08,27.96,3393,34.57,4196,28.57,3468,3.358,407.56,2026-10-04 18:42:46,2026-10-04 18:42:48,0.3,2.8572e-08,0.327,0.92,0.92,CLOSED,rug-liquidity-collapse,0.05,0.03807,0.761
44PJdMHZQpZYRJxTs33EVDQoh5P8MBzQZUqmZbfpKt2m,MORGUE,RUGGED,3.0212e-08,3.3481e-08,30.21,3667,31.2,3786,28.83,3500,1.689,205.0,2026-10-04 18:43:04,2026-10-04 18:43:06,0.1,2.8834e-08,0.466,0,0,CLOSED,rug-liquidity-collapse,0.05,0.04257,0.851
WAZuRrmC4ebjHry2WtsKTWRWSPeJU8VsSu3FVJUpump,KOTH,RUGGED,2.8328e-08,3.2220e-08,28.33,3438,30.02,3644,30.04,3646,1.086,131.86,2026-10-04 18:42:55,2026-10-04 18:42:57,0.3,3.0037e-08,1.095,1.04,1.04,CLOSED,rug-liquidity-collapse,0.05,0.04607,0.921
FEdEvE5fCosZiD3wVSpGZA1bNDrFddBrfkVqjkrZpump,horizon,RUGGED,2.7976e-08,3.0815e-08,27.98,3395,28.71,3485,29.44,3573,0.401,48.62,2026-10-04 18:40:43,2026-10-04 18:40:46,2.6,2.9441e-08,0.785,1.14,1.15,CLOSED,rug-liquidity-collapse,0.05,0.04721,0.944
7MgHaMvgxR843pLqWfzC2NJxjvUZXSEyKYHgm46pump,AI,RUGGED,3.2714e-08,3.5663e-08,32.71,3970,33.23,4033,28.38,3445,2.706,328.47,2026-10-04 18:28:48,2026-10-04 18:28:50,14.6,2.8384e-08,0.227,1.08,1.08,CLOSED,rug-liquidity-collapse,0.05,0.03934,0.787
6fJ4XgoGjTY2ruJfpyQgkgmSQ9QPPVPe1mpbifpTVDkh,DEPLOYERS,RUGGED,3.8055e-08,5.0681e-08,38.06,4619,47.24,5733,30.32,3680,8.994,1091.58,2026-10-04 18:43:10,2026-10-04 18:43:13,0.3,3.0322e-08,1.242,0.7,0.7,CLOSED,rug-liquidity-collapse,0.05,0.02958,0.592
2zpdT4VbNqVqcHq6mE33Bvt44FThNLDnHDUYy8STFLEX,REFLEX,RUGGED,2.9854e-08,3.2042e-08,29.85,3623,29.85,3623,31.98,3881,1.0,121.37,2026-10-04 18:42:47,2026-10-04 18:42:50,0.8,3.1978e-08,2.084,1.22,1.43,CLOSED,rug-liquidity-collapse,0.05,0.04932,0.986
BqzkaTHc7xtUaLD8Up4wxoDDXAzRJ1iov7vpEYvYpump,SC,RUGGED,2.8747e-08,3.0703e-08,28.75,3489,28.61,3472,27.96,3393,0.345,41.9,2026-10-04 18:43:30,2026-10-04 18:43:32,0.1,2.7959e-08,0.0,0,0,CLOSED,rug-liquidity-collapse,0.05,0.045,0.9
2y36svaryxuW6sDAUFknHzqRjbH4RMhr585u61C8ZT24,AGENTCAT,RUGGED,2.7959e-08,4.0187e-08,27.96,3393,37.45,4545,28.08,3408,4.72,572.88,2026-10-04 18:41:37,2026-10-04 18:41:39,2.0,2.8081e-08,0.065,0.81,1.06,CLOSED,rug-liquidity-collapse,0.05,0.03454,0.691
4hp5bzEBkP7TYQaifDgvoJKgG9rLa1B6JQThUmdjpump,ABUGENCY,RUGGED,3.0789e-08,4.1963e-08,30.79,3737,39.11,4746,29.59,3591,5.48,665.09,2026-10-04 18:43:02,2026-10-04 18:43:05,0.6,2.9588e-08,0.862,0.79,1.05,CLOSED,rug-liquidity-collapse,0.05,0.03486,0.697
DWEG1CRzcazfJPNWFkZjaHaqQZiNYVbc1TC92NiEinf6,SORBIT,RUGGED,2.7959e-08,3.3044e-08,27.96,3393,30.79,3737,29.01,3521,1.481,179.81,2026-10-04 18:42:48,2026-10-04 18:42:51,0.9,2.9010e-08,0.559,0.92,0.92,CLOSED,rug-liquidity-collapse,0.05,0.04339,0.868
14ckcsqzSpT7mDWx6WbaiUszKrDtVrDHZeEgFADNpump,twig,RUGGED,3.7798e-08,4.1717e-08,37.8,4588,38.88,4718,29.29,3555,5.375,652.41,2026-10-04 18:37:49,2026-10-04 18:37:52,5.9,2.9291e-08,0.706,1.6,1.6,CLOSED,rug-liquidity-collapse,0.05,0.03471,0.694
C7FaJYUuTHqaPtwg3MNYqjaC7cx6Qe1sJRziFsPx3zGM,17,RUGGED,3.1811e-08,4.0837e-08,31.81,3861,38.06,4619,27.96,3393,5.0,606.85,2026-10-04 18:43:20,2026-10-04 18:43:23,0.4,2.7959e-08,0.0,0.92,0.93,CLOSED,rug-liquidity-collapse,0.05,0.03385,0.677
QrZ4gaaZXsB3aczEiZnfQQ8tjV4Zxwk8YbivohRpump,FATHER,RUGGED,3.0212e-08,3.2425e-08,30.21,3667,30.21,3667,28.39,3445,1.185,143.85,2026-10-04 18:40:38,2026-10-04 18:40:41,3.2,2.8386e-08,0.228,0.94,0.94,CLOSED,rug-liquidity-collapse,0.05,0.04327,0.865
FymyxowaUiF6Qa3EMYohHwknRM6qdbLdQFS1xTrRpump,ANON,RUGGED,0.0000e+00,0.0000e+00,35.19,4270,0,0,30.09,3652,0,0.0,2026-10-04 10:14:59,2026-10-04 10:15:02,508.9,3.0086e-08,1.12,1.2,1.58,CLOSED,rug-liquidity-collapse,0.05,0.03939,0.788
2si5jD93XWfDcyY3j2dPgz7LCJUNszSHqDhwp9GHe6Ct,agentrooms,RUGGED,2.9854e-08,7.9225e-08,29.85,3623,73.86,8964,30.63,3717,18.759,2276.81,2026-10-04 18:29:45,2026-10-04 18:29:47,14.1,3.0629e-08,1.4,0.53,4.87,CLOSED,rug-liquidity-collapse,0.05,0.1384,2.768
BKAX3BVYMKvrUAAvcK4TNgV3baWr7MuYNJGJAa4Xf8PZ,Sparrow,RUGGED,3.1415e-08,3.9644e-08,31.41,3813,36.94,4484,29.41,3569,4.485,544.29,2026-10-04 18:41:28,2026-10-04 18:41:30,2.4,2.9406e-08,0.766,0.84,1.37,CLOSED,rug-liquidity-collapse,0.05,0.03667,0.733
4CowHdjETn48NuHsAmDQDanjFaxPL5hhUxJA71vmpump,PUNWIFHAT,RUGGED,2.8145e-08,4.2350e-08,28.15,3416,39.47,4791,37.8,4587,0.14,16.98,2026-10-04 18:43:12,2026-10-04 18:43:15,0.7,3.7797e-08,0.0,1.35,1.35,CLOSED,rug-liquidity-collapse,0.05,0.04412,0.882
FZrp3kGcy1ZUzWM54DKmFPXjDoVYQcVtsfLAjP8RUCkP,NOTALIENS,RUGGED,3.1987e-08,5.4961e-08,31.99,3882,51.23,6217,27.96,3393,10.608,1287.47,2026-10-04 18:42:07,2026-10-04 18:42:10,1.8,2.7959e-08,0.0,0.71,0.92,CLOSED,rug-liquidity-collapse,0.05,0.02515,0.503
BLvKcxmdNTaciXiSqwLRB6d5w6uESughEAn9nxhEpump,AST2,RUGGED,2.8106e-08,1.8618e-08,28.11,3411,17.33,2103,19.01,2307,0.049,5.91,2026-10-04 18:41:29,2026-10-04 18:41:32,2.5,1.9011e-08,0.0,1.4,1.6,CLOSED,rug-liquidity-collapse,0.05,0.05041,1.008
3yrHQH4badeCeC9Xcjrih96UTy4iZd7uUiJpjqyepump,Meta,RUGGED,2.7996e-08,3.1853e-08,28.0,3398,29.68,3602,28.01,3400,0.909,110.29,2026-10-04 18:43:06,2026-10-04 18:43:09,0.9,2.8011e-08,0.028,0.92,0.92,CLOSED,rug-liquidity-collapse,0.05,0.04346,0.869
HAvidx7BjYctL2CADqP487kSxc6ZzFpzeGGfjxLi6ADt,SON,RUGGED,4.7251e-08,1.1819e-07,47.25,5735,110.21,13376,32.35,3927,29.561,3587.83,2026-10-04 18:41:07,2026-10-04 18:41:10,3.0,3.2355e-08,2.272,0.37,0.99,CLOSED,rug-liquidity-collapse,0.05,0.01354,0.271
CmiJfACFtWnRbU4RiJgFKKE1DV5r2NVXZBNFBLV9pump,QUOTA,RUGGED,3.1762e-08,3.4088e-08,31.76,3855,31.76,3855,27.96,3393,1.975,239.74,2026-10-04 18:43:58,2026-10-04 18:44:01,0.1,2.7959e-08,0.0,0,0,CLOSED,rug-liquidity-collapse,0.05,0.04054,0.811
3U4rQWjDJ869xq84JWQ88uLkzxG8zyKa1opgKfGybd78,4CATS,RUGGED,2.7959e-08,1.9997e-07,27.96,3393,186.49,22635,41.13,4991,47.48,5762.66,2026-10-04 18:39:50,2026-10-04 18:39:52,4.3,4.1125e-08,6.384,0.92,1.01,CLOSED,rug-liquidity-collapse,0.05,0.01017,0.203
278cryFkBjsQQ1ZzE2W27oxyXteXdEKzYL24VC8dpump,$SLJK,RUGGED,2.8878e-08,2.7743e-08,28.88,3505,25.84,3137,3.09,375,0.467,56.71,2026-10-04 18:43:43,2026-10-04 18:43:45,0.4,3.0866e-09,0.512,0.46,0.46,CLOSED,rug-liquidity-collapse,0.05,0.00549,0.11
9SbbwARJr792L3FGaZkTbT182eDGVnHttWRTqtcpump,CHAI,RUGGED,3.4492e-08,3.7151e-08,34.49,4186,34.62,4202,27.96,3393,3.382,410.51,2026-10-04 18:30:02,2026-10-04 18:30:04,14.1,2.7959e-08,0.0,1.59,1.8,CLOSED,rug-liquidity-collapse,0.05,0.0372,0.744
7EsY7TYc3F5uRuF6xXeEDqW8d822RueDQ1Up1T6VVfmc,MORGANO,RUGGED,3.8055e-08,7.1601e-08,38.06,4619,66.75,8101,27.97,3394,16.353,1984.73,2026-10-04 18:39:57,2026-10-04 18:39:59,4.2,2.7967e-08,0.005,0.4,1.02,CLOSED,rug-liquidity-collapse,0.05,0.01932,0.386
EjtZXnhB8kB9et6oBxBMiQy7wcxxMEKdMpuzNBwypump,Nirvana,RUGGED,2.8422e-08,3.8791e-08,28.42,3450,36.15,4388,100.38,12184,0.315,38.21,2026-10-04 18:43:45,2026-10-04 18:43:47,0.5,1.0038e-07,0.148,0.86,0.86,CLOSED,rug-liquidity-collapse,0.05,0.12793,2.558
4XEtejCEdZPh6JdGGu12psfhQU8c2mSs1UrnVvE4pump,LAUNCHPAD,RUGGED,2.8508e-08,3.3662e-08,28.51,3460,31.36,3807,30.96,3758,1.775,215.41,2026-10-04 18:43:29,2026-10-04 18:43:31,0.8,3.0962e-08,1.57,1.14,1.26,CLOSED,rug-liquidity-collapse,0.05,0.04546,0.909
EYpkbRisB35YQZLsCeZLmfNHybcLLbCPidKcvp7G6hTx,DEPLOYERS,RUGGED,4.9705e-08,5.8174e-08,49.7,6033,54.22,6581,27.96,3393,11.779,1429.57,2026-10-04 18:44:11,2026-10-04 18:44:14,0.2,2.7959e-08,0.0,0,0,CLOSED,rug-liquidity-collapse,0.05,0.02377,0.475
CFPyj9yYGiNpqH9o69aBZJt3hTkDy9yahEnZH5q3Xzim,WEXO,RUGGED,2.7959e-08,3.0904e-08,27.96,3393,28.79,3495,27.96,3393,0.444,53.94,2026-10-04 18:43:55,2026-10-04 18:43:58,0.4,2.7959e-08,0.0,0.92,0.92,CLOSED,rug-liquidity-collapse,0.05,0.04471,0.894
4PnbhLZQ7GVAWH4fMtqhM6v3xNZ5SLBZ7xJdiE8spump,cap,RUGGED,2.8878e-08,2.7811e-08,28.88,3505,25.91,3144,76.83,9324,0.439,53.23,2026-10-04 18:44:03,2026-10-04 18:44:05,0.4,7.6826e-08,0.081,1.57,1.57,CLOSED,rug-liquidity-collapse,0.05,0.13649,2.73
2rEQm12c8ZES3euw1kHwEYj8Z3weKUd3fwn8B1Pvpump,DCAT,RUGGED,2.8153e-08,5.0305e-07,28.15,3417,469.39,56970,466.16,56578,1.729,209.81,2026-10-04 18:44:17,2026-10-04 18:44:19,0.2,4.6616e-07,0.0,0.92,0.92,CLOSED,rug-liquidity-collapse,0.05,0.04586,0.917
7iXvFT7KhS9W1WHb7JhXCQtk7dfeaaAEP2S5gWrfZ17T,ORVIO,RUGGED,3.0808e-08,3.8122e-08,30.81,3739,35.52,4312,28.58,3469,3.816,463.15,2026-10-04 18:43:15,2026-10-04 18:43:17,1.3,2.8581e-08,0.332,0.88,0.88,CLOSED,rug-liquidity-collapse,0.05,0.03706,0.741
H5iuLo7D4TUHaGuCDdWDxgyaZMReQxc8T33ubLtvpump,WOW,RUGGED,2.8329e-08,1.5724e-08,28.33,3438,14.63,1775,9.6,1166,0.131,15.96,2026-10-04 18:44:19,2026-10-04 18:44:22,0.2,9.6030e-09,0.0,0.77,0.77,CLOSED,rug-liquidity-collapse,0.05,0.03014,0.603
5cpnhMjoUWNFdGGv7Vz63dHb6adqxKt746Pc6evtpump,COOL,RUGGED,2.8700e-08,2.0581e-08,28.7,3483,19.16,2325,12.99,1577,0.271,32.91,2026-10-04 18:44:17,2026-10-04 18:44:20,0.5,1.2994e-08,0.629,1.62,2.31,CLOSED,rug-liquidity-collapse,0.05,0.08199,1.64
2W92UtiQ48g2kWenJbz228p7MfaDPMrpgYumxfjypump,MOUSE,RUGGED,2.8070e-08,3.0128e-08,28.07,3407,28.07,3407,39.11,4747,0.059,7.21,2026-10-04 18:44:02,2026-10-04 18:44:04,0.8,3.9115e-08,0.0,1.29,1.29,CLOSED,rug-liquidity-collapse,0.05,0.06416,1.283
5X1xHJ2ws3Uonq55GWVBwe9Jw7wos17kFmQ72hAJpump,BEYONCE,RUGGED,2.8115e-08,1.2599e-08,28.12,3412,11.71,1422,4.43,538,0.035,4.23,2026-10-04 18:44:43,2026-10-04 18:44:46,0.1,4.4314e-09,0.013,0,0,CLOSED,rug-liquidity-collapse,0.05,0.01734,0.347
F1osfL9RPvsiQSiFD1R9mLvVniw9bGh5Br1cpBM1pump,MINISTRY,RUGGED,2.9830e-08,3.3035e-08,29.83,3620,30.78,3736,28.82,3498,1.477,179.3,2026-10-04 18:44:42,2026-10-04 18:44:45,0.3,2.8820e-08,0.459,0.92,0.92,CLOSED,rug-liquidity-collapse,0.05,0.04312,0.862
HeBT7UfFDsWcqQFrP26T6YH8Cs91wa71LvFJrG5dpump,DOGE PAID,RUGGED,2.9811e-08,1.8577e-08,29.81,3618,17.29,2098,8.28,1005,0.583,70.72,2026-10-04 18:44:40,2026-10-04 18:44:43,0.4,8.2829e-09,0.074,0.84,1.13,CLOSED,rug-liquidity-collapse,0.05,0.02201,0.44
HvvAXmYTFASVFZZpjrYu2a93rvVzzpGrWx73m2Wpump,cap,RUGGED,2.8074e-08,3.7285e-08,28.07,3407,34.75,4217,339.96,41261,0.076,9.25,2026-10-04 18:39:00,2026-10-04 18:39:03,6.2,3.3996e-07,0.041,6.57,6.77,CLOSED,rug-liquidity-collapse,0.05,0.19171,3.834
2u3vQuHKhiETe9dsouUh71BThbE4jxee4W6UdWPDpump,VISR,RUGGED,3.3754e-08,3.6225e-08,33.75,4097,33.75,4097,27.96,3393,2.963,359.61,2026-10-04 18:34:43,2026-10-04 18:34:46,10.6,2.7959e-08,0.0,0.93,0.93,CLOSED,rug-liquidity-collapse,0.05,0.03815,0.763
Bv9h4SiEgK7EJrg8cN8KvKV9e5BBot8fDDuLeXvMpump,BULLSHIT,RUGGED,2.9830e-08,3.6358e-08,29.83,3620,33.88,4112,29.01,3520,3.023,366.95,2026-10-04 18:44:23,2026-10-04 18:44:25,0.9,2.9005e-08,0.556,0.85,0.88,CLOSED,rug-liquidity-collapse,0.05,0.03943,0.789
9PV2XRg1rudS3FFBVcTDwvTJeRJsRZxmcZFgrsJ8YB7q,NUTS,RUGGED,3.8055e-08,3.8312e-08,38.06,4619,35.7,4333,30.79,3737,3.9,473.38,2026-10-04 18:45:05,2026-10-04 18:45:08,0.2,3.0789e-08,1.481,1.05,1.05,CLOSED,rug-liquidity-collapse,0.05,0.03972,0.794
GsPV1wtyEZ7cYi9ExdCZwpML57GkNQbm4mr5xWGypump,SON,RUGGED,2.8033e-08,3.0088e-08,28.03,3402,28.03,3402,27.96,3393,0.04,4.79,2026-10-04 18:43:44,2026-10-04 18:43:47,1.6,2.7959e-08,0.0,0.92,0.92,CLOSED,rug-liquidity-collapse,0.05,0.04592,0.918
9VFTv6ozvaNpqmeEtcdMp9KqJcWG8mpgiaLVJHKrpump,SOLMATES,RUGGED,3.5808e-08,4.0051e-08,35.81,4346,37.32,4530,27.97,3395,4.661,565.75,2026-10-04 18:43:59,2026-10-04 18:44:01,1.4,2.7973e-08,0.008,0.88,0.88,CLOSED,rug-liquidity-collapse,0.05,0.03453,0.69
8mgyU2WhKDL3BqTcRCcdfUraUbSgzRrQGw858dHEpump,TRENDZ,RUGGED,2.8747e-08,3.1554e-08,28.75,3489,29.4,3568,27.96,3393,0.763,92.62,2026-10-04 18:45:13,2026-10-04 18:45:15,0.1,2.7959e-08,0.0,0,0,CLOSED,rug-liquidity-collapse,0.05,0.04379,0.876
3t7WFyJessPPH6At5Mqe4FmMRqSF7TsuRqeauqZBpump,SOL ,RUGGED,2.8144e-08,3.0208e-08,28.14,3416,28.14,3416,27.96,3393,0.099,12.02,2026-10-04 18:43:42,2026-10-04 18:43:45,1.7,2.7959e-08,0.0,0.92,0.92,CLOSED,rug-liquidity-collapse,0.05,0.04574,0.915
6JK9qhFMS6RcZ2p263cLMHw9XenLfbM3o5GppubGpump,SON,RUGGED,2.9625e-08,2.8322e-08,29.63,3596,26.38,3202,5.04,611,0.785,95.23,2026-10-04 18:45:16,2026-10-04 18:45:18,0.3,5.0367e-09,0.178,0.89,1.42,CLOSED,rug-liquidity-collapse,0.05,0.00878,0.176
9xnEVZKJ17uFgFVnJQEmZQb4Psps8dtZbVLPnBGGpump,MEMEYARD,RUGGED,3.1273e-08,3.6333e-08,31.27,3796,33.86,4109,27.98,3395,3.012,365.61,2026-10-04 18:40:57,2026-10-04 18:40:59,4.7,2.7976e-08,0.009,0.85,0.85,CLOSED,rug-liquidity-collapse,0.05,0.03806,0.761
EyHCwdo5SydF1Dy7Fb6jmMMwuGiqHWouXs7wDZJpqp6r,MOM,RUGGED,2.7959e-08,3.3094e-08,27.96,3393,30.84,3743,27.96,3393,1.505,182.72,2026-10-04 18:43:40,2026-10-04 18:43:43,2.1,2.7959e-08,0.0,0.9,0.91,CLOSED,rug-liquidity-collapse,0.05,0.04176,0.835
8MfxvScmp58MME3pGNtpCnvL7ZfFMUNfkx5SxZDqpump,PAECU,RUGGED,3.3754e-08,4.9172e-08,33.75,4097,45.83,5562,27.98,3397,8.409,1020.54,2026-10-04 18:45:17,2026-10-04 18:45:20,0.4,2.7985e-08,0.014,0.85,0.88,CLOSED,rug-liquidity-collapse,0.05,0.02814,0.563
Yofkpg9xgpxcMKvKNADoNSHJikaq54k2ozgkz5Ypump,$WIN,RUGGED,2.8005e-08,3.0847e-08,28.01,3399,28.74,3488,27.96,3393,0.416,50.54,2026-10-04 18:24:04,2026-10-04 18:24:07,21.7,2.7959e-08,0.0,0.92,0.92,CLOSED,rug-liquidity-collapse,0.05,0.04479,0.896
J9ir9H7XYXxEu8dAEr48HrA48msuibG235BxoJXWpump,Nirvana,RUGGED,2.8422e-08,2.0845e-08,28.42,3450,19.41,2355,2.67,325,0.169,20.51,2026-10-04 18:45:40,2026-10-04 18:45:42,0.1,2.6741e-09,0.048,0,0,CLOSED,rug-liquidity-collapse,0.05,0.00633,0.127
H2oBD28cuzgoqsK2VhFqpPgPVYTkv4jGf8kP1TTFpump,MESSI,RUGGED,2.8068e-08,3.1653e-08,28.07,3407,29.49,3580,4.55,552,0.062,7.48,2026-10-04 18:44:54,2026-10-04 18:44:57,0.9,4.5495e-09,0.007,0.27,1.04,CLOSED,rug-liquidity-collapse,0.05,0.0071,0.142
BJUm26uojtXheN4CTb9LHEyb3pAAXDJJUHRBMtTjpump,RSR⠀⠀,RUGGED,2.9810e-08,3.3229e-08,29.81,3618,30.96,3758,29.0,3520,1.57,190.49,2026-10-04 18:45:39,2026-10-04 18:45:42,0.2,2.9004e-08,0.555,0.92,0.92,CLOSED,rug-liquidity-collapse,0.05,0.04314,0.863
FDCg7UtZqR8XYWYvvg2DWQH78jfPksGaPpMsXQDLpump,SC,RUGGED,2.9834e-08,4.0191e-08,29.83,3621,37.45,4546,28.62,3474,4.722,573.09,2026-10-04 18:43:14,2026-10-04 18:43:16,2.8,2.8625e-08,0.355,0.76,0.96,CLOSED,rug-liquidity-collapse,0.05,0.03521,0.704
G8tcwajs3eBR34DYRj5rxCveNxvqcuXFY9QoQ9dL685W,John,RUGGED,3.5912e-08,6.5259e-08,35.91,4359,60.83,7383,30.79,3737,14.251,1729.69,2026-10-04 18:45:04,2026-10-04 18:45:07,0.9,3.0789e-08,1.481,0.59,0.88,CLOSED,rug-liquidity-collapse,0.05,0.02333,0.467
7qq6YmUZ1vT26A5TSeBgZHZWAzE7esUUvpkCJyCRpump,RR,RUGGED,2.8079e-08,3.8753e-08,28.08,3408,36.12,4384,73.21,8886,0.083,10.02,2026-10-04 18:45:45,2026-10-04 18:45:48,0.2,7.3211e-08,0.033,1.7,1.7,CLOSED,rug-liquidity-collapse,0.05,0.0934,1.868
bPoDrQ2Dsk3vLN37XbTniB45S7SY6ce3XaPfSvupump,PET,RUGGED,2.8983e-08,3.1524e-08,28.98,3518,29.37,3565,28.13,3415,0.748,90.84,2026-10-04 18:22:11,2026-10-04 18:22:14,23.8,2.8135e-08,0.094,0.91,0.93,CLOSED,rug-liquidity-collapse,0.05,0.04411,0.882
8723nQAxWU85KkNMpTJmL7DhwQV1fjv2ohB92hdwpump,APOLLO,RUGGED,2.9854e-08,3.3091e-08,29.85,3623,30.83,3742,28.06,3406,1.504,182.52,2026-10-04 18:31:33,2026-10-04 18:31:36,14.6,2.8063e-08,0.056,1.18,1.18,CLOSED,rug-liquidity-collapse,0.05,0.04192,0.838
Ha2Zb4xj5Y2hJvicy7wMck5gM2msXThnA7xJpWfFpump,Slop,RUGGED,2.9074e-08,3.1206e-08,29.07,3529,29.07,3529,27.96,3393,0.593,71.92,2026-10-04 18:45:33,2026-10-04 18:45:35,0.7,2.7959e-08,0.0,0.92,0.92,CLOSED,rug-liquidity-collapse,0.05,0.04428,0.885
BVLsQELGe3tjtrRmSUemrXXKMzpaQ6V8yXsESPGSfUeP,agentrooms,RUGGED,2.9830e-08,3.2016e-08,29.83,3620,29.83,3620,27.96,3393,0.988,119.87,2026-10-04 18:45:44,2026-10-04 18:45:47,0.5,2.7959e-08,0.0,0.89,0.92,CLOSED,rug-liquidity-collapse,0.05,0.04316,0.863
Hs9a6XVz8XERXkJAZD1vnC3bqPFpw563emPii9iwEFR,QUOTA,RUGGED,3.3830e-08,3.6306e-08,33.83,4106,33.83,4106,27.96,3393,3.0,364.11,2026-10-04 18:45:57,2026-10-04 18:46:00,0.3,2.7959e-08,0.0,0.92,0.92,CLOSED,rug-liquidity-collapse,0.05,0.03807,0.761
CfUfwZ17ovFjx1CL1zVcZ9NMsLfhqjije1V3Xnhgpump,NUBI,RUGGED,2.8747e-08,3.0605e-08,28.75,3489,28.51,3461,27.96,3393,0.296,35.96,2026-10-04 18:46:11,2026-10-04 18:46:13,0.1,2.7959e-08,0.0,0,0,CLOSED,rug-liquidity-collapse,0.05,0.04515,0.903
DjbhwrpKLbXx1GxbKE4DRDPndvHqcbLLZumU7aprpump,DIGGER,RUGGED,2.8051e-08,3.0108e-08,28.05,3405,28.05,3405,27.96,3393,0.049,5.99,2026-10-04 18:45:27,2026-10-04 18:45:29,0.9,2.7959e-08,0.0,0.92,0.92,CLOSED,rug-liquidity-collapse,0.05,0.04589,0.918
FbELMusDrbmR6G2MswNHvriay6FBJn6zW1yyPYSXpump,DOOROC,RUGGED,2.9811e-08,1.8040e-08,29.81,3618,16.79,2038,12.23,1485,0.564,68.42,2026-10-04 18:46:10,2026-10-04 18:46:13,0.2,1.2234e-08,0.294,0.9,0.9,CLOSED,rug-liquidity-collapse,0.05,0.03348,0.669
EhueF7cUaL4mTLNpFyHpLYHWBwYNa5UtzfdXoppMJ9kd,NICK,RUGGED,3.1415e-08,4.0226e-08,31.41,3813,37.49,4550,27.97,3395,4.737,574.97,2026-10-04 18:46:07,2026-10-04 18:46:09,0.4,2.7969e-08,0.005,0.81,0.91,CLOSED,rug-liquidity-collapse,0.05,0.03437,0.687
9AxXqo79NwCSbc1B1Zkk3RLtnJzXMBx9gR9EhvbDDjUz,AGENT,RUGGED,2.7959e-08,3.1786e-08,27.96,3393,29.62,3594,28.13,3415,0.876,106.31,2026-10-04 18:46:18,2026-10-04 18:46:21,0.2,2.8133e-08,0.093,0.89,0.89,CLOSED,rug-liquidity-collapse,0.05,0.04374,0.875
7evCuwijfdVAqJxkLgmyPcc1p3Z7HWVeBFUYH2A4pump,AGENTCOMMUNI,RUGGED,2.8887e-08,3.1005e-08,28.89,3506,28.89,3506,28.01,3400,0.494,59.94,2026-10-04 18:45:28,2026-10-04 18:45:30,1.1,2.8012e-08,0.028,0.92,0.93,CLOSED,rug-liquidity-collapse,0.05,0.04465,0.893
F22mLtPHUu9Q4WEvvFgdLbRGRmypUba6hyo71xXLpump,DOLLY,RUGGED,2.8070e-08,1.9894e-08,28.07,3407,18.52,2248,17.7,2148,0.039,4.75,2026-10-04 18:45:53,2026-10-04 18:45:56,0.7,1.7696e-08,0.037,3.23,3.23,CLOSED,rug-liquidity-collapse,0.05,0.08209,1.642
HkGd5py2EamXggPNgNp66AM8Z868jYE8XFyvcW7vpump,SON,RUGGED,2.8070e-08,4.5322e-08,28.07,3407,42.25,5128,2.34,284,0.089,10.83,2026-10-04 18:46:00,2026-10-04 18:46:03,0.6,2.3419e-09,0.009,0.08,0.61,CLOSED,rug-liquidity-collapse,0.05,0.00255,0.051
29PCBJ3PbYUcX5mbVqpY9mfAWWLBDfktyVAVa2EBEi2i,TRENDZ,RUGGED,2.7987e-08,3.0350e-08,27.99,3397,28.28,3432,27.97,3394,0.17,20.62,2026-10-04 18:45:46,2026-10-04 18:45:48,0.9,2.7967e-08,0.004,0.93,0.93,CLOSED,rug-liquidity-collapse,0.05,0.04554,0.911
3zrcotRrne24E3Bcx685w2cf9ZzS5PXA8gPexokHpump,QUOTA,RUGGED,3.1762e-08,3.4088e-08,31.76,3855,31.76,3855,28.63,3475,1.975,239.74,2026-10-04 18:45:59,2026-10-04 18:46:02,0.8,2.8629e-08,0.357,0.94,0.94,CLOSED,rug-liquidity-collapse,0.05,0.04151,0.83
7rDiqfDh2UZw5KxetFW8ZwdtsM3qk8VCtvVJefNWpump,pickaxe,RUGGED,2.8143e-08,3.0977e-08,28.14,3416,28.86,3503,27.96,3393,0.48,58.31,2026-10-04 18:24:58,2026-10-04 18:25:01,21.8,2.7959e-08,0.0,0.91,0.92,CLOSED,rug-liquidity-collapse,0.05,0.0446,0.892
8oojApqrMgDjxz9KPQunT9kLCacpZoBotU5roPF7pump,gj,RUGGED,2.9077e-08,3.1208e-08,29.08,3529,29.08,3529,26.05,3162,0.594,72.09,2026-10-04 18:46:00,2026-10-04 18:46:03,0.8,2.6050e-08,0.0,0.86,0.92,CLOSED,rug-liquidity-collapse,0.05,0.04125,0.825
3Pz9xaWQJS3kEf1Nn9X8EupVR3qNqNmukN1vacDzpump,ante,RUGGED,2.9830e-08,3.2879e-08,29.83,3620,30.63,3718,27.96,3393,1.403,170.26,2026-10-04 18:44:46,2026-10-04 18:44:48,2.1,2.7959e-08,0.0,0.9,0.9,CLOSED,rug-liquidity-collapse,0.05,0.04203,0.84
BBm1rSRzpCeP9ZPoeReUdqheZqypFMYeJ1ahAjc5pump,NUBI,RUGGED,2.9830e-08,3.3343e-08,29.83,3620,31.07,3771,29.08,3530,1.624,197.08,2026-10-04 18:46:40,2026-10-04 18:46:42,0.2,2.9081e-08,0.596,0.92,0.92,CLOSED,rug-liquidity-collapse,0.05,0.04311,0.862
D9FdpPLQoXhHhYYyDbF4YygDNUBWixySXUwrNCvruRGb,GROUND,RUGGED,2.7959e-08,3.0904e-08,27.96,3393,28.79,3495,27.96,3393,0.444,53.94,2026-10-04 18:46:30,2026-10-04 18:46:32,0.4,2.7959e-08,0.0,0.92,0.92,CLOSED,rug-liquidity-collapse,0.05,0.04471,0.894
ASxqBsfSx2H1gXd7x9xXHSqFKcoK7K6eTTJbwmXupump,$GRAMPS,RUGGED,2.8508e-08,3.5971e-08,28.51,3460,33.52,4069,52.94,6425,0.345,41.86,2026-10-04 18:46:42,2026-10-04 18:46:45,0.3,5.2940e-08,0.01,1.22,1.22,CLOSED,rug-liquidity-collapse,0.05,0.07275,1.455
D3emtWZv1g7YiDw4czo5Hw5XkWPyJW5Zwxporuqtpump,ROOMSCAT,RUGGED,2.8153e-08,5.0306e-07,28.15,3417,469.4,56971,466.16,56578,1.733,210.34,2026-10-04 18:46:41,2026-10-04 18:46:44,0.3,4.6616e-07,0.0,0.92,0.92,CLOSED,rug-liquidity-collapse,0.05,0.04586,0.917
26YayqMygi8jG6PpQ2Yitymo2xpWtjHwSZtpUvpMpump,root,RUGGED,2.8143e-08,3.0217e-08,28.14,3416,28.15,3417,27.97,3394,0.104,12.58,2026-10-04 18:46:19,2026-10-04 18:46:22,0.7,2.7968e-08,0.005,0.92,0.92,CLOSED,rug-liquidity-collapse,0.05,0.04574,0.915
ChvZx6RLiv9aEehJAsWgHo1Qwt4Uui9W1mUD7GQapump,LAUNCHPAD,RUGGED,2.8693e-08,3.0796e-08,28.69,3482,28.69,3482,27.96,3393,0.391,47.46,2026-10-04 18:46:24,2026-10-04 18:46:27,0.8,2.7959e-08,0.0,0.92,0.92,CLOSED,rug-liquidity-collapse,0.05,0.04487,0.897
yvdwavZGMraRZusT54K9yBZh4ehLheqTtGsPmCspump,DRAGONB,RUGGED,2.8328e-08,2.0503e-08,28.33,3438,19.09,2317,3.9,473,0.136,16.55,2026-10-04 18:46:25,2026-10-04 18:46:27,0.7,3.8993e-09,0.037,0.29,1.02,CLOSED,rug-liquidity-collapse,0.05,0.00939,0.188
D2HEKPyxAQuKing8xJa3B1VCAfhYH1Gp7wuEMjVFTz1o,root,RUGGED,2.8521e-08,3.0612e-08,28.52,3462,28.52,3462,27.96,3393,0.3,36.41,2026-10-04 18:46:37,2026-10-04 18:46:40,0.6,2.7959e-08,0.0,0.92,0.92,CLOSED,rug-liquidity-collapse,0.05,0.04514,0.903
CiswCaeqXzCdthDjX7ZDMubi6nDHhhjD5R3uPfTfpump,Mr Beast,RUGGED,2.9716e-08,4.2447e-08,29.72,3607,39.56,4801,29.72,3607,5.684,689.86,2026-10-04 18:25:23,2026-10-04 18:25:26,21.8,2.9716e-08,0.928,0.92,0.92,CLOSED,rug-liquidity-collapse,0.05,0.03461,0.692
26Yb8ka28E7prRssGPn4rHPJuyVYyz9tQUZGQ4LLpump,TRAP,RUGGED,2.8051e-08,3.0108e-08,28.05,3405,28.05,3405,27.96,3393,0.049,5.99,2026-10-04 18:46:52,2026-10-04 18:46:55,0.5,2.7959e-08,0.0,0.92,0.92,CLOSED,rug-liquidity-collapse,0.05,0.04589,0.918
Hy31JYTP12hvS9sHypKjsBManuuBr2PdRUWMws9fpump,BailPad,RUGGED,2.8804e-08,5.8959e-08,28.8,3496,54.96,6670,31.96,3879,12.06,1463.7,2026-10-04 18:46:56,2026-10-04 18:46:58,0.4,3.1959e-08,2.074,0.89,0.89,CLOSED,rug-liquidity-collapse,0.05,0.0268,0.536
EFpDGGR9qsAsYbQyAq9rAYosGU7kEGBPPHEM3C1Kpump,ROOMSCAT,RUGGED,2.8153e-08,5.0306e-07,28.15,3417,469.4,56971,466.16,56578,1.733,210.29,2026-10-04 18:47:18,2026-10-04 18:47:21,0.1,4.6616e-07,0.0,0,0,CLOSED,rug-liquidity-collapse,0.05,0.04586,0.917
8WBhesdESSiJ7wueJ6NnKMUSVzyfzLSWc25Ssnzspump,WLS,RUGGED,3.4001e-08,3.7420e-08,34.0,4127,34.87,4232,27.96,3393,3.503,425.14,2026-10-04 18:47:21,2026-10-04 18:47:23,0.1,2.7959e-08,0.0,0,0,CLOSED,rug-liquidity-collapse,0.05,0.03693,0.739
8JbEereTW7FJxrqRiD2dRh72yUMhrvFCBxKMQKbrpump,WORTHLESS,RUGGED,4.1309e-08,7.5114e-07,41.31,5014,700.89,85067,466.16,56578,113.135,13731.2,2026-10-04 18:47:18,2026-10-04 18:47:21,0.2,4.6616e-07,0.0,0.91,0.91,CLOSED,rug-liquidity-collapse,0.05,0.03071,0.614
4tXdxTNJbwXBdLdp3XH74tqUTgsWWAtM4ExRerQ9pump,chud,RUGGED,2.8515e-08,3.0606e-08,28.52,3461,28.52,3461,27.96,3393,0.297,36.05,2026-10-04 18:34:57,2026-10-04 18:34:59,12.6,2.7959e-08,0.0,0.92,0.95,CLOSED,rug-liquidity-collapse,0.05,0.04515,0.903
DCLm5PMG1dL5P57z6X3du9p1TC52pDYuuywBwGekpump,fg,RUGGED,2.9811e-08,9.6101e-08,29.81,3618,89.63,10878,71.36,8661,2.935,356.22,2026-10-04 18:47:25,2026-10-04 18:47:27,0.1,7.1361e-08,0.0,0,0,CLOSED,rug-liquidity-collapse,0.05,0.03673,0.735
Dci4ixWfxcXdWELqVpVcLiZ7XD3CNNysV8qitJfgpump,DOC,RUGGED,2.8328e-08,3.0405e-08,28.33,3438,28.33,3438,27.96,3393,0.198,23.97,2026-10-04 18:46:14,2026-10-04 18:46:17,1.4,2.7959e-08,0.0,0.92,0.92,CLOSED,rug-liquidity-collapse,0.05,0.04544,0.909
8T9JJWVhJQuz7gpBY2owVBUffiDH9XzsLeWzKkSBJkfy,VEIL,RUGGED,2.7959e-08,3.2940e-08,27.96,3393,30.69,3725,28.98,3517,1.432,173.81,2026-10-04 18:47:27,2026-10-04 18:47:30,0.2,2.8979e-08,0.542,0.92,0.92,CLOSED,rug-liquidity-collapse,0.05,0.04348,0.869
AjBKP8tBcKxEMEPqKrX2RomQi9Z1KEmji7Fb5UJMpump,$CAT,RUGGED,2.9811e-08,3.2654e-08,29.81,3618,30.43,3693,28.59,3470,1.017,123.43,2026-10-04 18:47:34,2026-10-04 18:47:36,0.1,2.8593e-08,0.004,0,0,CLOSED,rug-liquidity-collapse,0.05,0.04328,0.865
G5VtC5Tm2QwEvkTNsFMQoSVZxoGM4vH1HipkNH2pump,catpeonsol,RUGGED,2.7961e-08,3.0808e-08,27.96,3394,28.7,3484,27.96,3394,0.397,48.19,2026-10-04 18:46:57,2026-10-04 18:47:00,0.8,2.7961e-08,0.001,0.92,0.92,CLOSED,rug-liquidity-collapse,0.05,0.04485,0.897
Dv9fT2D759qCh3PVR2GN4dithzfkDpVw3umKyk8Z1mPQ,snailcat,RUGGED,3.1811e-08,3.6358e-08,31.81,3861,33.88,4112,27.96,3393,3.024,366.97,2026-10-04 18:47:16,2026-10-04 18:47:18,0.5,2.7959e-08,0.0,0.94,0.94,CLOSED,rug-liquidity-collapse,0.05,0.03801,0.76
FcrpF46fJfyX7xyD2FiRFo1nryWCbwSnRh1h2ecfpump,MOOSON,RUGGED,2.8154e-08,2.4323e-08,28.15,3417,22.65,2749,41.95,5092,0.084,10.22,2026-10-04 18:46:15,2026-10-04 18:46:18,1.6,4.1951e-08,0.0,1.72,1.72,CLOSED,rug-liquidity-collapse,0.05,0.08521,1.704
JDwFQ4YjtW1aCrfDsYYmbcZjKW5X1Byaq5239DAupump,LAYAWAY,RUGGED,3.1176e-08,4.3750e-08,31.18,3784,40.77,4949,28.03,3402,6.228,755.88,2026-10-04 18:46:30,2026-10-04 18:46:32,1.3,2.8033e-08,0.04,0.66,1.15,CLOSED,rug-liquidity-collapse,0.05,0.03168,0.633
CJV1gTGRYUgN1egWft59TVGLBuTaUb2StABYY5iB1fUs,AGENTCAT,RUGGED,2.7959e-08,4.0082e-08,27.96,3393,37.35,4533,30.97,3759,4.675,567.4,2026-10-04 18:47:42,2026-10-04 18:47:44,0.2,3.0968e-08,1.573,0,0,CLOSED,rug-liquidity-collapse,0.05,0.03819,0.764
EJMkMNPCYSaQcKGHTSvsJ5xM4sriaHxVvVSHyh1kpump,astra,RUGGED,2.8051e-08,3.1914e-08,28.05,3405,29.74,3609,28.07,3407,0.938,113.89,2026-10-04 18:47:00,2026-10-04 18:47:02,1.0,2.8069e-08,0.059,0.92,0.93,CLOSED,rug-liquidity-collapse,0.05,0.04347,0.869
EYL2ViMhYtzyKETj6bR1g5gHbs4j7sE2t7k4WX8Jpump,Stim,RUGGED,3.0217e-08,3.2431e-08,30.22,3667,30.22,3667,28.03,3402,1.188,144.15,2026-10-04 18:36:58,2026-10-04 18:37:00,11.0,2.8029e-08,0.038,0.92,0.92,CLOSED,rug-liquidity-collapse,0.05,0.04272,0.854
Hf8Q7iJ32qpxen6MUYjVSAoNRHHYYMXKxULACvzHpump,HFAI,RUGGED,2.9830e-08,3.2016e-08,29.83,3620,29.83,3620,27.96,3393,0.988,119.87,2026-10-04 18:40:54,2026-10-04 18:40:57,7.2,2.7959e-08,0.0,2.87,2.88,CLOSED,rug-liquidity-collapse,0.05,0.10381,2.076
BRcY5w3cNTkfsNJPuQD6bTx7n6837fPrtt9a1eBuvC3M,GROUND,RUGGED,3.0212e-08,3.3272e-08,30.21,3667,31.0,3763,28.66,3479,1.59,193.01,2026-10-04 18:47:55,2026-10-04 18:47:57,0.2,2.8662e-08,0.375,0.91,0.91,CLOSED,rug-liquidity-collapse,0.05,0.04258,0.851
9q7EA7DQiuKg7Mu4XZxxPNaHMqSY4Lo9WwXckBFcNU3w,MOON,RUGGED,2.7959e-08,3.5334e-08,27.96,3393,32.92,3996,28.69,3482,2.555,310.08,2026-10-04 18:48:01,2026-10-04 18:48:03,0.1,2.8686e-08,0.388,0,0,CLOSED,rug-liquidity-collapse,0.05,0.04013,0.802
2NPLWNiZvx4UWCS9Pnm7iiq466VCCmpZEimy9rAGE3f3,VALE,RUGGED,2.7978e-08,3.4934e-08,27.98,3396,32.55,3951,29.49,3579,2.37,287.62,2026-10-04 18:48:01,2026-10-04 18:48:04,0.2,2.9490e-08,0.811,0,0,CLOSED,rug-liquidity-collapse,0.05,0.04172,0.834
6YPcfm9Wo4Yz98F7T1QZM8LpsZGeyefmbqwNdT3nkKrA,Launchpoop,RUGGED,3.2210e-08,5.0762e-08,32.21,3909,47.31,5742,28.53,3463,9.025,1095.38,2026-10-04 18:44:02,2026-10-04 18:44:05,4.2,2.8529e-08,0.304,0.66,1.67,CLOSED,rug-liquidity-collapse,0.05,0.02779,0.556
BjQvkBdfnYPVwQaM8NHwL9Mqi8g6e2VQSn9tsATbGzBb,EI,RUGGED,3.8055e-08,3.0114e-08,38.06,4619,28.06,3405,27.96,3393,0.053,6.37,2026-10-04 18:48:07,2026-10-04 18:48:10,0.2,2.7959e-08,0.0,0,0,CLOSED,rug-liquidity-collapse,0.05,0.04588,0.918
8V61hGeCmJAPjcMA8fNaTvnUXQHRyaNEq3fX5JF291uC,EI,RUGGED,3.3830e-08,4.6875e-08,33.83,4106,43.69,5302,27.96,3393,7.5,910.28,2026-10-04 18:48:08,2026-10-04 18:48:12,0.2,2.7959e-08,0.0,0,0,CLOSED,rug-liquidity-collapse,0.05,0.02949,0.59
FbDSB8ex5mLYdboXFZRDVjhFSCFEprXAF68ERkvmPfo9,DEPLOYERS,RUGGED,2.9830e-08,3.2016e-08,29.83,3620,29.83,3620,27.96,3393,0.988,119.87,2026-10-04 18:47:48,2026-10-04 18:47:51,0.5,2.7959e-08,0.0,0.89,0.92,CLOSED,rug-liquidity-collapse,0.05,0.04316,0.863
7QAayZR6qNgPmGUqTidqSmnrk1vu9uPhbzTPkGEEpump,LaunchSlop,RUGGED,2.8052e-08,3.0110e-08,28.05,3405,28.05,3405,27.96,3393,0.05,6.08,2026-10-04 18:47:37,2026-10-04 18:47:40,0.8,2.7959e-08,0.0,0.92,0.92,CLOSED,rug-liquidity-collapse,0.05,0.04589,0.918
9KvdBb5j6hP8inBmLmCYodoqLwQx7CLKvWxFZHqqpump,Marina,RUGGED,2.8433e-08,5.0480e-08,28.43,3451,47.06,5712,48.95,5941,0.419,50.91,2026-10-04 18:48:14,2026-10-04 18:48:17,0.1,4.8946e-08,0.0,0,0,CLOSED,rug-liquidity-collapse,0.05,0.04795,0.959
53fwjt9NnzabVnbREnddB68UcqvwK8opgf7kdFzzpump,DEVCAT,RUGGED,2.9830e-08,3.3425e-08,29.83,3620,31.14,3780,29.08,3529,1.663,201.82,2026-10-04 18:48:09,2026-10-04 18:48:12,0.2,2.9080e-08,0.596,0.92,0.92,CLOSED,rug-liquidity-collapse,0.05,0.043,0.86
5sGmtprPmeVp1NyPzgq1NGPSNXhB888byYHBMU4fpump,$BAD,RUGGED,2.8416e-08,8.8746e-09,28.42,3449,8.24,1000,14.73,1788,0.071,8.6,2026-10-04 18:48:16,2026-10-04 18:48:18,0.1,1.4732e-08,0.0,0,0,CLOSED,rug-liquidity-collapse,0.05,0.08174,1.635
2tw4z2dJhDJczNgvHzwWdT7evRyzkFthbMYgochPv3Hx,EI,RUGGED,3.1811e-08,4.0837e-08,31.81,3861,38.06,4619,27.96,3393,5.0,606.85,2026-10-04 18:48:07,2026-10-04 18:48:09,0.3,2.7959e-08,0.0,0.92,0.92,CLOSED,rug-liquidity-collapse,0.05,0.03385,0.677
351VQio3RHX1RsnUPw4JmmQgwVo6GFLdH1oWKEFmpump,JEANAGENCY,RUGGED,2.8747e-08,3.1519e-08,28.75,3489,29.37,3564,27.96,3393,0.746,90.54,2026-10-04 18:48:18,2026-10-04 18:48:20,0.1,2.7959e-08,0.0,0,0,CLOSED,rug-liquidity-collapse,0.05,0.04384,0.877
HLz66vcEUHciV4qzPKGqUbb6JcoPV3XSzAqXn41pump,BALLS,RUGGED,2.8070e-08,2.9899e-08,28.07,3407,27.86,3381,6.42,779,0.059,7.14,2026-10-04 18:47:32,2026-10-04 18:47:35,0.9,6.4192e-09,0.014,0.39,0.95,CLOSED,rug-liquidity-collapse,0.05,0.01061,0.212
CbidtYYrn23YbohvR66KgVk2s62JyMTmMAiBtERVuWQE,EI,RUGGED,3.1811e-08,4.0865e-08,31.81,3861,38.08,4622,27.96,3393,5.012,608.35,2026-10-04 18:48:10,2026-10-04 18:48:13,0.3,2.7959e-08,0.0,0.92,0.92,CLOSED,rug-liquidity-collapse,0.05,0.03382,0.676
FgmkCprKp8unGR9SMounEMntgZgYFRf64W1AhEFjpump,TRENDINGS,RUGGED,3.1176e-08,3.3460e-08,31.18,3784,31.18,3784,27.96,3393,1.679,203.78,2026-10-04 18:46:01,2026-10-04 18:46:03,2.6,2.7959e-08,0.0,0.92,0.92,CLOSED,rug-liquidity-collapse,0.05,0.0413,0.826
DcAEGcf7Rbv6c8A37W5iouHgQjBNjpjVWs1BJLBBSJvK,snailcat,RUGGED,3.1811e-08,3.3981e-08,31.81,3861,31.66,3843,27.96,3393,1.925,233.68,2026-10-04 18:47:57,2026-10-04 18:47:59,0.6,2.7959e-08,0.0,1.1,1.12,CLOSED,rug-liquidity-collapse,0.05,0.04067,0.813
7y6pLLH53U3RiPpHhJTCCpcEqHGwgnpwoedjEs5pump,RR,RUGGED,2.8088e-08,2.4604e-08,28.09,3409,22.92,2781,1.42,173,0.056,6.85,2026-10-04 18:47:55,2026-10-04 18:47:57,0.7,1.4219e-09,0.019,0.12,0.37,CLOSED,rug-liquidity-collapse,0.05,0.00285,0.057
EZoY51WerU1v4eLiirBiE8KCBhmHvVG4SLagvoGApump,god,RUGGED,2.8422e-08,3.0506e-08,28.42,3450,28.42,3450,27.96,3393,0.248,30.04,2026-10-04 18:44:57,2026-10-04 18:44:59,3.7,2.7959e-08,0.0,0.92,0.92,CLOSED,rug-liquidity-collapse,0.05,0.04529,0.906
71GC9k1qYCab6zxEyfbB9zCA5hjBM9GgwqE931r3D3tu,Forge,RUGGED,2.8887e-08,3.5220e-08,28.89,3506,32.82,3983,27.96,3393,2.503,303.73,2026-10-04 18:47:14,2026-10-04 18:47:17,1.4,2.7959e-08,0.0,0.93,1.04,CLOSED,rug-liquidity-collapse,0.05,0.03924,0.785
7vyp2imfxawhqyCZj3MQnZ1mY1hxrWqYVArWxAYBpump,Post,RUGGED,3.7921e-08,5.3013e-08,37.92,4602,49.41,5997,28.12,3413,9.881,1199.29,2026-10-04 18:47:07,2026-10-04 18:47:10,1.6,2.8119e-08,0.086,0.8,0.83,CLOSED,rug-liquidity-collapse,0.05,0.02623,0.524
DSnXYeLXEDsv11X6aJVZqAkEZpmw1fKDqAhGMGK4pump,$hundo,RUGGED,2.8144e-08,2.3780e-08,28.14,3416,22.15,2688,3.57,433,0.078,9.46,2026-10-04 18:48:00,2026-10-04 18:48:03,0.8,3.5691e-09,0.017,0.57,2.91,CLOSED,rug-liquidity-collapse,0.05,0.07113,1.422
56uPCbPsjDCs1Eg64yND7nUMQE7HQ5cJSne7k89Apump,SHEEPSHEAD,RUGGED,2.9031e-08,3.5402e-08,29.03,3524,32.99,4004,27.96,3393,2.586,313.91,2026-10-04 18:40:46,2026-10-04 18:40:49,8.1,2.7959e-08,0.0,0.83,0.85,CLOSED,rug-liquidity-collapse,0.05,0.03904,0.781
HdtaBKUFBRQ58s1CVfEGwBNdoeAaS1PJRe2VNr3Dpump,MESSI,RUGGED,2.8087e-08,1.6744e-08,28.09,3409,15.58,1891,1.97,239,0.038,4.61,2026-10-04 18:48:17,2026-10-04 18:48:19,0.6,1.9655e-09,0.0,0.12,0.57,CLOSED,rug-liquidity-collapse,0.05,0.00579,0.116
GKYMR4AJ5iTZ1duFh17gpPeBXTeS4EywDpxwTB1wpump,BOOF,RUGGED,2.8144e-08,4.9920e-08,28.14,3416,46.54,5648,62.43,7577,0.164,19.87,2026-10-04 18:48:45,2026-10-04 18:48:48,0.2,6.2428e-08,0.0,0,0,CLOSED,rug-liquidity-collapse,0.05,0.06184,1.237
49ainL4cTeu7pZWZpkihf4hSsejcoDYRvgrsAonnpump,Marina,RUGGED,2.8893e-08,4.3754e-08,28.89,3507,40.78,4950,52.71,6398,0.701,85.13,2026-10-04 18:48:47,2026-10-04 18:48:49,0.1,5.2712e-08,0.0,0,0,CLOSED,rug-liquidity-collapse,0.05,0.05957,1.191
36KdpwgqeNp1nF6WnLogt5j1NR4WYKqkitKSfqQopump,cap,RUGGED,2.8070e-08,3.7423e-08,28.07,3407,34.88,4233,54.8,6651,0.074,8.94,2026-10-04 18:48:31,2026-10-04 18:48:33,0.4,5.4799e-08,0.0,0.91,1.38,CLOSED,rug-liquidity-collapse,0.05,0.07239,1.448
AxqvwW2nSVSo4Ke3sT7Jj3Hq2srdB8ZzoYPYe8fFpump,IM𝕏,RUGGED,3.0403e-08,3.4144e-08,30.4,3690,31.81,3861,29.01,3521,2.001,242.92,2026-10-04 18:48:26,2026-10-04 18:48:28,0.6,2.9013e-08,0.56,0.89,0.89,CLOSED,rug-liquidity-collapse,0.05,0.042,0.84
DVfmYnNLCJAeroFG2YF1zG2zHveGuF4zE6ivG3Fvpump,VISR,RUGGED,3.0789e-08,3.3272e-08,30.79,3737,31.0,3763,27.96,3393,1.59,192.99,2026-10-04 18:46:29,2026-10-04 18:46:32,2.6,2.7959e-08,0.0,0.91,0.92,CLOSED,rug-liquidity-collapse,0.05,0.04153,0.831
7zHwhfy8axMu1guT58CEbTyfn1oYujhqaKatWnNpVG39,SUPERINT,RUGGED,2.7959e-08,3.6658e-08,27.96,3393,34.16,4146,28.45,3453,3.16,383.52,2026-10-04 18:48:55,2026-10-04 18:48:58,0.1,2.8451e-08,0.263,0,0,CLOSED,rug-liquidity-collapse,0.05,0.03836,0.767
8p89F73Zu7qJ97EnJCN5LXykiJw8w1MB3guhxoevpump,MGOAT,RUGGED,2.8878e-08,5.4902e-08,28.88,3505,51.19,6213,58.6,7112,0.866,105.14,2026-10-04 18:48:58,2026-10-04 18:49:01,0.1,5.8602e-08,0.041,0,0,CLOSED,rug-liquidity-collapse,0.05,0.05279,1.056
BtsRfyUgohGn2ufNRYK4YGQSg4SjUjZKJryzwzsopump,$GRAMPS,RUGGED,2.8693e-08,4.0559e-08,28.69,3482,37.8,4588,2.97,360,0.515,62.53,2026-10-04 18:48:50,2026-10-04 18:48:53,0.4,2.9678e-09,0.077,0.36,0.47,CLOSED,rug-liquidity-collapse,0.05,0.00361,0.072
AjGRwQf848q4BFsHkvGAAxpB1wXK7PoPHcKzhRK4pump,NUT,RUGGED,3.1566e-08,3.8617e-08,31.57,3831,35.99,4368,27.99,3397,4.035,489.69,2026-10-04 18:45:11,2026-10-04 18:45:14,4.1,2.7987e-08,0.015,0.79,0.87,CLOSED,rug-liquidity-collapse,0.05,0.03583,0.716
6q2Uzbzi4GWe8zjWg3yDqc9TiimW8sNBgjLCed6MreoU,BULLANA,RUGGED,2.8146e-08,3.1647e-08,28.15,3416,29.49,3579,28.2,3423,0.809,98.13,2026-10-04 18:27:25,2026-10-04 18:27:27,21.9,2.8199e-08,0.129,0.9,0.9,CLOSED,rug-liquidity-collapse,0.05,0.04404,0.881
FnG49L5adveRct6vxhXu1CPjZxaQcouiUU7hKrVqpump,EI,RUGGED,3.7921e-08,5.4267e-08,37.92,4602,50.58,6139,30.79,3737,10.351,1256.25,2026-10-04 18:49:12,2026-10-04 18:49:14,0.2,3.0789e-08,1.481,0.77,0.77,CLOSED,rug-liquidity-collapse,0.05,0.02805,0.561
14mvnAowt6WNtkTxHJvonwsQMGAvNmXBjbTJobkipump,root,RUGGED,3.3689e-08,3.6728e-08,33.69,4089,34.22,4154,29.57,3589,3.191,387.34,2026-10-04 18:45:34,2026-10-04 18:45:36,3.9,2.9569e-08,0.852,1.41,1.41,CLOSED,rug-liquidity-collapse,0.05,0.03979,0.796
8V5ybxcn1qyi7BukxXBTce7FSYqQ3g82Dp1wTrFvpump,SAE,RUGGED,2.7977e-08,3.2409e-08,27.98,3396,30.2,3665,27.96,3393,1.177,142.87,2026-10-04 18:46:25,2026-10-04 18:46:28,3.0,2.7959e-08,0.0,0.97,0.97,CLOSED,rug-liquidity-collapse,0.05,0.04264,0.853
2KbfeKoTdacVvx8baKipHnab4WXDZyQN1QWRFcgdg8Ai,Cowl,RUGGED,2.9854e-08,3.2042e-08,29.85,3623,29.85,3623,28.42,3449,1.0,121.37,2026-10-04 18:49:18,2026-10-04 18:49:20,0.2,2.8415e-08,0.244,0.92,0.92,CLOSED,rug-liquidity-collapse,0.05,0.04383,0.876
6P8Wwg6MW25XWVnSncV2Ym52D9dxF3BDqq2Md9VzMNUv,TESTS,RUGGED,2.7959e-08,3.2031e-08,27.96,3393,29.84,3622,27.96,3393,0.995,120.75,2026-10-04 18:45:43,2026-10-04 18:45:46,3.8,2.7959e-08,0.0,0.91,0.92,CLOSED,rug-liquidity-collapse,0.05,0.04314,0.863
6WmuCL9DipNKR2FGxSreyc2m46iJa12D7Tgi52HGpump,TPIECE,RUGGED,2.8088e-08,3.0148e-08,28.09,3409,28.09,3409,27.96,3393,0.069,8.39,2026-10-04 18:48:26,2026-10-04 18:48:29,1.1,2.7959e-08,0.0,0.92,0.92,CLOSED,rug-liquidity-collapse,0.05,0.04583,0.917
FyXHDhEYxtRH9vsegWwF1BFvE3svDMehrnWNaVwfpump,EI,RUGGED,2.8747e-08,3.0922e-08,28.75,3489,28.81,3497,27.96,3393,0.453,54.98,2026-10-04 18:49:06,2026-10-04 18:49:09,0.5,2.7959e-08,0.0,0.92,0.92,CLOSED,rug-liquidity-collapse,0.05,0.04468,0.894
4yp7p1yEZsFMcLh9HHnWYR977sWvsJDpMgi4HZ4wpump,COOL,RUGGED,2.8887e-08,2.6714e-08,28.89,3506,24.88,3020,1.67,203,0.425,51.63,2026-10-04 18:46:45,2026-10-04 18:46:48,2.9,1.6714e-09,0.0,0.07,0.96,CLOSED,rug-liquidity-collapse,0.05,0.00309,0.062
A7r85FX2DsW36T5amQGet5HpGsJQdNovGisQcF6Bpump,GOURD,RUGGED,2.8700e-08,3.0804e-08,28.7,3483,28.7,3483,27.96,3393,0.395,47.95,2026-10-04 18:48:14,2026-10-04 18:48:17,1.5,2.7959e-08,0.0,0.92,0.92,CLOSED,rug-liquidity-collapse,0.05,0.04486,0.897
dpnkm6UPLSdFuSoifC3w9gpR1YDoGCCBDnxqMUypump,Marina,RUGGED,2.9671e-08,2.3387e-08,29.67,3601,21.78,2643,41.39,5023,0.666,80.79,2026-10-04 18:49:35,2026-10-04 18:49:37,0.2,4.1389e-08,0.003,1.86,1.86,CLOSED,rug-liquidity-collapse,0.05,0.08742,1.748
8DuoXdQTr2rwYUq7cdgeDtoAnib8bxMNh6KNAZDGpump,$BAD,RUGGED,2.8878e-08,1.8451e-08,28.88,3505,17.17,2084,1.67,202,0.291,35.28,2026-10-04 18:49:18,2026-10-04 18:49:20,0.5,1.6677e-09,0.0,0.13,0.45,CLOSED,rug-liquidity-collapse,0.05,0.00446,0.089
EHtpK1xgUrVphiEEn99v72PiTcWGcZSYqvedF3tcpump,Deeznuts,RUGGED,2.8143e-08,3.0227e-08,28.14,3416,28.16,3418,27.96,3393,0.109,13.17,2026-10-04 18:43:30,2026-10-04 18:43:33,6.3,2.7959e-08,0.0,0.92,0.92,CLOSED,rug-liquidity-collapse,0.05,0.04571,0.914
2n6y2c6QAicyJ8Uk58aCSAAPFi8Xh7jKa8icsr8Xk6NN,AGENT,RUGGED,2.7959e-08,4.0290e-08,27.96,3393,37.55,4557,28.48,3456,4.765,578.32,2026-10-04 18:49:09,2026-10-04 18:49:12,0.7,2.8477e-08,0.276,0.91,0.99,CLOSED,rug-liquidity-collapse,0.05,0.03494,0.699
8ED9BzmdEaYmncSyBaiARToeuKgdyF8tMzhykYXBxCak,PVE,RUGGED,2.9854e-08,3.9395e-08,29.85,3623,36.71,4456,27.99,3397,4.376,531.13,2026-10-04 18:49:13,2026-10-04 18:49:15,0.7,2.7992e-08,0.018,0.84,0.84,CLOSED,rug-liquidity-collapse,0.05,0.03513,0.702
Hsj9QV4PKic48QHpDAt9VR2ff4XPD3qTiP2My5nAXFzJ,HOUND,RUGGED,2.7959e-08,3.3354e-08,27.96,3393,31.08,3772,27.96,3393,1.629,197.73,2026-10-04 18:49:04,2026-10-04 18:49:07,0.9,2.7959e-08,0.0,0.88,0.9,CLOSED,rug-liquidity-collapse,0.05,0.04143,0.829
FugixEHWC3wzHCU2ExCa4VM5eopJ6cuhs3B8zs8Kpump,$UNIQ,RUGGED,2.8144e-08,7.7377e-08,28.14,3416,72.16,8758,36.25,4400,0.266,32.33,2026-10-04 18:49:52,2026-10-04 18:49:55,0.1,3.6250e-08,0.0,0,0,CLOSED,rug-liquidity-collapse,0.05,0.02317,0.463
2oW9y4cPLatcXyKbzXtSrMEg4BUamySLeEWoQcBjpump,BASKETA,RUGGED,2.9830e-08,3.3430e-08,29.83,3620,31.15,3780,29.08,3529,1.665,202.07,2026-10-04 18:49:40,2026-10-04 18:49:42,0.4,2.9080e-08,0.596,0.92,0.92,CLOSED,rug-liquidity-collapse,0.05,0.04299,0.86
7XGNkDsA6ui9ZgVyKgpEDtapR99UqFCHDXvkKfzfpump,CYPHERAID,RUGGED,2.8804e-08,5.6083e-08,28.8,3496,52.27,6344,28.3,3435,11.021,1337.58,2026-10-04 18:49:40,2026-10-04 18:49:43,0.4,2.8304e-08,0.185,0.8,0.84,CLOSED,rug-liquidity-collapse,0.05,0.02496,0.499
CEF4BVcAbwVqFc7pM6u8e4pRzudPPKQf6uQhCTdNTfEd,DUNCE,RUGGED,2.8239e-08,3.1102e-08,28.24,3427,28.98,3517,27.96,3393,0.542,65.74,2026-10-04 18:28:17,2026-10-04 18:28:20,21.8,2.7959e-08,0.0,0.91,0.92,CLOSED,rug-liquidity-collapse,0.05,0.04443,0.888
FoPB29NVqDRqf8fet3ThBCzQNpbbRU7QkW8UmxYVpump,gj,RUGGED,2.8311e-08,2.2893e-08,28.31,3436,21.32,2587,7.19,873,0.142,17.19,2026-10-04 18:49:09,2026-10-04 18:49:12,1.0,7.1903e-09,0.048,0.8,1.06,CLOSED,rug-liquidity-collapse,0.05,0.01551,0.31
B6fYyBKNBf9At1yW68U6oFTYF7r24U1BGRfWboF3pump,ASCII,RUGGED,2.8014e-08,3.0069e-08,28.01,3400,28.01,3400,28.01,3400,0.03,3.6,2026-10-04 18:48:09,2026-10-04 18:48:12,2.1,2.8014e-08,0.03,0.96,0.96,CLOSED,rug-liquidity-collapse,0.05,0.04604,0.921
FCdjErzgxysA8troivWmNF18GBEjSVQESQKU8SCQk1cJ,DEPCAT,RUGGED,2.7959e-08,3.2557e-08,27.96,3393,30.33,3682,27.96,3393,1.248,151.51,2026-10-04 18:49:20,2026-10-04 18:49:23,1.0,2.7959e-08,0.0,0.9,0.92,CLOSED,rug-liquidity-collapse,0.05,0.04244,0.849
4GfE9vJfvt68MpH4QDNDdT35MCtL1CnMkGSkoyvhpump,MESSI,RUGGED,2.8105e-08,2.1754e-08,28.1,3411,20.26,2458,7.47,907,0.056,6.84,2026-10-04 18:50:01,2026-10-04 18:50:04,0.3,7.4738e-09,0.0,0.35,0.42,CLOSED,rug-liquidity-collapse,0.05,0.01696,0.339
DUKgzibxSXc15iy1NgEbgvH7TMffAYpCZDvECD1qpump,$EXPLAIN,RUGGED,2.8878e-08,4.0841e-08,28.88,3505,38.07,4620,14.52,1762,0.644,78.2,2026-10-04 18:50:03,2026-10-04 18:50:05,0.3,1.4522e-08,0.0,0.35,0.58,CLOSED,rug-liquidity-collapse,0.05,0.01758,0.351
9a9i5ntDE9xuBsgPoTziAFicSsx9pHATQt7Ye2ospump,$GOAT,RUGGED,2.8070e-08,2.6798e-08,28.07,3407,24.96,3030,5.5,668,0.053,6.4,2026-10-04 18:49:19,2026-10-04 18:49:22,1.1,5.5018e-09,0.101,0.43,1.6,CLOSED,rug-liquidity-collapse,0.05,0.01014,0.203
JC1yeszeS1uBSyEza2YwCDHf1tqM2MkRTMtpcKkPpump,GEMINU,RUGGED,2.8384e-08,3.5858e-08,28.38,3445,33.42,4056,80.96,9826,0.267,32.46,2026-10-04 18:50:05,2026-10-04 18:50:08,0.3,8.0961e-08,0.062,2.01,2.01,CLOSED,rug-liquidity-collapse,0.05,0.10513,2.102
61mvnZVZovVne9x5Zyb2dRxNjvHcqZw2z2SBwZREwsf9,PVE,RUGGED,3.5912e-08,3.8538e-08,35.91,4359,35.91,4359,27.96,3393,4.0,485.48,2026-10-04 18:50:05,2026-10-04 18:50:08,0.4,2.7959e-08,0.0,0.92,0.92,CLOSED,rug-liquidity-collapse,0.05,0.03586,0.717
G94u7KKfpRrbCm3oBZwsHBhYPQjohW8VVvdn5iTYpump,MESSI,RUGGED,2.8112e-08,2.6258e-08,28.11,3412,24.46,2968,15.57,1890,0.071,8.64,2026-10-04 18:50:23,2026-10-04 18:50:26,0.1,1.5572e-08,0.023,0,0,CLOSED,rug-liquidity-collapse,0.05,0.0293,0.586
HVYAB3xigC87PyB9SiQQaiQi3BUNokoHBTRwwtTtifmh,root,RUGGED,3.3830e-08,4.8513e-08,33.83,4106,45.21,5488,33.62,4081,8.15,989.2,2026-10-04 18:49:30,2026-10-04 18:49:33,1.0,3.3622e-08,2.898,1.28,2.46,CLOSED,rug-liquidity-collapse,0.05,0.07944,1.589
4jxgW4FGKpNRJsqM8JyxJmZp97KbfKFKe16ZMwz8pump,MCH,RUGGED,2.9811e-08,2.4829e-08,29.81,3618,23.12,2806,6.96,844,0.758,92.04,2026-10-04 18:50:21,2026-10-04 18:50:24,0.2,6.9564e-09,0.15,0.44,0.44,CLOSED,rug-liquidity-collapse,0.05,0.01384,0.277
NvCBC77wjsxFPv49mhSqwGDbMRE2W1rHWbKZmVLpump,?,RUGGED,3.1217e-08,3.3509e-08,31.22,3789,31.22,3789,27.96,3393,1.702,206.6,2026-10-04 18:49:36,2026-10-04 18:49:38,1.0,2.7959e-08,0.0,0.92,0.92,CLOSED,rug-liquidity-collapse,0.05,0.04124,0.825
CFqP4HhWroFzFhRHqg7UpXSk6a5BGK75ucjnvf3Lpump,egAi,RUGGED,2.8162e-08,3.0227e-08,28.16,3418,28.16,3418,27.96,3393,0.109,13.22,2026-10-04 18:42:21,2026-10-04 18:42:23,8.3,2.7959e-08,0.0,0.92,0.92,CLOSED,rug-liquidity-collapse,0.05,0.04571,0.914
7Pon8dtNFUhh9MnLn8ovRzrSru8CKaejEkKJDNGapump,$UNIQ,RUGGED,2.8142e-08,1.3043e-08,28.14,3416,12.13,1472,1.95,237,0.042,5.11,2026-10-04 18:50:25,2026-10-04 18:50:28,0.2,1.9490e-09,0.085,0.52,0.52,CLOSED,rug-liquidity-collapse,0.05,0.00737,0.147
Afxdebd9tfnp62EZWzQZ6BSKqrUQnWAJNKfKrThTFttB,BARISTA,RUGGED,2.9854e-08,3.2042e-08,29.85,3623,29.85,3623,27.96,3393,1.0,121.37,2026-10-04 18:50:25,2026-10-04 18:50:28,0.2,2.7959e-08,0.0,0.92,0.92,CLOSED,rug-liquidity-collapse,0.05,0.04313,0.862
71vM8SP8WzhfDHmnsodv9rDBrcs5iyFcsHSAQNH5BW49,EILISH,RUGGED,2.8899e-08,3.5717e-08,28.9,3507,33.28,4039,27.96,3393,2.731,331.46,2026-10-04 18:50:19,2026-10-04 18:50:23,0.4,2.7959e-08,0.0,0.86,0.92,CLOSED,rug-liquidity-collapse,0.05,0.03869,0.774
GdWp883SrJnC1bDABgfy4csLK1uRwmdqDt7MesNFpump,BLK,RUGGED,2.8052e-08,3.0110e-08,28.05,3405,28.05,3405,27.96,3393,0.05,6.08,2026-10-04 18:41:20,2026-10-04 18:41:22,9.5,2.7959e-08,0.0,0.92,0.92,CLOSED,rug-liquidity-collapse,0.05,0.04589,0.918
AWFcwc3SZaHyt86iCjLgocAficU2FErqePvfmXhzQpLS,INTERN,RUGGED,2.7959e-08,3.6333e-08,27.96,3393,33.86,4109,28.27,3431,3.012,365.59,2026-10-04 18:50:42,2026-10-04 18:50:44,0.1,2.8269e-08,0.166,0,0,CLOSED,rug-liquidity-collapse,0.05,0.03846,0.769
FJE5fB93oeJox7V9dpsHzmkvZzMbcbKheENgvSBo1i99,CAT,RUGGED,2.7959e-08,3.5986e-08,27.96,3393,33.53,4070,28.01,3400,2.854,346.39,2026-10-04 18:49:02,2026-10-04 18:49:05,1.8,2.8014e-08,0.029,0.87,1.59,CLOSED,rug-liquidity-collapse,0.05,0.03848,0.77
CieuGwo3XW7ziLuAoyHt4xsN3sfTtrmkmLjfKidhgcsC,KIRKBOT,RUGGED,2.9854e-08,3.5691e-08,29.85,3623,33.26,4036,27.97,3395,2.719,330.0,2026-10-04 18:50:22,2026-10-04 18:50:25,0.5,2.7975e-08,0.009,0.88,0.88,CLOSED,rug-liquidity-collapse,0.05,0.03874,0.775
BvjY7R6H3rMW3TZu5n8UZY79Hoy1WJwTwLZjxeTPpump,BWTF,RUGGED,2.8236e-08,3.0306e-08,28.24,3427,28.24,3427,27.96,3393,0.148,17.98,2026-10-04 18:18:27,2026-10-04 18:18:31,32.5,2.7959e-08,0.0,0.93,0.93,CLOSED,rug-liquidity-collapse,0.05,0.04559,0.912
3ErivFPGF8MkCuLScxRioE14jKNXUWBA49QZsd7Ypump,TORTOISE,RUGGED,3.0982e-08,4.1274e-08,30.98,3760,38.46,4668,28.74,3488,5.187,629.54,2026-10-04 18:50:01,2026-10-04 18:50:04,1.0,2.8736e-08,0.414,0.72,1.36,CLOSED,rug-liquidity-collapse,0.05,0.03442,0.688
51NAxN2ZFviW2aGVPYiSdL2CogXsi5cBcEsUzWrNraiF,NICOLE,RUGGED,2.8521e-08,3.0612e-08,28.52,3462,28.52,3462,27.96,3393,0.3,36.41,2026-10-04 18:50:15,2026-10-04 18:50:17,0.8,2.7959e-08,0.0,0.92,0.92,CLOSED,rug-liquidity-collapse,0.05,0.04514,0.903
F9X2JRFcL7qAQgL3tFRd3FxMzMbc3ZBEqCqtQbNkpump,M0G1NU,RUGGED,2.9014e-08,3.1513e-08,29.01,3521,29.36,3564,28.29,3434,0.743,90.18,2026-10-04 18:39:32,2026-10-04 18:39:34,11.5,2.8290e-08,0.177,0.92,1.12,CLOSED,rug-liquidity-collapse,0.05,0.04437,0.887
AALQMDxEVWNJPNAzVnSF5WVwX1H9UBn8dX44XTwLpump,HIGGS,RUGGED,2.8887e-08,3.1914e-08,28.89,3506,29.74,3609,27.96,3393,0.938,113.88,2026-10-04 18:31:49,2026-10-04 18:31:52,19.3,2.7959e-08,0.0,0.89,0.92,CLOSED,rug-liquidity-collapse,0.05,0.0433,0.866
4FePj4LETRNW835jJyDqdwmvWH7zVjedDzaWxjsVpump,HAPPY,RUGGED,2.8033e-08,3.4341e-08,28.03,3402,32.0,3884,28.2,3422,2.094,254.13,2026-10-04 18:50:31,2026-10-04 18:50:33,0.6,2.8196e-08,0.127,0.86,0.94,CLOSED,rug-liquidity-collapse,0.05,0.04058,0.812
5eRqjr3TjXNPus6zTHGvbkjYB9m5J7nftf7oZFv6pump,Quota,RUGGED,5.9671e-08,6.5232e-08,59.67,7242,60.81,7380,28.51,3460,14.242,1728.55,2026-10-04 18:51:02,2026-10-04 18:51:04,0.1,2.8508e-08,0.293,0,0,CLOSED,rug-liquidity-collapse,0.05,0.02161,0.432
4phECLKWWY8kAEgHQjXGAg4qREQb3a8KogvkBYNrpump,HANS,RUGGED,2.8142e-08,3.3513e-08,28.14,3416,31.23,3790,29.45,3574,0.128,15.55,2026-10-04 18:50:58,2026-10-04 18:51:01,0.2,2.9446e-08,0.0,0.66,0.66,CLOSED,rug-liquidity-collapse,0.05,0.04343,0.868
ADKK85e3bcwCmH9Pzj6bkEDqRqFaZ1ugd1Eq3NNYpump,JEANAGENT,RUGGED,2.8348e-08,2.6556e-08,28.35,3441,24.74,3002,8.06,978,0.181,22.02,2026-10-04 18:51:02,2026-10-04 18:51:06,0.1,8.0552e-09,0.059,0,0,CLOSED,rug-liquidity-collapse,0.05,0.01498,0.3
7AaMrFfLFDE17fkGW8YABFXto1mkFMYbMKACgemwpump,bleb,RUGGED,2.8887e-08,3.2016e-08,28.89,3506,29.83,3620,28.05,3404,0.988,119.87,2026-10-04 18:50:44,2026-10-04 18:50:46,0.5,2.8047e-08,0.047,0.89,0.92,CLOSED,rug-liquidity-collapse,0.05,0.0433,0.866
CTexBFmQbmo6tnrtqFTr8zpEsgZvqg44VZpaDBQNpump,DERP,RUGGED,2.8070e-08,1.5321e-08,28.07,3407,14.25,1730,4.72,573,0.03,3.65,2026-10-04 18:50:49,2026-10-04 18:50:52,0.4,4.7227e-09,0.454,0.87,0.89,CLOSED,rug-liquidity-collapse,0.05,0.01521,0.304
72hpvkMLeZoR2mRCNpUUnVU3ta5ZMv4G288enHvSjy4P,root,RUGGED,2.9854e-08,3.8277e-08,29.85,3623,35.67,4329,29.85,3623,3.885,471.48,2026-10-04 18:51:11,2026-10-04 18:51:13,0.1,2.9854e-08,1.0,0,0,CLOSED,rug-liquidity-collapse,0.05,0.03855,0.771
FKYBjT35JjCHviokkB4BKmSiTocPFqGYG6EPEYyDpump,$BAG,RUGGED,2.8747e-08,3.1564e-08,28.75,3489,29.41,3569,27.96,3393,0.768,93.2,2026-10-04 18:51:11,2026-10-04 18:51:13,0.1,2.7959e-08,0.0,0,0,CLOSED,rug-liquidity-collapse,0.05,0.04378,0.875
H7dAKSNrmZWaHoqF4j9ETs76ChdHNNm2bWhuLrfhf1Ud,AGENTCAT,RUGGED,2.7959e-08,3.1813e-08,27.96,3393,29.64,3597,27.96,3393,0.889,107.88,2026-10-04 18:49:36,2026-10-04 18:49:38,1.8,2.7959e-08,0.0,1.04,1.1,CLOSED,rug-liquidity-collapse,0.05,0.04344,0.869
AqjjniWmLSfaE15D8HLM1dYFbuiZRBvf8ESkmgvJpump,7/10,RUGGED,3.3754e-08,4.5550e-08,33.75,4097,42.45,5152,27.96,3393,6.966,845.46,2026-10-04 18:51:03,2026-10-04 18:51:06,0.3,2.7959e-08,0.0,0.69,0.75,CLOSED,rug-liquidity-collapse,0.05,0.03035,0.607
5rXB96iMbJrkzRyEcRvo8MWgGdefUB96PV97jSwQhkwE,CATGIRL,RUGGED,2.7959e-08,3.0621e-08,27.96,3393,28.53,3463,27.96,3393,0.305,36.97,2026-10-04 18:51:17,2026-10-04 18:51:19,0.1,2.7959e-08,0.0,0,0,CLOSED,rug-liquidity-collapse,0.05,0.04512,0.902
12QK6Tk3PcwZoSE932dEpESt8i7rRuG7SiZxQzSnpump,Launchpoop,RUGGED,3.2838e-08,3.5242e-08,32.84,3986,32.84,3986,28.03,3402,2.512,304.94,2026-10-04 18:45:13,2026-10-04 18:45:15,6.3,2.8031e-08,0.039,1.01,1.31,CLOSED,rug-liquidity-collapse,0.05,0.03932,0.786
Co2AQeGXfcVTXfj7zQ8HRFeTExAKQXymZse3uJom5v7n,CAP,RUGGED,2.7987e-08,3.0296e-08,27.99,3397,28.23,3426,27.99,3397,0.143,17.35,2026-10-04 18:50:29,2026-10-04 18:50:32,1.0,2.7992e-08,0.018,0.92,0.93,CLOSED,rug-liquidity-collapse,0.05,0.04566,0.913
5Si4Yn4ATwc4hbNjSND6nAbd9vXRREQVYBxUbBQKpump,CORNZY,RUGGED,2.8070e-08,3.0128e-08,28.07,3407,28.07,3407,5.75,698,0.059,7.21,2026-10-04 18:50:29,2026-10-04 18:50:32,1.0,5.7470e-09,0.003,0.19,0.52,CLOSED,rug-liquidity-collapse,0.05,0.00942,0.188
BD1GXDFNfVooCxfu3BoZntMcgraEwdriw5nhbCHMpump,GETPAID,RUGGED,2.9811e-08,5.4199e-08,29.81,3618,50.53,6133,64.52,7830,1.656,200.97,2026-10-04 18:51:22,2026-10-04 18:51:24,0.1,6.4516e-08,0.0,0,0,CLOSED,rug-liquidity-collapse,0.05,0.05886,1.177
GyT3SvM552EaWuZKXPkyu3e5r8BfATwHpqJRBmyDpump,Vampinu,RUGGED,2.8700e-08,3.1662e-08,28.7,3483,29.5,3580,27.96,3393,0.816,98.98,2026-10-04 18:50:57,2026-10-04 18:50:59,0.6,2.7959e-08,0.0,0.9,0.92,CLOSED,rug-liquidity-collapse,0.05,0.04364,0.873
4vP2xP2veA6hJC2E9Au7Z4hJTB8K9SzYwVM9bXJ9pump,OKXX,RUGGED,2.8070e-08,3.6944e-08,28.07,3407,34.43,4179,37.82,4590,0.073,8.82,2026-10-04 18:51:03,2026-10-04 18:51:06,0.5,3.7817e-08,0.12,1.91,1.91,CLOSED,rug-liquidity-collapse,0.05,0.0506,1.012
DXjnj9XEpAEnNYDeb9EybuKVGkAfTRosEiueaD7BYZJd,STREAMER,RUGGED,2.9279e-08,1.3982e-07,29.28,3554,130.38,15824,42.84,5199,34.784,4221.76,2026-10-04 18:51:19,2026-10-04 18:51:22,0.2,4.2839e-08,7.135,1.25,1.25,CLOSED,rug-liquidity-collapse,0.05,0.01515,0.303
Bm72GjTMjScMRBg9maojdXPTUMBvd8xuvJnes94Bpump,SCATO,RUGGED,3.1762e-08,4.0062e-08,31.76,3855,37.33,4531,32.88,3991,4.666,566.34,2026-10-04 18:51:15,2026-10-04 18:51:17,0.3,3.2882e-08,2.534,1.54,1.54,CLOSED,rug-liquidity-collapse,0.05,0.04057,0.811
BRU8veWjUWkzb8LX7C9wsxazaPqbdZrL8QPgAPozFeeF,agentrooms,RUGGED,2.9830e-08,3.2016e-08,29.83,3620,29.83,3620,27.96,3393,0.988,119.87,2026-10-04 18:50:59,2026-10-04 18:51:02,0.6,2.7959e-08,0.0,0.89,0.92,CLOSED,rug-liquidity-collapse,0.05,0.04316,0.863
5wwJuuLADYQ3ghqXCNSuxrZaQPJskfPiqZ5TuCSppump,Goblin,RUGGED,3.1176e-08,3.3479e-08,31.18,3784,31.19,3786,28.32,3437,1.688,204.88,2026-10-04 18:51:30,2026-10-04 18:51:33,0.1,2.8320e-08,0.193,0,0,CLOSED,rug-liquidity-collapse,0.05,0.04181,0.836
H7asvXMcpGeiiVDcqCUwekWEVT3Nyhkd8jNwttnSpump,song,RUGGED,2.8070e-08,3.0128e-08,28.07,3407,28.07,3407,1.46,178,0.059,7.21,2026-10-04 18:47:27,2026-10-04 18:47:30,4.2,1.4647e-09,0.024,0.05,1.45,CLOSED,rug-liquidity-collapse,0.05,0.0024,0.048
3JNY9KXvu2iL4Ndz6aBCt1EemuTFf2Fs1QLvLDKSpump,XSI,RUGGED,2.8887e-08,3.0875e-08,28.89,3506,28.77,3491,27.96,3393,0.43,52.2,2026-10-04 18:51:28,2026-10-04 18:51:30,0.2,2.7959e-08,0.0,0.92,0.92,CLOSED,rug-liquidity-collapse,0.05,0.04475,0.895
EB1gaHk66rkX7qVJXLjT3hHFdkM2K63hg15eU1qVQW2Q,JOHN,RUGGED,2.8514e-08,3.2034e-08,28.51,3461,29.85,3623,27.96,3393,0.996,120.92,2026-10-04 18:51:33,2026-10-04 18:51:36,0.1,2.7959e-08,0.0,0,0,CLOSED,rug-liquidity-collapse,0.05,0.04314,0.863
4sq1wVH9KRPECHJgM5NTSGpbzxxPtpGgtgC7iZuSpump,BetOnBlak,RUGGED,2.8142e-08,3.4149e-08,28.14,3416,31.82,3862,13.39,1625,0.111,13.42,2026-10-04 18:51:05,2026-10-04 18:51:08,0.6,1.3390e-08,0.147,0.95,1.25,CLOSED,rug-liquidity-collapse,0.05,0.01938,0.388
H8FnjLpXifrzEZgsAYF8sCiLSyDCz3s7ANfqE1WKpump,ANTISLOP,RUGGED,2.7967e-08,3.1821e-08,27.97,3394,29.65,3598,27.97,3394,0.893,108.38,2026-10-04 18:50:57,2026-10-04 18:50:59,0.8,2.7967e-08,0.004,0.92,0.92,CLOSED,rug-liquidity-collapse,0.05,0.04344,0.869
DYVr8gFCo2MsXDXK7wAujmnMHh1J6KwLk17ffaXnpump,NUBI,RUGGED,2.9830e-08,3.1223e-08,29.83,3620,29.09,3531,28.33,3438,0.601,72.95,2026-10-04 18:49:41,2026-10-04 18:49:43,2.1,2.8328e-08,0.197,0.92,0.92,CLOSED,rug-liquidity-collapse,0.05,0.04484,0.897
2DgcuoR5sbXUUBeUe9shfjFBPYTtdwcUhxxiymrtyUNf,JARVIS,RUGGED,2.7959e-08,3.7151e-08,27.96,3393,34.62,4202,32.68,3966,3.382,410.47,2026-10-04 18:49:47,2026-10-04 18:49:49,2.0,3.2675e-08,2.432,1.24,1.24,CLOSED,rug-liquidity-collapse,0.05,0.04347,0.869
22ghdd7rnLrkpvWvkPcFpBoGkUAdHuQwoqa5w5obpump,Penismans,RUGGED,2.9449e-08,3.2444e-08,29.45,3574,30.23,3669,28.66,3479,1.194,144.91,2026-10-04 18:50:47,2026-10-04 18:50:51,1.0,2.8662e-08,0.375,0.92,0.92,CLOSED,rug-liquidity-collapse,0.05,0.04366,0.873
2Gtf1epQ2NA5JPaZfGupHcRFr9ZjvcjM9fA3Ceispump,Slop,RUGGED,2.9074e-08,3.1206e-08,29.07,3529,29.07,3529,27.96,3393,0.593,71.92,2026-10-04 18:51:00,2026-10-04 18:51:03,0.8,2.7959e-08,0.0,0.92,0.92,CLOSED,rug-liquidity-collapse,0.05,0.04428,0.885
4AnmQBGu3DaUTFWngTLC6ZoZ5X4dgYY4KZwtTG1epump,GETPAID,RUGGED,2.9811e-08,2.5437e-08,29.81,3618,23.69,2875,35.39,4295,0.777,94.3,2026-10-04 18:51:35,2026-10-04 18:51:38,0.2,3.5391e-08,0.356,1.07,1.07,CLOSED,rug-liquidity-collapse,0.05,0.06874,1.375
6EFtoudn2QfSQkZ2nVdt4JZrrpCxM8AKKKttMc37pump,EI,RUGGED,3.6655e-08,2.4602e-09,36.66,4449,2.24,272,1.34,163,0.436,52.87,2026-10-04 18:48:30,2026-10-04 18:48:32,3.4,1.3396e-09,0.022,0.56,2.01,CLOSED,rug-liquidity-collapse,0.05,0.07176,1.435
7sd4fatKxpVqHSKW9eB4mciC8snY2QGw3C6wFqvCpump,COOL,RUGGED,2.8700e-08,1.8965e-08,28.7,3483,17.65,2143,0.56,68,0.249,30.21,2026-10-04 18:49:49,2026-10-04 18:49:52,2.1,5.6223e-10,0.06,0.07,0.38,CLOSED,rug-liquidity-collapse,0.05,0.00146,0.029
3MecXeQf4C1UbU59X5aqR4tcRwuE4eeUk6XBVZLP2ouW,Build,RUGGED,3.0212e-08,3.3481e-08,30.21,3667,31.2,3786,28.83,3500,1.689,205.0,2026-10-04 18:51:49,2026-10-04 18:51:51,0.1,2.8834e-08,0.466,0,0,CLOSED,rug-liquidity-collapse,0.05,0.04257,0.851
A6qowVCyA5u5iJW9dwjGdAqMg9V4zP7gbYPnZaTipump,Jack Off,RUGGED,2.9830e-08,3.2016e-08,29.83,3620,29.83,3620,27.96,3393,0.988,119.87,2026-10-04 18:51:08,2026-10-04 18:51:11,0.8,2.7959e-08,0.0,0.92,0.92,CLOSED,rug-liquidity-collapse,0.05,0.04316,0.863
HFUxZByUjpmEUNsjVAwMQUb6TY8UhBHHvRZ1vyE9pump,BMWM4,RUGGED,2.9830e-08,3.2546e-08,29.83,3620,30.32,3681,62.68,7608,1.004,121.85,2026-10-04 18:51:09,2026-10-04 18:51:11,0.8,6.2683e-08,2.109,6.04,6.04,CLOSED,rug-liquidity-collapse,0.05,0.19297,3.859
FYtpf1qWZ2trCXj2BN7HLxv5yiHGANgvpfikRvsepump,SBRN,RUGGED,2.8014e-08,3.0069e-08,28.01,3400,28.01,3400,27.96,3393,0.03,3.61,2026-10-04 18:36:52,2026-10-04 18:36:54,15.1,2.7959e-08,0.0,0.98,0.98,CLOSED,rug-liquidity-collapse,0.05,0.04595,0.919
3xn8bGfDYuooNNN2LEz4gtdyFJp88FkQgkCqka69pump,BPCATE,RUGGED,2.8070e-08,5.4116e-08,28.07,3407,50.45,6124,77.67,9427,0.107,12.93,2026-10-04 18:51:47,2026-10-04 18:51:50,0.3,7.7669e-08,0.0,1.43,1.43,CLOSED,rug-liquidity-collapse,0.05,0.07098,1.419
CMM2sPE17uFMY34ATZrHjJbvvmKCUfuZX5gQRX2Cpump,STARSHIP,RUGGED,2.9854e-08,3.2884e-08,29.85,3623,30.64,3719,29.02,3523,1.405,170.53,2026-10-04 18:50:54,2026-10-04 18:50:57,1.3,2.9024e-08,0.566,1.0,1.0,CLOSED,rug-liquidity-collapse,0.05,0.04362,0.872
B6d7Jcia5Ac1595ZVe5dUrW6mR9cHGdKjbLDznNrpump,TJD,RUGGED,2.9834e-08,3.6155e-08,29.83,3621,33.69,4089,30.05,3647,2.931,355.75,2026-10-04 18:50:27,2026-10-04 18:50:29,1.8,3.0047e-08,1.1,0.97,1.1,CLOSED,rug-liquidity-collapse,0.05,0.04108,0.821
HhKgFyW2ed5R1aitnPpvx3UhXwGgsr6pHSPiM8i9pump,Quota,RUGGED,5.7012e-08,6.1164e-08,57.01,6920,57.01,6920,28.22,3425,12.84,1558.33,2026-10-04 18:52:09,2026-10-04 18:52:12,0.1,2.8223e-08,0.141,0,0,CLOSED,rug-liquidity-collapse,0.05,0.02282,0.456
Cn6zgMUUnNxPewwFf91BFY2WFZjKZbWFrAsr37ndpump,monkdog,RUGGED,3.0982e-08,3.1393e-08,30.98,3760,29.25,3550,23.97,2909,1.492,181.08,2026-10-04 18:52:09,2026-10-04 18:52:12,0.1,2.3965e-08,0.0,0,0,CLOSED,rug-liquidity-collapse,0.05,0.03773,0.754
6XveJEdgE4yRrLkGRsKuGYTpU9a6DKnpRBnwpXb4UzTr,SANIC,RUGGED,2.7959e-08,3.0621e-08,27.96,3393,28.53,3463,27.96,3393,0.305,36.97,2026-10-04 18:52:16,2026-10-04 18:52:19,0.1,2.7959e-08,0.0,0,0,CLOSED,rug-liquidity-collapse,0.05,0.04512,0.902
J1HhXs7HzBN7gyKXji1nxyEzj1Qb3Vr9vJFa9XTDpump,ZENTRO,RUGGED,3.0789e-08,3.4915e-08,30.79,3737,32.53,3949,28.12,3412,2.361,286.57,2026-10-04 18:48:28,2026-10-04 18:48:31,4.0,2.8116e-08,0.084,1.56,1.56,CLOSED,rug-liquidity-collapse,0.05,0.0398,0.796
84bnisbi2i7ZeKVL1RzQqphgbEamJe7aytSvvovEpump,CHAMP,RUGGED,2.9662e-08,8.6142e-08,29.66,3600,80.31,9747,32.68,3967,20.845,2529.9,2026-10-04 18:51:56,2026-10-04 18:51:59,0.5,3.2684e-08,2.436,1.19,1.32,CLOSED,rug-liquidity-collapse,0.05,0.01877,0.375
8ziVgg86rGovfHvhgc2tLbK43mVqVBbTgytVhPXHpump,COOL,RUGGED,2.8700e-08,3.7150e-08,28.7,3483,34.62,4202,46.4,5631,0.477,57.84,2026-10-04 18:52:08,2026-10-04 18:52:12,0.3,4.6398e-08,0.0,1.27,1.27,CLOSED,rug-liquidity-collapse,0.05,0.06174,1.235
HGazNk6p8cNfT27X2gby2EBv8A4XXhMoVdgs5bUNpump,BPCATE,RUGGED,2.8070e-08,3.0923e-08,28.07,3407,28.81,3497,12.12,1471,0.064,7.82,2026-10-04 18:52:20,2026-10-04 18:52:23,0.1,1.2118e-08,0.026,0,0,CLOSED,rug-liquidity-collapse,0.05,0.01936,0.387
2E1kEqMeSQwaKJMTmuQkpohTXg7uFXguXEqBbwP7pump,JOE,RUGGED,2.9640e-08,3.1988e-08,29.64,3597,29.8,3617,28.32,3437,0.974,118.19,2026-10-04 18:50:25,2026-10-04 18:50:28,2.1,2.8319e-08,0.192,0.9,0.9,CLOSED,rug-liquidity-collapse,0.05,0.04375,0.875
2TVgLa7oVctL3GKB7r5kobN91jDTWxYzuG8Y5uJXpump,gj,RUGGED,2.8144e-08,3.6401e-08,28.14,3416,33.92,4117,6.55,795,0.119,14.48,2026-10-04 18:52:26,2026-10-04 18:52:28,0.1,6.5489e-09,0.023,0,0,CLOSED,rug-liquidity-collapse,0.05,0.00889,0.178
BMXLJM5C4rXwjJkrwxcHdE5DeywGTzjB78n7YqEMpump,REGARD,RUGGED,2.8747e-08,3.0605e-08,28.75,3489,28.51,3461,27.96,3393,0.296,35.96,2026-10-04 18:52:31,2026-10-04 18:52:34,0.2,2.7959e-08,0.0,0,0,CLOSED,rug-liquidity-collapse,0.05,0.04515,0.903
27T77akbeEKpWAjE61ZHDXvCTgbx3rXXqoAim5wJpump,Berthold,RUGGED,2.8143e-08,3.0207e-08,28.14,3416,28.14,3416,28.14,3416,0.099,11.99,2026-10-04 18:52:14,2026-10-04 18:52:16,0.5,2.8143e-08,0.099,1.18,1.18,CLOSED,rug-liquidity-collapse,0.05,0.04604,0.921
GD1EJjXdxTMBgvG9RYAz1LyVUXFPZkN73HdDmRGypump,ASHENCY,RUGGED,4.0760e-08,4.6521e-08,40.76,4947,43.36,5262,30.96,3758,7.358,893.08,2026-10-04 18:52:32,2026-10-04 18:52:34,0.2,3.0960e-08,1.569,1.11,1.11,CLOSED,rug-liquidity-collapse,0.05,0.0329,0.658
BE4Tndz7HFVivCC3NvoAWRP6KrUXkXrjBQ3oNu9ppump,COOL,RUGGED,2.8700e-08,4.3668e-08,28.7,3483,40.7,4940,53.67,6514,0.56,68.0,2026-10-04 18:52:35,2026-10-04 18:52:38,0.2,5.3674e-08,0.01,1.12,1.12,CLOSED,rug-liquidity-collapse,0.05,0.06077,1.215
58bCSuGaa2uZUexA5fU8ocXtrmtVMdC2MwrnfUrhpump,Slab Rat,RUGGED,2.9281e-08,3.2240e-08,29.28,3554,30.04,3646,28.67,3479,1.096,133.03,2026-10-04 18:52:23,2026-10-04 18:52:26,0.5,2.8666e-08,0.377,0.92,0.92,CLOSED,rug-liquidity-collapse,0.05,0.04394,0.879
FqZjj7fWr2V1jsk2VZPeFZnAkanTWxLwE9EoPLVLpump,GETPAID,RUGGED,2.9811e-08,3.3528e-08,29.81,3618,31.24,3792,42.92,5209,1.024,124.32,2026-10-04 18:52:47,2026-10-04 18:52:50,0.2,4.2917e-08,0.0,0,0,CLOSED,rug-liquidity-collapse,0.05,0.06327,1.265
FvervkiRm4nAaZzvaoNTT45iWR7HCsZD6EcKNjAzpump,ICEY,RUGGED,2.8070e-08,3.3647e-08,28.07,3407,31.35,3805,20.4,2476,0.066,8.05,2026-10-04 18:52:46,2026-10-04 18:52:48,0.2,2.0402e-08,0.668,1.7,1.7,CLOSED,rug-liquidity-collapse,0.05,0.02997,0.599
EQbD5wRGsbEvzU4dVWSLW8Ca12YuNpaT44v4G1V39adm,BRICKS,RUGGED,2.7959e-08,3.0904e-08,27.96,3393,28.79,3495,27.96,3393,0.444,53.94,2026-10-04 18:52:37,2026-10-04 18:52:39,0.4,2.7959e-08,0.0,0.92,0.92,CLOSED,rug-liquidity-collapse,0.05,0.04471,0.894
3Ze3d37WjcvyFSVS9qWctQ3H6KCopNPpeCFV1LVcpump,STENKS,RUGGED,2.9811e-08,5.9458e-08,29.81,3618,55.44,6728,43.46,5275,1.816,220.47,2026-10-04 18:52:58,2026-10-04 18:53:00,0.1,4.3462e-08,0.019,0,0,CLOSED,rug-liquidity-collapse,0.05,0.03615,0.723
9mtUsNiKh24AkFFYwnNjTgZoa9JSZytmCKSahBYEpump,SCRVAN,RUGGED,2.9811e-08,6.1296e-08,29.81,3618,57.15,6937,53.52,6496,1.873,227.27,2026-10-04 18:53:06,2026-10-04 18:53:08,0.1,5.3523e-08,0.0,0,0,CLOSED,rug-liquidity-collapse,0.05,0.04318,0.864
DGS7dex1CPXS199keZAdsawbbsmWb91sV9DGQ9UQJK97,NECRA,RUGGED,2.9841e-08,3.4712e-08,29.84,3622,32.34,3926,28.76,3490,2.267,275.14,2026-10-04 18:53:10,2026-10-04 18:53:12,0.1,2.8756e-08,0.425,0,0,CLOSED,rug-liquidity-collapse,0.05,0.04095,0.819
E5Vy6Wi4bcXS7ahR8yzLzST2acoawRMAmSuEF1WNpump,VINTAGESI,RUGGED,2.8964e-08,3.1087e-08,28.96,3515,28.96,3515,27.96,3393,0.535,64.88,2026-10-04 18:51:25,2026-10-04 18:51:28,1.9,2.7959e-08,0.0,0.92,0.92,CLOSED,rug-liquidity-collapse,0.05,0.04445,0.889
95yKo7x91tMMfWonBHKcEpGFe9FrLhbNLvyG9WKLpump,midway,RUGGED,3.0982e-08,3.3251e-08,30.98,3760,30.98,3760,27.96,3393,1.58,191.79,2026-10-04 18:50:55,2026-10-04 18:50:58,2.4,2.7959e-08,0.0,0.92,0.92,CLOSED,rug-liquidity-collapse,0.05,0.04156,0.831
HfgzjGdCNeajncfJJ5L8jTLiFwo6N2Jaz4GQfmuqpump,BAIL,RUGGED,2.9830e-08,3.0753e-08,29.83,3620,28.65,3478,27.96,3393,0.37,44.9,2026-10-04 18:51:22,2026-10-04 18:51:24,2.1,2.7959e-08,0.0,0.92,0.92,CLOSED,rug-liquidity-collapse,0.05,0.04493,0.898
JJigzc5MtKsDG3BjScs4NBgkEYtuPxrtbrxAXatpump,hivemind,RUGGED,3.5715e-08,3.8327e-08,35.71,4335,35.71,4335,29.99,3640,3.907,474.13,2026-10-04 18:51:39,2026-10-04 18:51:42,1.8,2.9992e-08,1.071,1.09,1.09,CLOSED,rug-liquidity-collapse,0.05,0.03868,0.774
GCbeMw8ZKUtvKAH8B1a7nyscehQPT9MvyqJ9sArWpump,GEMINU,RUGGED,2.8070e-08,3.7809e-08,28.07,3407,35.24,4277,10.85,1317,0.079,9.61,2026-10-04 18:52:57,2026-10-04 18:52:59,0.5,1.0850e-08,0.023,0.42,0.44,CLOSED,rug-liquidity-collapse,0.05,0.01418,0.284
6FU3WCRwFTbvr7CQ9jgAq5gyQKnKVfpYd4MpJe7epump,kittylick,RUGGED,2.8070e-08,3.6479e-08,28.07,3407,34.0,4126,38.32,4650,0.072,8.71,2026-10-04 18:53:08,2026-10-04 18:53:11,0.4,3.8316e-08,0.085,1.21,1.21,CLOSED,rug-liquidity-collapse,0.05,0.05192,1.038
585keg31wydxyPHVuPjxmXiCa4dB9bxqxfUXXCV8PWdD,NIGGY,RUGGED,3.7921e-08,4.0693e-08,37.92,4602,37.92,4602,28.57,3468,4.938,599.36,2026-10-04 18:53:22,2026-10-04 18:53:24,0.3,2.8571e-08,0.326,0.92,0.92,CLOSED,rug-liquidity-collapse,0.05,0.03471,0.694
AmgKuTRVb4juuPBFfi8L5XcL82NLWcbqruBjbUndpump,COOL,RUGGED,2.8700e-08,1.8903e-08,28.7,3483,17.59,2135,3.38,410,0.242,29.4,2026-10-04 18:52:58,2026-10-04 18:53:02,0.7,3.3780e-09,0.0,0.17,0.55,CLOSED,rug-liquidity-collapse,0.05,0.00882,0.176
BaNdjaXuPqLJ83CKwMAd3bXvG9SYbErNigsdZmbrpump,PVE,RUGGED,3.1762e-08,3.6056e-08,31.76,3855,33.6,4078,27.97,3395,2.886,350.26,2026-10-04 18:53:38,2026-10-04 18:53:40,0.1,2.7974e-08,0.008,0,0,CLOSED,rug-liquidity-collapse,0.05,0.03835,0.767
CJZVeFGhiYvdbLyER3PrKHqe4fwRiqGJJKjpeNo5ZiWr,CHAMP,RUGGED,2.9830e-08,3.2016e-08,29.83,3620,29.83,3620,27.96,3393,0.988,119.87,2026-10-04 18:53:18,2026-10-04 18:53:21,0.6,2.7959e-08,0.0,0.89,0.92,CLOSED,rug-liquidity-collapse,0.05,0.04316,0.863
5znxEQ2Q96qBw88u6VjE2ZGBaQtmfBjk8WF9TCTRroot,root,RUGGED,2.9031e-08,9.3213e-08,29.03,3524,86.9,10548,31.31,3800,22.891,2778.28,2026-10-04 18:53:28,2026-10-04 18:53:31,0.4,3.1307e-08,1.745,1.19,1.47,CLOSED,rug-liquidity-collapse,0.05,0.01661,0.332
QH1HkFTinKGFk7eRgRo5xBizRJghRFp4ELrYUzDo3Pg,NIHIL,RUGGED,2.8071e-08,3.0728e-08,28.07,3407,28.63,3475,28.07,3407,0.357,43.39,2026-10-04 18:53:48,2026-10-04 18:53:50,0.1,2.8071e-08,0.06,0,0,CLOSED,rug-liquidity-collapse,0.05,0.04515,0.903
C5j5yJDxiq3WfRYasM6U6CmnqtoAFV4Arn8saMnr38Vd,BWAAI,RUGGED,2.7959e-08,3.2665e-08,27.96,3393,30.44,3694,27.99,3397,1.3,157.84,2026-10-04 18:44:56,2026-10-04 18:44:58,9.2,2.7991e-08,0.017,1.19,2.31,CLOSED,rug-liquidity-collapse,0.05,0.08132,1.626
26YbS14XoYr5TC93anX53HyuL2tKLcjruHs3bB6dpump,PP,RUGGED,3.3754e-08,6.0258e-08,33.75,4097,56.17,6817,32.66,3964,12.521,1519.68,2026-10-04 18:53:59,2026-10-04 18:54:02,0.2,3.2664e-08,2.426,0,0,CLOSED,rug-liquidity-collapse,0.05,0.02681,0.536
EdLbRKKE9mQ4dbzzuRLugDjUBxxSc5bBhGiR69FNpump,GNOM,RUGGED,3.0342e-08,3.8433e-08,30.34,3683,35.81,4347,27.97,3395,3.954,479.87,2026-10-04 18:53:07,2026-10-04 18:53:10,1.1,2.7973e-08,0.008,0.86,1.05,CLOSED,rug-liquidity-collapse,0.05,0.03598,0.72
3CMumNx4nsYDYJo99rcfWeQhaNCHw7ZsBWRh58hHHiwQ,AGENTPAD,RUGGED,2.7959e-08,3.0804e-08,27.96,3393,28.7,3483,27.96,3393,0.395,47.95,2026-10-04 18:53:50,2026-10-04 18:53:53,0.4,2.7959e-08,0.0,0.92,0.92,CLOSED,rug-liquidity-collapse,0.05,0.04486,0.897
EJSzoBpFREQ9T2szTQ5xMNs6N2qh5wjQnNtyPaSBvpFp,John,RUGGED,2.9470e-08,3.5649e-08,29.47,3577,33.22,4032,27.97,3394,2.7,327.7,2026-10-04 18:53:52,2026-10-04 18:53:54,0.4,2.7967e-08,0.004,0.92,0.92,CLOSED,rug-liquidity-collapse,0.05,0.03878,0.775
FvWMKF3m9rqx5gRWcATr7vASz39t3uoXigMsuCLCDkpG,DELON,RUGGED,2.7959e-08,3.0207e-08,27.96,3393,28.14,3416,28.14,3416,0.099,11.99,2026-10-04 18:49:28,2026-10-04 18:49:31,4.9,2.8143e-08,0.099,0.95,0.95,CLOSED,rug-liquidity-collapse,0.05,0.04604,0.921
EntiSkMsTtWBH2N7WWi1hMw3LGUwB1V6ms9K6Y95pump,MZK,RUGGED,2.8068e-08,2.4822e-08,28.07,3407,23.12,2806,110.07,13360,0.048,5.86,2026-10-04 18:49:42,2026-10-04 18:49:44,4.7,1.1007e-07,0.0,4.55,4.55,CLOSED,rug-liquidity-collapse,0.05,0.16526,3.305
A17boC3L8X4YLv4kAUiw7UkKHv2kKh55qhvks7vBpump,Court,RUGGED,2.8887e-08,3.1914e-08,28.89,3506,29.74,3609,28.01,3400,0.938,113.88,2026-10-04 18:51:02,2026-10-04 18:51:04,3.4,2.8012e-08,0.029,0.9,0.92,CLOSED,rug-liquidity-collapse,0.05,0.04338,0.867
3wQNGG3NrHyTE4zeyiRsLBR8aD6pDtmN9vgGmG2Jpump,plug,RUGGED,2.8508e-08,2.3052e-08,28.51,3460,21.47,2605,6.25,759,0.221,26.81,2026-10-04 18:54:02,2026-10-04 18:54:04,0.4,6.2512e-09,0.077,0.83,0.83,CLOSED,rug-liquidity-collapse,0.05,0.01339,0.268
HfHgfvz7y7k5FyGRiKVr8XwYBwvE7EPU32KyVrDppump,TheKing,RUGGED,2.8422e-08,3.6891e-08,28.42,3450,34.38,4173,61.52,7467,0.299,36.34,2026-10-04 18:54:12,2026-10-04 18:54:14,0.2,6.1524e-08,0.0,1.68,1.68,CLOSED,rug-liquidity-collapse,0.05,0.08244,1.649
3JNZwqiwR7Zd4BBcj2Rmph8kTax5bBYvdstm8Rohpump,SENATE,RUGGED,2.8698e-08,3.0123e-08,28.7,3483,28.06,3406,27.96,3393,0.057,6.89,2026-10-04 18:53:26,2026-10-04 18:53:28,1.1,2.7959e-08,0.0,0.92,0.92,CLOSED,rug-liquidity-collapse,0.05,0.04587,0.917
6P64p57ENRssN6KYKj5sVZgzW6ZovS2X93AfH87Tpump,CHAD,RUGGED,3.4469e-08,3.7210e-08,34.47,4183,34.67,4208,27.96,3393,3.409,413.72,2026-10-04 18:54:22,2026-10-04 18:54:25,0.1,2.7959e-08,0.0,0,0,CLOSED,rug-liquidity-collapse,0.05,0.03714,0.743
4sAKrwiUT9tp8XVHaibg81rs3NoAFxDqiYeFxDQTpump,PEELS,RUGGED,2.8747e-08,3.0907e-08,28.75,3489,28.8,3495,27.96,3393,0.446,54.12,2026-10-04 18:53:55,2026-10-04 18:53:58,0.6,2.7959e-08,0.0,0.92,0.92,CLOSED,rug-liquidity-collapse,0.05,0.04471,0.894
3LbCaBwW6BT11oQpWiuGDbGDU3K9gy4NUXEEbSGtHRdm,CONE,RUGGED,3.1811e-08,4.2188e-08,31.81,3861,39.32,4772,36.08,4380,5.575,676.59,2026-10-04 18:50:11,2026-10-04 18:50:14,4.4,3.6084e-08,4.082,1.67,2.49,CLOSED,rug-liquidity-collapse,0.05,0.09169,1.834
38rS6KN4zQVzSuoHqXUaJAQtnFyXnFm4myiM8eRhpump,FISH,RUGGED,2.8887e-08,3.0432e-08,28.89,3506,28.35,3441,65.66,7970,0.485,58.83,2026-10-04 18:54:19,2026-10-04 18:54:22,0.3,6.5663e-08,0.063,1.63,1.63,CLOSED,rug-liquidity-collapse,0.05,0.10663,2.132
9ga6aoxDj33VwoNHCdRWgipsfPfNyJ5uqwjkjCVopump,lomo ,RUGGED,2.8889e-08,3.1007e-08,28.89,3506,28.89,3506,27.96,3393,0.495,60.08,2026-10-04 18:37:31,2026-10-04 18:37:34,17.1,2.7959e-08,0.0,0.97,1.03,CLOSED,rug-liquidity-collapse,0.05,0.04456,0.891
7UFrvM3Nav5sg35UrGrEGmnYHXo2NqLu8zmRFsRrpump,Dotland,RUGGED,2.8889e-08,5.3192e-08,28.89,3506,49.58,6017,28.72,3485,9.949,1207.47,2026-10-04 18:53:08,2026-10-04 18:53:10,1.5,2.8717e-08,0.404,1.31,1.61,CLOSED,rug-liquidity-collapse,0.05,0.0267,0.534
3AhHWp3cbpYcEuBFa6PfG5u8HpiAMFw3KHAn2Gpbpump,BROKER,RUGGED,2.9830e-08,3.2775e-08,29.83,3620,30.54,3706,27.96,3393,1.353,164.22,2026-10-04 18:54:28,2026-10-04 18:54:30,0.2,2.7959e-08,0.0,0.9,0.9,CLOSED,rug-liquidity-collapse,0.05,0.04216,0.843
4DW7S34zsDV4PV5YZNq8xQ9bWuAwirMgT1tBLfDJpump,Cash Carti,RUGGED,2.8125e-08,3.5320e-08,28.12,3414,32.91,3995,10.15,1232,0.104,12.63,2026-10-04 18:54:14,2026-10-04 18:54:16,0.5,1.0152e-08,0.032,0.76,1.02,CLOSED,rug-liquidity-collapse,0.05,0.0142,0.284
2f8Bjh8V8aXkewHyn4Ab6z1K4yRHATRjyniW7LcviV9m,SLOP,RUGGED,3.1811e-08,4.7925e-08,31.81,3861,44.67,5421,39.64,4811,7.918,961.03,2026-10-04 18:54:24,2026-10-04 18:54:27,0.3,3.9639e-08,5.721,1.26,1.4,CLOSED,rug-liquidity-collapse,0.05,0.04089,0.818
3PV9HDFET86akdybT2AFwr3ebhnHHzkcyQ9kFr3qpump,GORLAX,RUGGED,2.8088e-08,3.3309e-08,28.09,3409,31.04,3767,11.77,1428,0.077,9.3,2026-10-04 18:54:25,2026-10-04 18:54:27,0.3,1.1767e-08,0.029,0.33,0.39,CLOSED,rug-liquidity-collapse,0.05,0.01746,0.349
6y97oMc9DYTgkdTPokfBS1QiQVCU6MMJT7usydWdpump,MESSI,RUGGED,2.8068e-08,2.9393e-08,28.07,3407,27.38,3324,8.7,1056,0.057,6.95,2026-10-04 18:54:26,2026-10-04 18:54:28,0.3,8.7037e-09,0.107,1.98,1.98,CLOSED,rug-liquidity-collapse,0.05,0.01463,0.293
EWpPVXVKj8wBjyRrBYwPHV5L24ucB1efooRTLLfkpump,STREAMER,RUGGED,3.3754e-08,5.3944e-08,33.75,4097,50.28,6102,27.96,3393,10.23,1241.66,2026-10-04 18:54:00,2026-10-04 18:54:03,0.8,2.7959e-08,0.0,0.54,1.07,CLOSED,rug-liquidity-collapse,0.05,0.02563,0.513
FN3k8YEkGp6Cjs8iriEAtBmHwV91RaV6PhZ85T7upump,GOOB,RUGGED,2.8070e-08,2.6041e-08,28.07,3407,24.26,2944,30.72,3728,0.051,6.22,2026-10-04 18:54:03,2026-10-04 18:54:05,0.8,3.0716e-08,0.067,3.09,7.05,CLOSED,rug-liquidity-collapse,0.05,0.22874,4.574
F2ETXBebaGu4b7xdEuK2wy1753iNsPUG5Mx7R5FQpump,monkdog,RUGGED,2.8416e-08,3.0500e-08,28.42,3449,28.42,3449,12.97,1574,0.244,29.67,2026-10-04 18:53:27,2026-10-04 18:53:29,1.4,1.2971e-08,0.0,0.43,1.51,CLOSED,rug-liquidity-collapse,0.05,0.02101,0.42
3DjyGrsRcC48ZW61zxAiphHHYVL5XThahHHfGDEepump,CHAMP,RUGGED,2.9830e-08,3.2016e-08,29.83,3620,29.83,3620,27.96,3393,0.988,119.87,2026-10-04 18:54:21,2026-10-04 18:54:23,0.6,2.7959e-08,0.0,0.89,0.92,CLOSED,rug-liquidity-collapse,0.05,0.04316,0.863
D7DsxNxzBRkgHycGHEyfJcDmG8RpDmqppnHcNQYw9EWp,NARA,RUGGED,3.0212e-08,3.2425e-08,30.21,3667,30.21,3667,27.96,3393,1.185,143.85,2026-10-04 18:54:57,2026-10-04 18:55:00,0.1,2.7959e-08,0.0,0,0,CLOSED,rug-liquidity-collapse,0.05,0.04262,0.852
H3XVafAqdkd4MnNqPc5NWkRQhvJaBod8EwYcRyggpump,FERSPE,RUGGED,2.8070e-08,1.5609e-08,28.07,3407,14.52,1762,4.15,503,0.031,3.72,2026-10-04 18:54:37,2026-10-04 18:54:39,0.5,4.1474e-09,0.531,0.55,0.71,CLOSED,rug-liquidity-collapse,0.05,0.0131,0.262
DoRS8v15Pz25MGK34P5XMGyezRP84s6gpeG2NZzTpump,Winning,RUGGED,3.1769e-08,4.4458e-08,31.77,3856,41.43,5029,28.2,3422,6.52,791.32,2026-10-04 18:21:08,2026-10-04 18:21:11,34.0,2.8198e-08,0.128,0.65,1.2,CLOSED,rug-liquidity-collapse,0.05,0.03136,0.627
G2rKbwbdFJysgmULRr9rpTE1N71zPoQ6SGJ6hYw9pump,KILLERPAD,RUGGED,2.8497e-08,3.1182e-08,28.5,3459,29.05,3526,27.96,3393,0.581,70.51,2026-10-04 18:51:31,2026-10-04 18:51:33,3.7,2.7959e-08,0.0,0.9,0.91,CLOSED,rug-liquidity-collapse,0.05,0.04431,0.886
6rmqxh5ycNbcyBDQVrKJ1qidUGZb3T8gvjdXVNTfpump,COLLECTASH,RUGGED,3.5546e-08,7.8820e-08,35.55,4314,73.48,8918,31.59,3834,18.635,2261.69,2026-10-04 18:55:02,2026-10-04 18:55:05,0.2,3.1587e-08,1.887,1.02,1.02,CLOSED,rug-liquidity-collapse,0.05,0.01982,0.396
3Qfiekckn8FsDDjyQXPTExWdyVEMBYiHuTFTfvp6HZRh,QUOTA,RUGGED,2.8899e-08,3.1017e-08,28.9,3507,28.9,3507,27.96,3393,0.5,60.69,2026-10-04 18:54:52,2026-10-04 18:54:55,0.4,2.7959e-08,0.0,0.92,0.92,CLOSED,rug-liquidity-collapse,0.05,0.04455,0.891
FNJXaBpPzeGjMFAyVuB7YcKpM29gnNM21C2hYZaopump,FISH,RUGGED,2.8700e-08,2.2302e-08,28.7,3483,20.77,2520,25.21,3060,0.286,34.7,2026-10-04 18:54:48,2026-10-04 18:54:51,0.5,2.5214e-08,0.765,1.11,1.11,CLOSED,rug-liquidity-collapse,0.05,0.05583,1.116
BMkfrHmhDuKWoU9povAGzUNzcMEPGhuYmjg87FjCpump,QUOTA,RUGGED,2.8488e-08,1.4775e-07,28.49,3458,137.77,16721,28.38,3445,36.595,4441.55,2026-10-04 18:54:39,2026-10-04 18:54:41,0.7,2.8385e-08,0.227,0.47,0.93,CLOSED,rug-liquidity-collapse,0.05,0.0095,0.19
4EdLNB294xm59DPDrXpwuAnLsZAwx5BJUP3mWjzZdPui,root,RUGGED,2.9279e-08,3.2779e-08,29.28,3554,30.54,3707,28.92,3509,1.355,164.46,2026-10-04 18:55:12,2026-10-04 18:55:15,0.1,2.8915e-08,0.509,0,0,CLOSED,rug-liquidity-collapse,0.05,0.0436,0.872
HG2FkADPD48YXv9tKfGEmBm3dGuQM1KS9kbznRGJpump,Privasta,RUGGED,2.8663e-08,3.2719e-08,28.66,3479,30.49,3700,28.1,3410,1.326,160.94,2026-10-04 18:33:37,2026-10-04 18:33:41,21.8,2.8097e-08,0.074,0.87,0.93,CLOSED,rug-liquidity-collapse,0.05,0.04244,0.849
GiqTdbvCPKX96rmhLx6BQq2tn6dSGgkbvFiMmEWbpump,DOGECHAD,RUGGED,2.8088e-08,3.0148e-08,28.09,3409,28.09,3409,27.96,3393,0.069,8.39,2026-10-04 18:54:17,2026-10-04 18:54:20,1.1,2.7959e-08,0.0,0.92,0.92,CLOSED,rug-liquidity-collapse,0.05,0.04583,0.917
Cf2bg2zPu7xAzwybwpiMCUnGKZHiAKxRUtkJDZE2pump,Orange,RUGGED,2.8747e-08,3.0605e-08,28.75,3489,28.51,3461,27.96,3393,0.296,35.96,2026-10-04 18:55:22,2026-10-04 18:55:25,0.1,2.7959e-08,0.0,0,0,CLOSED,rug-liquidity-collapse,0.05,0.04515,0.903
9C2LriGYFHrmsqXp58iCjLKYRG3TXDMcWJxBoNtypump,monkmode,RUGGED,2.8416e-08,3.7286e-08,28.42,3449,34.75,4217,6.94,842,0.299,36.28,2026-10-04 18:55:24,2026-10-04 18:55:26,0.1,6.9355e-09,0.066,0,0,CLOSED,rug-liquidity-collapse,0.05,0.00919,0.184
31ATqnkQiUPgbKtFCeattRLykVg6dgV42Yp5sFnppump,HELPDAD,RUGGED,2.9262e-08,3.2220e-08,29.26,3552,30.02,3644,31.29,3798,1.086,131.86,2026-10-04 18:51:32,2026-10-04 18:51:35,4.1,3.1290e-08,1.737,1.77,1.99,CLOSED,rug-liquidity-collapse,0.05,0.04799,0.96
3QkJnGYH585TazC9qEFpbQtMVzZFYjKnKR6dXby8pump,MESSI,RUGGED,2.8087e-08,5.1130e-08,28.09,3409,47.67,5785,13.97,1695,0.116,14.1,2026-10-04 18:55:29,2026-10-04 18:55:32,0.1,1.3968e-08,0.01,0,0,CLOSED,rug-liquidity-collapse,0.05,0.01351,0.27
29HQ799BGzN7SLZ5rAwa5Gozt3QPQoQhzZEysafSpump,QUOTA,RUGGED,2.9830e-08,3.2016e-08,29.83,3620,29.83,3620,27.96,3393,0.988,119.87,2026-10-04 18:55:07,2026-10-04 18:55:10,0.6,2.7959e-08,0.0,0.89,0.92,CLOSED,rug-liquidity-collapse,0.05,0.04316,0.863
AG13pxmwKBshqVFZu8Lhhzwg4y5JPTFBGHbm3kdE9rPr,AlyciaAI,RUGGED,2.8146e-08,3.1493e-08,28.15,3416,29.34,3561,28.31,3436,0.733,89.02,2026-10-04 18:55:08,2026-10-04 18:55:11,0.6,2.8308e-08,0.186,0.91,0.93,CLOSED,rug-liquidity-collapse,0.05,0.04442,0.888
Hra61S5nnJvnKzcY9enRqoFSvUJjW2x72L7coNRnpump,GNB,RUGGED,2.9811e-08,1.1526e-08,29.81,3618,10.71,1300,4.91,596,0.351,42.66,2026-10-04 18:55:22,2026-10-04 18:55:25,0.4,4.9097e-09,0.002,0.62,2.46,CLOSED,rug-liquidity-collapse,0.05,0.07697,1.539
J6Msr2HpNRd87jk4n1eWuBrMiY9m8Q1RCZpNL7vHpump,Marina,RUGGED,3.1146e-08,3.4474e-08,31.15,3780,32.12,3899,33.63,4082,1.715,208.17,2026-10-04 18:55:42,2026-10-04 18:55:45,0.2,3.3630e-08,0.0,0,0,CLOSED,rug-liquidity-collapse,0.05,0.04822,0.964
Auni1wARoAXzsTa6YUPoxDESyjnWBFV3URPXXoxopump,HC,RUGGED,2.8144e-08,1.4102e-08,28.14,3416,13.11,1592,2.08,253,0.046,5.6,2026-10-04 18:55:05,2026-10-04 18:55:08,0.8,2.0822e-09,0.025,0.54,1.12,CLOSED,rug-liquidity-collapse,0.05,0.00728,0.146
81An1FqvPpRHbpZmpUYhX99AUTsJfQsqCbkLmeVPpump,OTUS,RUGGED,2.8143e-08,3.0998e-08,28.14,3416,28.88,3505,28.18,3421,0.49,59.52,2026-10-04 18:34:08,2026-10-04 18:34:11,21.8,2.8183e-08,0.12,0.92,0.92,CLOSED,rug-liquidity-collapse,0.05,0.04493,0.899
8fy1jxiUhU4v9orETUPtY8noHjZcN4SLsUwEAMbGFb1U,ANON,RUGGED,2.8146e-08,3.1609e-08,28.15,3416,29.45,3574,27.96,3393,0.79,95.87,2026-10-04 18:34:09,2026-10-04 18:34:11,21.8,2.7959e-08,0.0,0.9,0.91,CLOSED,rug-liquidity-collapse,0.05,0.04371,0.874
EEo4RnUBNizDm3VjtGaoCCWCMdPoHwbHxmDKqZUbpump,AURADONALD,RUGGED,2.8328e-08,1.2249e-08,28.33,3438,11.39,1382,1.64,199,0.079,9.64,2026-10-04 18:55:38,2026-10-04 18:55:41,0.3,1.6385e-09,0.008,0.22,1.4,CLOSED,rug-liquidity-collapse,0.05,0.00659,0.132
G4jsBWWa7zfEjKgVwczKCsMLYsKzyPfBRsiWnvTzpump,INUX,RUGGED,2.9811e-08,3.5195e-08,29.81,3618,32.8,3981,22.03,2673,1.075,130.5,2026-10-04 18:55:51,2026-10-04 18:55:53,0.1,2.2025e-08,0.03,0,0,CLOSED,rug-liquidity-collapse,0.05,0.03093,0.619
Hmx5JvBaf45gSSwqQE38PnU5ji6KZZSM97uEi8mMpump,Onepiece,RUGGED,2.8070e-08,1.4279e-08,28.07,3407,13.28,1612,7.92,961,0.028,3.4,2026-10-04 18:52:53,2026-10-04 18:52:57,3.1,7.9168e-09,0.037,1.12,1.12,CLOSED,rug-liquidity-collapse,0.05,0.02735,0.547
FFuDaufj39nVRFcUA2p6BkFiACUbzJGcfLhQwikjpump,QUOTA,RUGGED,2.9830e-08,3.2016e-08,29.83,3620,29.83,3620,27.96,3393,0.988,119.87,2026-10-04 18:55:30,2026-10-04 18:55:32,0.6,2.7959e-08,0.0,0.89,0.92,CLOSED,rug-liquidity-collapse,0.05,0.04316,0.863
8JZQoAzitdi9uHwSF2HoeMpsTbZjiQWJduLFmtszpump,GOOPER,RUGGED,3.1720e-08,5.7253e-08,31.72,3850,53.38,6478,46.88,5689,3.281,398.22,2026-10-04 18:56:01,2026-10-04 18:56:03,0.1,4.6876e-08,0.022,0,0,CLOSED,rug-liquidity-collapse,0.05,0.04049,0.81
4JTQGDPWn4vgibe1su6ZQHzbR8eLMjn8zonXeHpepump,Goku,RUGGED,2.8422e-08,3.2186e-08,28.42,3450,29.99,3640,27.98,3395,1.07,129.82,2026-10-04 18:34:27,2026-10-04 18:34:30,21.7,2.7976e-08,0.009,0.88,0.92,CLOSED,rug-liquidity-collapse,0.05,0.04296,0.859
299At21fzWB8zdXZ2ZDWM84RU53zcoNtFk6mHmyPpump,YAKKAMON,RUGGED,2.8154e-08,3.7260e-08,28.15,3417,34.72,4215,10.4,1263,0.129,15.67,2026-10-04 18:54:49,2026-10-04 18:54:52,1.4,1.0404e-08,0.727,0.74,0.95,CLOSED,rug-liquidity-collapse,0.05,0.0138,0.276
GWoiuvagPoqoKX4zhTPvxmGq3hkZtT2bxEyaRAVDdA6u,FIZZZ,RUGGED,2.7959e-08,3.0904e-08,27.96,3393,28.79,3495,27.96,3393,0.444,53.94,2026-10-04 18:55:52,2026-10-04 18:55:55,0.3,2.7959e-08,0.0,0.92,0.92,CLOSED,rug-liquidity-collapse,0.05,0.04471,0.894
3JQVFmjPWjZ5Pv9FrJfZJUN8bQ2EM8CsPfhe4csgpump,HAMSTERPHI,RUGGED,2.8887e-08,3.1449e-08,28.89,3506,29.3,3556,28.61,3473,0.712,86.37,2026-10-04 18:54:48,2026-10-04 18:54:51,1.5,2.8612e-08,0.348,0.93,0.95,CLOSED,rug-liquidity-collapse,0.05,0.04496,0.899
5WwhVMJMcPkyRbKVXXkrFR3PqJw6zs8QyihN1BSKvT74,JARVIS,RUGGED,2.8899e-08,3.3355e-08,28.9,3507,31.08,3772,29.09,3531,1.63,197.79,2026-10-04 18:56:10,2026-10-04 18:56:12,0.1,2.9093e-08,0.602,0,0,CLOSED,rug-liquidity-collapse,0.05,0.04311,0.862
2JCmV62SGFBg8oxPX3snzvMd9SJsYNmPjCzSbdrLpump,MESSI,RUGGED,2.8087e-08,1.8568e-08,28.09,3409,17.28,2097,11.35,1378,0.189,22.98,2026-10-04 18:56:02,2026-10-04 18:56:05,0.4,1.1351e-08,0.028,1.63,1.75,CLOSED,rug-liquidity-collapse,0.05,0.03018,0.604
5WTzbVafLhN89vZnrsDDnLV17o7oveqNL6QKALiZp3py,ROCKY,RUGGED,2.7959e-08,3.0837e-08,27.96,3393,28.73,3487,27.96,3393,0.411,49.89,2026-10-04 18:56:04,2026-10-04 18:56:06,0.4,2.7959e-08,0.0,0.92,0.92,CLOSED,rug-liquidity-collapse,0.05,0.04481,0.896
3Rj8bQurHhuS68YvrCUzTKrj4iVBh9jqd7y1HUxtD7Ws,ACAT,RUGGED,2.7959e-08,3.6048e-08,27.96,3393,33.59,4077,27.96,3393,2.883,349.85,2026-10-04 18:49:53,2026-10-04 18:49:56,6.6,2.7959e-08,0.0,0.87,0.97,CLOSED,rug-liquidity-collapse,0.05,0.03834,0.767
CFAZF3wJqs8q5WnZoWdLNhQHYJBGrG4DTY44yeFpump,FISH,RUGGED,2.8514e-08,1.8295e-08,28.51,3461,17.03,2067,0.26,32,0.177,21.47,2026-10-04 18:55:35,2026-10-04 18:55:38,0.9,2.6319e-10,0.044,0.07,0.83,CLOSED,rug-liquidity-collapse,0.05,0.00071,0.014
ExwhT7DNBgKVkTykpxWpdkde98hpx82knMFu7KtGpump,TOAD,RUGGED,2.9305e-08,2.3955e-08,29.31,3557,22.31,2708,5.39,655,0.554,67.23,2026-10-04 18:47:11,2026-10-04 18:47:13,9.4,5.3935e-09,0.0,0.23,0.82,CLOSED,rug-liquidity-collapse,0.05,0.01112,0.222
3JRV56t56f4cT1VjrP8GfW9HwqnC5zKnhMaZ2Amwpump,PFAN,RUGGED,2.9093e-08,3.1226e-08,29.09,3531,29.09,3531,27.96,3393,0.602,73.12,2026-10-04 18:56:17,2026-10-04 18:56:20,0.3,2.7959e-08,0.0,0.92,0.92,CLOSED,rug-liquidity-collapse,0.05,0.04425,0.885
2m6KaGpJjiGR4yoRs7wg5or3LYckeGaJprVjjWkg82nk,REGGIE,RUGGED,2.7959e-08,3.0744e-08,27.96,3393,28.64,3477,27.96,3393,0.365,44.35,2026-10-04 18:56:13,2026-10-04 18:56:15,0.4,2.7959e-08,0.0,0.92,0.92,CLOSED,rug-liquidity-collapse,0.05,0.04494,0.899
FnwonMGuo17fEr4U5JfYrsyFvdndBtA3fbYhkEwipump,plug,RUGGED,2.8508e-08,2.5632e-08,28.51,3460,23.87,2898,18.2,2209,0.289,35.07,2026-10-04 18:56:17,2026-10-04 18:56:20,0.4,1.8203e-08,0.14,1.06,1.06,CLOSED,rug-liquidity-collapse,0.05,0.03508,0.702
7RkTP3VuxHcoU6MdRT8DM6fSSyg873cicJqXjEb7pump,RUNNER,RUGGED,2.8162e-08,1.8935e-08,28.16,3418,17.62,2139,2.55,309,0.068,8.25,2026-10-04 18:56:29,2026-10-04 18:56:31,0.2,2.5497e-09,0.313,0.38,0.38,CLOSED,rug-liquidity-collapse,0.05,0.00664,0.133
5j8BTF8xHg1MaQp7zHQRpkjW3UGYHX8c5SdZJKQ4WSoL,UNRNT,RUGGED,2.7977e-08,3.4193e-08,27.98,3396,31.86,3867,30.0,3642,2.025,245.74,2026-10-04 18:56:24,2026-10-04 18:56:27,0.3,3.0004e-08,1.078,0.97,0.97,CLOSED,rug-liquidity-collapse,0.05,0.04337,0.867
DKu2KTvK2jGxWeyMsd3qTSHM9g84SHY82qaHiHknTwAH,Wumpus,RUGGED,3.8055e-08,6.3165e-08,38.06,4619,58.88,7146,28.04,3404,13.535,1642.75,2026-10-04 18:53:23,2026-10-04 18:53:26,3.4,2.8043e-08,0.045,0.49,0.72,CLOSED,rug-liquidity-collapse,0.05,0.02195,0.439
DgoLx18vroQchs1umGwMwT5mJXXousa8QdQuBGDmpump,Ahmet,RUGGED,2.8515e-08,3.0606e-08,28.52,3461,28.52,3461,27.96,3393,0.297,36.05,2026-10-04 18:55:53,2026-10-04 18:55:56,0.9,2.7959e-08,0.0,0.92,0.92,CLOSED,rug-liquidity-collapse,0.05,0.04515,0.903
FDAkNjzvhuFCHXWziaNWnbMoG2CD7zSfxsj8hjcPb1Bv,Reginald,RUGGED,3.2813e-08,4.1822e-08,32.81,3983,38.97,4730,31.0,3762,5.42,657.83,2026-10-04 18:56:24,2026-10-04 18:56:26,0.4,3.0996e-08,1.587,1.02,1.13,CLOSED,rug-liquidity-collapse,0.05,0.03664,0.733
6iD3UVgDyfnuq8VzUaQaZimcYa5bJUYZdaK7v9dapump,hivemind ,RUGGED,2.9549e-08,3.7080e-08,29.55,3586,34.55,4194,29.92,3631,3.35,406.6,2026-10-04 18:49:42,2026-10-04 18:49:44,7.2,2.9916e-08,1.032,1.09,4.69,CLOSED,rug-liquidity-collapse,0.05,0.13289,2.657
EVv5wgBj9i19SjmwG3LuhDEtXizw37WkXakqWrpTS34F,EI,RUGGED,3.3830e-08,3.6918e-08,33.83,4106,34.4,4175,27.96,3393,3.277,397.77,2026-10-04 18:53:06,2026-10-04 18:53:08,3.8,2.7959e-08,0.0,0.82,1.49,CLOSED,rug-liquidity-collapse,0.05,0.03744,0.749
5MjhoUL63oHwADRtNmevtG4KjGCT841GuLbUtTsdpump,Root,RUGGED,2.9357e-08,5.2945e-08,29.36,3563,49.35,5989,31.75,3854,9.856,1196.22,2026-10-04 18:56:15,2026-10-04 18:56:18,0.6,3.1750e-08,1.969,0.87,0.96,CLOSED,rug-liquidity-collapse,0.05,0.02965,0.593
BP9W4Ao4TMx2g8M8yuwcBg9Ct7JYRmZEvMFrkQRapump,Car,RUGGED,2.8329e-08,3.0406e-08,28.33,3438,28.33,3438,27.98,3396,0.198,24.03,2026-10-04 18:56:36,2026-10-04 18:56:39,0.3,2.7977e-08,0.01,0.92,0.92,CLOSED,rug-liquidity-collapse,0.05,0.04547,0.909
3yZNGdjzzR3MKa9aTXJ4aerCE2zAtw645J21kSE3pump,DOGE PAID,RUGGED,2.9811e-08,5.9927e-08,29.81,3618,55.87,6781,44.07,5349,1.866,226.45,2026-10-04 18:56:49,2026-10-04 18:56:52,0.1,4.4073e-08,0.03,0,0,CLOSED,rug-liquidity-collapse,0.05,0.03637,0.727
DuDbZBfgUqzdXNaDDgMxfpbY28jvBZLQ7AQrhVcdpump,EI,RUGGED,2.8014e-08,3.0069e-08,28.01,3400,28.01,3400,27.96,3393,0.03,3.6,2026-10-04 18:52:43,2026-10-04 18:52:45,4.3,2.7959e-08,0.0,0.92,0.92,CLOSED,rug-liquidity-collapse,0.05,0.04595,0.919
4VrKWcq1biuGaTfJ58dKESy3qTFbMVxL9Nuwqny2pump,ClarkSol,RUGGED,3.0409e-08,3.2636e-08,30.41,3691,30.41,3691,27.96,3393,1.287,156.16,2026-10-04 18:54:18,2026-10-04 18:54:21,2.7,2.7959e-08,0.0,0.92,0.92,CLOSED,rug-liquidity-collapse,0.05,0.04234,0.847
2cLnEnKUq6vgtMDWvGm8jQsyLSwKo8uq7p15ug6opump,QUOTA,RUGGED,2.9830e-08,3.2016e-08,29.83,3620,29.83,3620,27.96,3393,0.988,119.87,2026-10-04 18:56:26,2026-10-04 18:56:28,0.5,2.7959e-08,0.0,0.89,0.92,CLOSED,rug-liquidity-collapse,0.05,0.04316,0.863
HiCs8Lk5t8fEDEeJmbrnnbXhEfztyDXejqqcrAxvpump,VETO,RUGGED,2.9830e-08,3.3739e-08,29.83,3620,31.44,3815,29.28,3554,1.811,219.79,2026-10-04 18:56:43,2026-10-04 18:56:47,0.3,2.9280e-08,0.7,0.92,0.92,CLOSED,rug-liquidity-collapse,0.05,0.04289,0.858
7Lq6rSHDPArvecymeCHwxUmpnmuKVUpLQVrjH6vNpump,LOCH,RUGGED,2.9830e-08,3.9387e-08,29.83,3620,36.7,4455,27.98,3395,4.373,530.71,2026-10-04 18:56:28,2026-10-04 18:56:31,0.5,2.7976e-08,0.009,0.9,0.9,CLOSED,rug-liquidity-collapse,0.05,0.03511,0.702
A1ds4MHJb7TkWvyVckmwyS88ieZjJDn6rJLQBE1Ppump,GROK47,RUGGED,2.8011e-08,3.0065e-08,28.01,3400,28.01,3400,27.96,3393,0.028,3.4,2026-10-04 18:45:29,2026-10-04 18:45:31,11.6,2.7959e-08,0.0,0.92,0.92,CLOSED,rug-liquidity-collapse,0.05,0.04596,0.919
EudqHPJErJj7DNAxyXtJFkhZEA1ZGXi8kLRLFGnbpump,avexum,RUGGED,2.9394e-08,3.1569e-08,29.39,3568,29.41,3570,28.49,3457,0.77,93.51,2026-10-04 18:54:49,2026-10-04 18:54:51,2.3,2.8486e-08,0.282,0.94,0.97,CLOSED,rug-liquidity-collapse,0.05,0.04459,0.892
Fr5KhLXURS4cYJVECg6y62DHwNdVQu5aiNxizh5jpump,Enska,RUGGED,2.8125e-08,3.0187e-08,28.12,3414,28.12,3414,27.96,3393,0.089,10.79,2026-10-04 18:40:25,2026-10-04 18:40:28,16.7,2.7959e-08,0.0,0.92,0.92,CLOSED,rug-liquidity-collapse,0.05,0.04577,0.915
HmMWvnkTE5q5j6uD9ZezTrA87n2RWEgJKojhzAHSpump,JAS,RUGGED,2.8756e-08,3.2559e-08,28.76,3490,30.34,3682,27.96,3393,1.25,151.68,2026-10-04 18:56:05,2026-10-04 18:56:07,1.1,2.7959e-08,0.0,0.92,0.92,CLOSED,rug-liquidity-collapse,0.05,0.04244,0.849
At1awhyBKCryzLVsLWADMZpXS9sSWNS7woQURNR5pump,MESSI,RUGGED,2.8142e-08,4.5367e-08,28.14,3416,42.29,5133,17.45,2117,0.147,17.83,2026-10-04 18:57:04,2026-10-04 18:57:06,0.1,1.7446e-08,0.03,0,0,CLOSED,rug-liquidity-collapse,0.05,0.01901,0.38
21aiVr9baztkRoNVYLmUU6BNCTkRcsRdCDtCWchTpump,NFL,RUGGED,2.8070e-08,3.0128e-08,28.07,3407,28.07,3407,28.03,3402,0.059,7.19,2026-10-04 18:53:26,2026-10-04 18:53:28,3.8,2.8028e-08,0.037,0.92,0.92,CLOSED,rug-liquidity-collapse,0.05,0.04597,0.919
HiHJjVda9njgrGkPLEq9yXh9fhtfpnoqHfg5Yznwpump,Chonk,RUGGED,2.8758e-08,3.2695e-08,28.76,3490,30.46,3697,28.76,3490,1.315,159.55,2026-10-04 18:56:20,2026-10-04 18:56:23,0.9,2.8758e-08,0.426,0.92,0.92,CLOSED,rug-liquidity-collapse,0.05,0.04347,0.869
2dFEQCd6T7r27uEWMazSgzg1JBGBmFBYX5E624nWpump,QUOTA,RUGGED,2.9830e-08,3.2016e-08,29.83,3620,29.83,3620,27.96,3393,0.988,119.87,2026-10-04 18:56:42,2026-10-04 18:56:44,0.6,2.7959e-08,0.0,0.89,0.92,CLOSED,rug-liquidity-collapse,0.05,0.04316,0.863
FefARNAriiZVprLFaAR1iQgXRmS4YBN2t8jQf5PUBPCt,INFLUENCER,RUGGED,2.9854e-08,3.0758e-08,29.85,3623,28.66,3478,28.01,3399,0.372,45.15,2026-10-04 18:56:58,2026-10-04 18:57:00,0.3,2.8009e-08,0.027,0.92,0.92,CLOSED,rug-liquidity-collapse,0.05,0.045,0.9
EL9pAG65G2sZdfo8SjSPjvTTidcc78J8MLS8RFV9pump,Cooked,RUGGED,2.9031e-08,1.6724e-07,29.03,3524,155.96,18929,37.95,4606,40.854,4958.48,2026-10-04 18:46:17,2026-10-04 18:46:19,11.0,3.7946e-08,4.95,0.51,1.04,CLOSED,rug-liquidity-collapse,0.05,0.01122,0.224
Hey4D6H6Fbf1z2hHw2mzx63ysQBrgcNgbCRR9eKd3Zxr,root,RUGGED,3.3830e-08,3.8538e-08,33.83,4106,35.91,4359,27.96,3393,4.0,485.48,2026-10-04 18:57:07,2026-10-04 18:57:10,0.2,2.7959e-08,0.0,0.87,0.87,CLOSED,rug-liquidity-collapse,0.05,0.03586,0.717
FYvKLC5rDRwK53GNpfmG84yoFcGgAL28uEu3tnENSEsh,Darya,RUGGED,3.3830e-08,5.4984e-08,33.83,4106,51.25,6220,31.23,3790,10.616,1288.51,2026-10-04 18:57:13,2026-10-04 18:57:15,0.1,3.1228e-08,1.705,0,0,CLOSED,rug-liquidity-collapse,0.05,0.02808,0.562
56Bq7VRzFdnU1pzfPkjN8vFK9bEZZnttssXWbCqrpump,Scarce,RUGGED,3.3754e-08,3.1991e-08,33.75,4097,29.81,3618,29.32,3558,0.976,118.41,2026-10-04 18:57:08,2026-10-04 18:57:11,0.2,2.9317e-08,0.72,1.01,1.01,CLOSED,rug-liquidity-collapse,0.05,0.04529,0.906
3XrB3AHece69VWWY39JWYvW3kiobPbSCqB9bBMBspump,EGOLESS,RUGGED,2.8665e-08,3.0766e-08,28.66,3479,28.66,3479,27.96,3393,0.376,45.66,2026-10-04 18:46:53,2026-10-04 18:46:55,10.5,2.7959e-08,0.0,0.92,0.92,CLOSED,rug-liquidity-collapse,0.05,0.04491,0.898
97yR3wAczpwShND6vsAgNkfV4cg5sbFjj6kQh3w3pump,DERP,RUGGED,2.8878e-08,3.1045e-08,28.88,3505,28.92,3511,40.62,4930,0.513,62.32,2026-10-04 18:57:11,2026-10-04 18:57:14,0.2,4.0622e-08,0.204,1.28,1.28,CLOSED,rug-liquidity-collapse,0.05,0.06467,1.293
4KFYmJPFJADnNsJ6yAmcecZNzops1VwZwFfJrcWYpump,Meowl,RUGGED,3.4160e-08,8.2193e-08,34.16,4146,76.63,9300,28.45,3453,19.665,2386.7,2026-10-04 18:45:52,2026-10-04 18:45:54,11.6,2.8449e-08,0.262,0.38,1.39,CLOSED,rug-liquidity-collapse,0.05,0.01712,0.342
24Atk7Z4BMDtvacbkuoKV46ssrD4KBsLMCFT7e54pump,FrogGirl,RUGGED,2.8070e-08,3.0128e-08,28.07,3407,28.07,3407,30.9,3750,0.059,7.21,2026-10-04 18:53:33,2026-10-04 18:53:36,3.9,3.0898e-08,0.0,1.02,1.02,CLOSED,rug-liquidity-collapse,0.05,0.05068,1.014
Djg1jZFT8QBKjJeudJbgjjJJJq99YAMqkEsndCNSqGGY,WMYST,RUGGED,2.7959e-08,3.0730e-08,27.96,3393,28.63,3475,27.96,3393,0.358,43.48,2026-10-04 18:57:10,2026-10-04 18:57:12,0.4,2.7959e-08,0.0,0.92,0.92,CLOSED,rug-liquidity-collapse,0.05,0.04496,0.899
FQfXqYczPxGfymzJVQq98Mu5Dx6E3phYeaYRYkyapump,UP,RUGGED,2.8757e-08,3.4711e-08,28.76,3490,32.34,3925,28.12,3414,2.266,275.06,2026-10-04 18:56:55,2026-10-04 18:56:58,0.7,2.8125e-08,0.089,0.85,0.93,CLOSED,rug-liquidity-collapse,0.05,0.04005,0.801
7p5YwohpBK6fp3qwPZJ62gTD5Ynrvv1LFWfTTgBQpump,EMOINU,RUGGED,3.1652e-08,4.4123e-08,31.65,3842,41.12,4991,28.21,3424,6.382,774.58,2026-10-04 18:52:52,2026-10-04 18:52:54,4.8,2.8212e-08,0.135,0.69,0.95,CLOSED,rug-liquidity-collapse,0.05,0.03161,0.632
BCvz2tK593YSzRuqJbqidjRerH12kYSBCyaBZMUCpump,banger,RUGGED,2.9031e-08,1.1794e-07,29.03,3524,109.97,13347,30.0,3642,29.497,3580.07,2026-10-04 18:56:05,2026-10-04 18:56:08,1.6,3.0004e-08,1.078,0.86,0.94,CLOSED,rug-liquidity-collapse,0.05,0.01258,0.252
DbgFH19ECtf9dJFgSj7bS5KATR8EdGDza8g8zwjVSpZk,NIGGY,RUGGED,3.7921e-08,4.0693e-08,37.92,4602,37.92,4602,27.96,3393,4.938,599.36,2026-10-04 18:57:26,2026-10-04 18:57:29,0.2,2.7959e-08,0.0,0.92,0.92,CLOSED,rug-liquidity-collapse,0.05,0.03397,0.679
8cTtZYBPT9P6om49txu1cQW2RZNs4aM3ATVZibWTpump,GOOPER,RUGGED,2.8070e-08,3.6951e-08,28.07,3407,34.44,4180,31.7,3847,0.073,8.85,2026-10-04 18:56:44,2026-10-04 18:56:47,1.0,3.1700e-08,0.0,0.85,1.1,CLOSED,rug-liquidity-collapse,0.05,0.04241,0.848
4gVamf8jfTSCPSif7CoW1i8WqzXZtYiYheJLDC1Wpump,MESSI,RUGGED,2.8087e-08,2.7372e-08,28.09,3409,25.5,3095,6.86,833,0.062,7.54,2026-10-04 18:56:28,2026-10-04 18:56:31,1.3,6.8609e-09,0.047,0.5,0.57,CLOSED,rug-liquidity-collapse,0.05,0.01238,0.248
BkG2Ppr9Gogbhfg5pegnN6MyvvKxD2WaUWrWR2FTpump,STEVEDOIT,RUGGED,2.8088e-08,4.2340e-08,28.09,3409,39.47,4790,38.84,4714,0.097,11.82,2026-10-04 18:57:27,2026-10-04 18:57:29,0.3,3.8841e-08,0.0,1.17,1.17,CLOSED,rug-liquidity-collapse,0.05,0.04535,0.907
Fp4rma8dvqvofqsHCmCjoQhxyeS5sqfWbSZc6rRupump,plug,RUGGED,2.8508e-08,1.4309e-08,28.51,3460,13.31,1615,71.04,8622,0.159,19.35,2026-10-04 18:57:33,2026-10-04 18:57:35,0.2,7.1041e-08,0.019,2.25,2.25,CLOSED,rug-liquidity-collapse,0.05,0.16579,3.315
2oetGH1Cgo89aETiEhHkZu2GSktm2SCJdEwUeHxbpump,monkmode,RUGGED,2.9644e-08,3.1817e-08,29.64,3598,29.64,3598,27.96,3393,0.891,108.13,2026-10-04 18:57:14,2026-10-04 18:57:16,0.6,2.7959e-08,0.0,0.92,0.92,CLOSED,rug-liquidity-collapse,0.05,0.04343,0.869
4Ue7DNtchYcehezi1yYWj9w3uD1UjXyzDf2rpQfhpump,ORACLE,RUGGED,3.1378e-08,3.6908e-08,31.38,3808,34.39,4174,31.24,3791,3.273,397.21,2026-10-04 18:53:24,2026-10-04 18:53:27,4.5,3.1239e-08,1.711,0.99,1.27,CLOSED,rug-liquidity-collapse,0.05,0.04184,0.837
D4CLU4s5oPxAx1ygmg4TqtkSmkSnzX7ZGbeVhjmipump,BMWM4,RUGGED,2.9830e-08,2.1267e-08,29.83,3620,19.8,2403,10.65,1293,0.656,79.59,2026-10-04 18:57:47,2026-10-04 18:57:50,0.2,1.0654e-08,0.353,1.68,1.68,CLOSED,rug-liquidity-collapse,0.05,0.02474,0.495
FuMT4J8BftXUk6zaxsTxtCaFDWPvbjCNrWvasAiupump,TGB,RUGGED,2.8421e-08,3.7645e-08,28.42,3449,35.08,4257,30.8,3739,3.603,437.33,2026-10-04 18:57:48,2026-10-04 18:57:51,0.2,3.0804e-08,1.489,1.01,1.01,CLOSED,rug-liquidity-collapse,0.05,0.04045,0.809
4QxzgpzHfpZBtnpL9oybCwrfzHeeBi1FZWm7T4KRpump,POKE30,RUGGED,2.8147e-08,3.5270e-08,28.15,3416,32.87,3989,2.39,291,0.118,14.28,2026-10-04 18:57:43,2026-10-04 18:57:46,0.4,2.3944e-09,0.184,0.34,0.54,CLOSED,rug-liquidity-collapse,0.05,0.00335,0.067
5hdeiUi5uPkY6tNq1iWdsxzAfeGfVPPynRnk3NBWpump,Uptober,RUGGED,2.8052e-08,3.0110e-08,28.05,3405,28.05,3405,27.96,3393,0.05,6.08,2026-10-04 18:36:20,2026-10-04 18:36:23,21.8,2.7959e-08,0.0,0.94,0.94,CLOSED,rug-liquidity-collapse,0.05,0.04589,0.918
5YixALzpbz9jGxtRhe2ipWXbYAyDmxxYAPfu5S6DrnQ1,MORGUE,RUGGED,3.0212e-08,3.1134e-08,30.21,3667,29.01,3521,27.96,3393,0.557,67.65,2026-10-04 18:27:50,2026-10-04 18:27:53,30.4,2.7959e-08,0.0,0.91,0.92,CLOSED,rug-liquidity-collapse,0.05,0.04438,0.888
5Sfpwto2E8BebNLop9dgkZu1fSg6D4HqV3NdYWv2pump,SSI,RUGGED,3.0596e-08,3.2837e-08,30.6,3713,30.6,3713,28.38,3444,1.383,167.82,2026-10-04 18:54:33,2026-10-04 18:54:35,3.7,2.8376e-08,0.223,0.94,0.94,CLOSED,rug-liquidity-collapse,0.05,0.04271,0.854
7PpdhgBGGuP3dSP4D4WmJ5THUvxieXLCnCH6nH5yobdd,Launchpad,RUGGED,3.5912e-08,8.8535e-08,35.91,4359,82.54,10018,27.99,3397,21.546,2615.07,2026-10-04 18:57:14,2026-10-04 18:57:16,1.0,2.7988e-08,0.016,0.33,0.69,CLOSED,rug-liquidity-collapse,0.05,0.01563,0.313
6FYV11bMvmo4WMJF1nwTh5AHBZJD2mXxyrrcz8162ii,LAUNCHPAD,RUGGED,2.9854e-08,3.3142e-08,29.85,3623,30.88,3748,28.49,3457,1.528,185.46,2026-10-04 18:58:05,2026-10-04 18:58:07,0.1,2.8487e-08,0.282,0,0,CLOSED,rug-liquidity-collapse,0.05,0.04248,0.85
6sSyxsAxHL81nC9Cp9AzYbJe6cgdFR2XNbFu7AR6pump,JUMP,RUGGED,2.9811e-08,3.9517e-08,29.81,3618,36.83,4470,54.34,6596,1.22,148.11,2026-10-04 18:58:07,2026-10-04 18:58:09,0.1,5.4344e-08,0.02,0,0,CLOSED,rug-liquidity-collapse,0.05,0.06799,1.36
2QCWeagh1iHCHr26g7iLGJsrCFGUnteEcVfBo6U7pump,HFYF,RUGGED,2.9830e-08,3.2975e-08,29.83,3620,30.72,3729,28.83,3499,1.449,175.83,2026-10-04 18:58:12,2026-10-04 18:58:14,0.1,2.8825e-08,0.461,0,0,CLOSED,rug-liquidity-collapse,0.05,0.0432,0.864
JLGVcFs8uWp8V8Zfsk8XrxPtwspBMXfGSqcG4bKpump,SON,RUGGED,3.1721e-08,3.4044e-08,31.72,3850,31.72,3850,27.96,3393,1.955,237.22,2026-10-04 18:42:42,2026-10-04 18:42:45,15.7,2.7959e-08,0.0,0.92,1.16,CLOSED,rug-liquidity-collapse,0.05,0.04059,0.812
5aakNjot4cYjW41vb4651oPqXFhpQVyNY8YLtLCmpump,UP,RUGGED,2.8757e-08,3.4343e-08,28.76,3490,32.0,3884,28.41,3448,2.095,254.23,2026-10-04 18:58:13,2026-10-04 18:58:16,0.1,2.8411e-08,0.241,0,0,CLOSED,rug-liquidity-collapse,0.05,0.04089,0.818
DLkUux5JfKGi6pf8vCJMHuvavML7c1xjLDLF9CwYpump,TERMI,RUGGED,2.8213e-08,1.6664e-08,28.21,3424,15.51,1882,0.03,3,0.075,9.08,2026-10-04 18:56:26,2026-10-04 18:56:28,2.0,2.6265e-11,0.005,0.0,1.08,CLOSED,rug-liquidity-collapse,0.05,7e-05,0.001
Ag2rVVk9VEBESQJDqQvsD8uE95L7JGpMVAHzSKbupump,SAVPIR,RUGGED,2.9811e-08,3.7688e-08,29.81,3618,35.12,4263,37.4,4539,1.151,139.75,2026-10-04 18:58:19,2026-10-04 18:58:22,0.2,3.7399e-08,0.015,0,0,CLOSED,rug-liquidity-collapse,0.05,0.04905,0.981
Ci34kS6D9P45jifuuFDuZmwTjJWaWe8sSqbEvjA8TGqV,EMM,RUGGED,3.2813e-08,4.3047e-08,32.81,3983,40.12,4869,28.02,3400,5.935,720.36,2026-10-04 18:57:30,2026-10-04 18:57:33,1.0,2.8016e-08,0.031,0.9,1.32,CLOSED,rug-liquidity-collapse,0.05,0.03218,0.643
7n2A4s1qEAsHhYictu6ansJawFzQXaduFqg4xtLGpump,BATCAT,RUGGED,2.8144e-08,3.0998e-08,28.14,3416,28.88,3505,27.96,3393,0.491,59.55,2026-10-04 18:36:15,2026-10-04 18:36:18,22.3,2.7959e-08,0.0,0.91,0.92,CLOSED,rug-liquidity-collapse,0.05,0.04457,0.891
6N7wbjWyDqHfRvPSyid4yHw5qb7kTrt1CkdjcYtcpump,GIGAPOPE,RUGGED,2.9834e-08,4.2375e-08,29.83,3621,39.49,4793,27.96,3393,5.653,686.16,2026-10-04 18:55:22,2026-10-04 18:55:25,3.2,2.7959e-08,0.0,0.81,0.92,CLOSED,rug-liquidity-collapse,0.05,0.03262,0.652
ADYfqg3MnWt1C7fzrrkCsHfuHHaZVGKmXcHJHY7jpump,MESSI,RUGGED,2.8142e-08,1.3605e-08,28.14,3416,12.65,1535,14.82,1799,0.044,5.33,2026-10-04 18:58:23,2026-10-04 18:58:25,0.2,1.4823e-08,0.0,1.14,1.14,CLOSED,rug-liquidity-collapse,0.05,0.05375,1.075
8CA6tR2EPCxwRSnEmWsXvc9GieXL89ZpR7r4SZwupump,tst,RUGGED,3.7921e-08,3.9302e-08,37.92,4602,36.62,4445,29.83,3620,4.335,526.18,2026-10-04 18:58:28,2026-10-04 18:58:30,0.1,2.9826e-08,0.985,0,0,CLOSED,rug-liquidity-collapse,0.05,0.03751,0.75
5U3W1Wyi9a7TBjWFXXC5AfoaXPGvVVQTNU4itocHpump,FHC,RUGGED,2.9811e-08,2.6640e-08,29.81,3618,24.81,3012,9.22,1119,0.833,101.09,2026-10-04 18:58:30,2026-10-04 18:58:33,0.1,9.2212e-09,0.017,0,0,CLOSED,rug-liquidity-collapse,0.05,0.0171,0.342
AGiUebSy7DKbjTfqSTfBej8AT3ehfhwPqoYA1eXqpump,ROTTER,RUGGED,3.0982e-08,3.3271e-08,30.98,3760,31.0,3762,27.96,3393,1.589,192.91,2026-10-04 18:52:23,2026-10-04 18:52:26,6.3,2.7959e-08,0.0,0.92,0.92,CLOSED,rug-liquidity-collapse,0.05,0.04153,0.831
3945Kuq6VcqMZFsng1rwtgVgcggpdsN5LAzxB6ngpump,mascotpad,RUGGED,2.8850e-08,3.1005e-08,28.85,3501,28.89,3506,27.99,3397,0.494,59.94,2026-10-04 18:57:51,2026-10-04 18:57:54,0.9,2.7992e-08,0.017,0.92,0.92,CLOSED,rug-liquidity-collapse,0.05,0.04462,0.892
H8CbgUiPats17deRjiYJyodCvqpaVQBjGPu6GrzRpump,BRAINPAD,RUGGED,2.8747e-08,3.0964e-08,28.75,3489,28.85,3501,27.98,3396,0.474,57.5,2026-10-04 18:58:13,2026-10-04 18:58:16,0.6,2.7977e-08,0.01,0.92,0.92,CLOSED,rug-liquidity-collapse,0.05,0.04465,0.893
2c2F6Y2bkJNWjobY9msxtmuZ4FMeUfGs4CYyYv2SbeZC,DOLLAR,RUGGED,4.9399e-08,5.8894e-08,49.4,5995,54.9,6663,30.79,3737,12.037,1460.9,2026-10-04 18:19:38,2026-10-04 18:19:40,39.2,3.0789e-08,1.481,0.83,0.84,CLOSED,rug-liquidity-collapse,0.05,0.02585,0.517
GWF87krYYfsHqC1SVZxA5XaiQRZo8xEQWcA3iL8pump,AgentRoom,RUGGED,3.0988e-08,3.3258e-08,30.99,3761,30.99,3761,27.96,3393,1.583,192.18,2026-10-04 18:58:21,2026-10-04 18:58:23,0.6,2.7959e-08,0.0,0.92,0.92,CLOSED,rug-liquidity-collapse,0.05,0.04155,0.831
XboT6rsmCp8xu2xsFreiuzYRwhvkSsk9Jp9P67Lpump,EGOINU,RUGGED,3.0794e-08,3.5437e-08,30.79,3738,33.02,4008,30.5,3701,2.603,315.87,2026-10-04 18:58:44,2026-10-04 18:58:47,0.2,3.0497e-08,1.332,0.97,0.97,CLOSED,rug-liquidity-collapse,0.05,0.04254,0.851
HXd8S7fQM5DyMWzzWRMZFPryjtXmj8GxYTFdJgQ5pump,DERP,RUGGED,2.9811e-08,1.6627e-08,29.81,3618,15.47,1878,35.98,4367,0.516,62.63,2026-10-04 18:58:40,2026-10-04 18:58:43,0.3,3.5981e-08,0.028,0.8,0.8,CLOSED,rug-liquidity-collapse,0.05,0.10679,2.136
3JRjpwD84XJsNmWeGSGqrgFzFru1uqtST6qhMkxXpump,HIPPO,RUGGED,2.8887e-08,3.0895e-08,28.89,3506,28.79,3494,27.96,3393,0.44,53.4,2026-10-04 18:58:38,2026-10-04 18:58:41,0.4,2.7959e-08,0.0,0.92,0.92,CLOSED,rug-liquidity-collapse,0.05,0.04472,0.894
4QBT9De99yzMzRFLV5S43k3kdaeR7vXXTn3QwkayKeVJ,$TEST,RUGGED,2.7959e-08,3.2012e-08,27.96,3393,29.83,3620,27.99,3397,0.986,119.63,2026-10-04 18:55:18,2026-10-04 18:55:21,3.8,2.7992e-08,0.018,0.92,0.92,CLOSED,rug-liquidity-collapse,0.05,0.04322,0.864
4pshneeA6bgq2bYacLiBQvGCv5s8CaTCUGUifFjqpump,MascotCat,RUGGED,2.8899e-08,3.1017e-08,28.9,3507,28.9,3507,28.9,3507,0.5,60.69,2026-10-04 18:58:51,2026-10-04 18:58:53,0.3,2.8899e-08,0.5,0.98,0.98,CLOSED,rug-liquidity-collapse,0.05,0.04604,0.921
BQDDZwN2V4qrVyfbmrvnNT62gj5fhbHUGS1KnEatpump,root,RUGGED,2.8328e-08,3.0425e-08,28.33,3438,28.35,3440,27.96,3393,0.207,25.17,2026-10-04 18:59:02,2026-10-04 18:59:05,0.2,2.7959e-08,0.0,0,0,CLOSED,rug-liquidity-collapse,0.05,0.04541,0.908
Fa9a5Br4D8ZA4q7MkpCXyEuLhGhJzxbbvbormp8KF6pJ,ANSEM,RUGGED,4.0095e-08,4.3882e-08,40.1,4866,40.9,4963,31.96,3879,6.282,762.49,2026-10-04 18:59:02,2026-10-04 18:59:05,0.1,3.1957e-08,2.073,0,0,CLOSED,rug-liquidity-collapse,0.05,0.036,0.72
HxhvLPS1znWnhUZuBHan3o6oDJdTLJjTY6LcXJLNpump,Orange,RUGGED,2.9811e-08,5.0265e-08,29.81,3618,46.85,5686,27.96,3393,8.833,1072.12,2026-10-04 18:55:00,2026-10-04 18:55:03,4.2,2.7959e-08,0.0,0.61,0.77,CLOSED,rug-liquidity-collapse,0.05,0.0275,0.55
G4XPHYdaBLLUvXLNfh8cavt6HPy8We2jjveFNyBVpump,SI,RUGGED,2.8106e-08,3.0167e-08,28.11,3411,28.11,3411,27.96,3393,0.079,9.59,2026-10-04 18:56:17,2026-10-04 18:56:20,3.0,2.7959e-08,0.0,0.92,0.92,CLOSED,rug-liquidity-collapse,0.05,0.0458,0.916
42HVBJveKvGsPgfpqymDnRW1jh92kHmv6gi1Gw7QDyXS,17,RUGGED,3.3830e-08,7.7214e-08,33.83,4106,71.98,8736,30.03,3645,18.136,2201.19,2026-10-04 18:43:10,2026-10-04 18:43:13,16.2,3.0028e-08,1.09,0.43,1.43,CLOSED,rug-liquidity-collapse,0.05,0.01923,0.385
DW2onYAb6v1HRr9kvjk1A3MffctwwoCmGvXRzjESpump,plug,RUGGED,2.8508e-08,2.5130e-08,28.51,3460,23.4,2841,6.72,816,0.241,29.23,2026-10-04 18:59:08,2026-10-04 18:59:10,0.2,6.7197e-09,0.087,1.88,1.88,CLOSED,rug-liquidity-collapse,0.05,0.01321,0.264
EyCXvK6kW1oC3f8m7u65UqELw3sMcGoFkq9ahKD8pump,GETPAID,RUGGED,2.9811e-08,2.0521e-08,29.81,3618,19.1,2319,54.51,6615,0.627,76.05,2026-10-04 18:59:05,2026-10-04 18:59:07,0.3,5.4505e-08,0.045,1.69,1.69,CLOSED,rug-liquidity-collapse,0.05,0.13116,2.623
AjgFNqJe1kjeVCEXVXcW6ibCKYcGBy9Bg8Lw2Q7SBmyp,MONDOCAT,RUGGED,2.8035e-08,3.0091e-08,28.03,3403,28.03,3403,27.98,3396,0.041,4.93,2026-10-04 18:59:13,2026-10-04 18:59:15,0.2,2.7977e-08,0.01,0.92,0.92,CLOSED,rug-liquidity-collapse,0.05,0.04595,0.919
3qbbSjXTQzLBG6LDMPqvZFQtw8Sp1Zes7z1atWtGpump,MYRVEXVX,RUGGED,2.8577e-08,3.6755e-08,28.58,3468,34.25,4157,28.87,3504,3.203,388.81,2026-10-04 18:56:24,2026-10-04 18:56:26,3.1,2.8872e-08,0.486,0.93,0.97,CLOSED,rug-liquidity-collapse,0.05,0.03883,0.777
EUPNgc1ADxvpLZj2BuMBYvhboUpU6PwLpjVQTBu6pump,tounge,RUGGED,2.8887e-08,3.2499e-08,28.89,3506,30.28,3675,27.96,3393,1.221,148.14,2026-10-04 18:59:18,2026-10-04 18:59:21,0.2,2.7959e-08,0.0,0.88,0.88,CLOSED,rug-liquidity-collapse,0.05,0.04252,0.85
9mazTWC4nciZvokThgpS7QcmpN3oJYp5BwK7dx7m9S8S,Vibes Coded,RUGGED,2.9854e-08,4.8541e-08,29.85,3623,45.24,5491,32.99,4004,8.161,990.51,2026-10-04 18:59:25,2026-10-04 18:59:27,0.2,3.2989e-08,2.587,0,0,CLOSED,rug-liquidity-collapse,0.05,0.0336,0.672
Ae1Y1h7qgGgU3Zc84hUUYBNmvwZkPVaCs77otEw82EXw,PVE,RUGGED,4.0261e-08,5.9258e-08,40.26,4886,55.23,6704,34.76,4219,12.166,1476.63,2026-10-04 18:48:38,2026-10-04 18:48:40,11.1,3.4759e-08,3.45,0.86,2.9,CLOSED,rug-liquidity-collapse,0.05,0.07217,1.443
BXT9k8zznZ6g3TFBHyvAvCMufNefz1mVQZW4vVj2pump,ANK,RUGGED,2.8236e-08,2.6727e-08,28.24,3427,24.9,3022,2.81,341,0.131,15.85,2026-10-04 18:59:31,2026-10-04 18:59:34,0.3,2.8081e-09,0.196,0.27,0.97,CLOSED,rug-liquidity-collapse,0.05,0.00519,0.104
526XcdnniHWWh4frV6RzKnunitGqjzevwVuKAHJWpump,STREAMER,RUGGED,3.3754e-08,3.6225e-08,33.75,4097,33.75,4097,27.97,3395,2.963,359.61,2026-10-04 18:54:36,2026-10-04 18:54:39,5.3,2.7971e-08,0.006,0.8,0.92,CLOSED,rug-liquidity-collapse,0.05,0.03817,0.763
9PDEaALzB6X9maNGaCUN2qrXsHUs2UYN5VpsBmZapump,ONETIME,RUGGED,2.8515e-08,3.2018e-08,28.52,3461,29.83,3621,28.5,3459,0.988,119.96,2026-10-04 18:55:48,2026-10-04 18:55:51,4.1,2.8503e-08,0.29,0.91,0.93,CLOSED,rug-liquidity-collapse,0.05,0.044,0.88
4tZJhBR1QtFJ22YMbyXFEQPqUhXxcCvMy5dpVizJpump,root,RUGGED,2.8700e-08,3.2631e-08,28.7,3483,30.4,3690,30.52,3704,1.284,155.83,2026-10-04 18:59:52,2026-10-04 18:59:55,0.2,3.0519e-08,1.343,1.25,1.25,CLOSED,rug-liquidity-collapse,0.05,0.04622,0.924
GbYiFEXgkX6xoxwSU6wGg27Kupii5TsH87SUGgXfpump,Gogeta,RUGGED,2.8422e-08,3.1301e-08,28.42,3450,29.16,3540,27.96,3393,0.639,77.58,2026-10-04 18:38:20,2026-10-04 18:38:22,21.8,2.7959e-08,0.0,0.91,0.93,CLOSED,rug-liquidity-collapse,0.05,0.04414,0.883
AFiuPLXFA69MzrhkyEPSwdJxuPqVv44pZHXuuBEpump,root,RUGGED,2.9031e-08,7.6160e-08,29.03,3524,71.0,8617,36.82,4469,17.806,2161.15,2026-10-04 18:59:21,2026-10-04 18:59:24,0.8,3.6822e-08,4.428,0.79,1.58,CLOSED,rug-liquidity-collapse,0.05,0.02391,0.478
63W6ivPnRH9fX91yGqLYgw6rh5SnvV31ZHsLDe1apump,AI,RUGGED,3.2560e-08,3.4944e-08,32.56,3952,32.56,3952,28.2,3423,2.374,288.19,2026-10-04 18:58:00,2026-10-04 18:58:03,2.3,2.8204e-08,0.131,0.93,1.0,CLOSED,rug-liquidity-collapse,0.05,0.03989,0.798
7bbqtgSRBf8yBwyiPLyPszY22oEcdLNnvUrSHVV4mNZm,ETEK,RUGGED,2.7996e-08,3.0049e-08,28.0,3398,28.0,3398,28.14,3416,0.02,2.43,2026-10-04 18:59:46,2026-10-04 18:59:48,0.5,2.8142e-08,0.098,0.94,0.94,CLOSED,rug-liquidity-collapse,0.05,0.04628,0.926
E5Z8fkfeHXnhsaKf98Ln5wJUZMMa8ch9ErvXuHwvpump,gumball,RUGGED,2.8143e-08,3.0207e-08,28.14,3416,28.14,3416,28.03,3402,0.099,11.99,2026-10-04 18:52:51,2026-10-04 18:52:53,7.5,2.8034e-08,0.04,0.92,0.92,CLOSED,rug-liquidity-collapse,0.05,0.04586,0.917
785HALjuuZtxGMo1kKhg2FaANkLQRa37f14PF7Zppump,Launchpad,RUGGED,8.3126e-08,7.6093e-08,83.13,10089,70.94,8610,28.19,3422,17.786,2158.63,2026-10-04 18:59:05,2026-10-04 18:59:07,1.3,2.8192e-08,0.125,0.39,0.87,CLOSED,rug-liquidity-collapse,0.05,0.01832,0.366
9j2SkjFxi3yGvvb9McvrTrtoWchFuccQGhZ5vTaKoQFE,DUMP,RUGGED,2.7959e-08,3.0958e-08,27.96,3393,28.84,3501,28.11,3412,0.471,57.16,2026-10-04 18:59:57,2026-10-04 19:00:00,0.4,2.8113e-08,0.083,0.92,0.92,CLOSED,rug-liquidity-collapse,0.05,0.04488,0.897
2yMeAXM2DgV2ocnyhMVsc86gnYU2BqGCXyXsoGrapump,PEBS,RUGGED,2.8070e-08,1.9486e-08,28.07,3407,18.14,2201,39.41,4784,0.038,4.66,2026-10-04 19:00:13,2026-10-04 19:00:16,0.2,3.9413e-08,0.083,1.59,1.59,CLOSED,rug-liquidity-collapse,0.05,0.09988,1.997
2PRWKsRW5abJKLpGT44vwU2GqjMgzKKnwKBdaQ7cJTVA,TROON,RUGGED,2.7959e-08,6.0960e-10,27.96,3393,0.52,63,0.4,48,0.06,7.31,2026-10-04 19:00:19,2026-10-04 19:00:22,0.1,3.9760e-10,0.0,0,0,CLOSED,rug-liquidity-collapse,0.05,0.02999,0.6
7BXkEjQbB1CbGcDP5uLCb4B1A9Ptt3NsjmSyHGFypump,UEFA COIN,RUGGED,2.8199e-08,3.1087e-08,28.2,3422,28.96,3515,97.31,11810,0.132,16.01,2026-10-04 18:59:38,2026-10-04 18:59:40,0.9,9.7307e-08,0.001,3.13,3.13,CLOSED,rug-liquidity-collapse,0.05,0.15579,3.115
BAsWVfJsycLr6UZ8JAzqk36eePW1Mxc1Uqkaob9upRCC,PRIZE,RUGGED,3.0212e-08,3.2425e-08,30.21,3667,30.21,3667,27.96,3393,1.185,143.85,2026-10-04 19:00:25,2026-10-04 19:00:27,0.1,2.7959e-08,0.0,0,0,CLOSED,rug-liquidity-collapse,0.05,0.04262,0.852
WwNBbjnE6Ef8DFrmAnCZdfT446cdyJZwvB6Adhppump,LAUNCHCAT,RUGGED,2.8083e-08,3.0143e-08,28.08,3408,28.08,3408,27.96,3393,0.067,8.09,2026-10-04 18:35:48,2026-10-04 18:35:51,24.8,2.7959e-08,0.0,0.92,0.92,CLOSED,rug-liquidity-collapse,0.05,0.04584,0.917
Fu8TdPGBBrKvuXbvNXFeBYBniCHaDrPAQQVb2RHPpump,SOL,RUGGED,2.8889e-08,3.1808e-08,28.89,3506,29.64,3597,28.65,3477,0.887,107.61,2026-10-04 18:52:46,2026-10-04 18:52:48,7.9,2.8652e-08,0.369,0.92,0.93,CLOSED,rug-liquidity-collapse,0.05,0.04452,0.89
EpimfBQCdLwGLxrKEgAiv4EiaQxvv6Yz8u5ADsRupump,VETO,RUGGED,3.5808e-08,3.0309e-08,35.81,4346,28.24,3427,27.96,3393,0.149,18.13,2026-10-04 18:54:35,2026-10-04 18:54:37,6.1,2.7959e-08,0.0,0.93,1.0,CLOSED,rug-liquidity-collapse,0.05,0.04559,0.912
DKRUXcMY9FeXU8zYouoMUPsiE9QdKqyfLU9UufQRpump,o/acc,RUGGED,2.9262e-08,3.1490e-08,29.26,3552,29.34,3561,28.1,3411,0.732,88.84,2026-10-04 18:58:13,2026-10-04 18:58:16,2.4,2.8102e-08,0.077,1.05,1.13,CLOSED,rug-liquidity-collapse,0.05,0.0441,0.882
69MRNmUNga7X5kQYmX8hVH6ep6HsZzf1Un21gYf8pump,simple,RUGGED,2.8427e-08,4.8978e-08,28.43,3450,45.65,5540,29.24,3549,8.333,1011.36,2026-10-04 19:00:18,2026-10-04 19:00:21,0.4,2.9245e-08,0.682,0.94,0.95,CLOSED,rug-liquidity-collapse,0.05,0.02952,0.59
2upuCLrVV2cNTQmFRLqrWHphBthk5A48f8ybhJQvUMrL,pad,RUGGED,2.9854e-08,3.5894e-08,29.85,3623,33.45,4059,27.98,3396,2.812,341.3,2026-10-04 18:59:43,2026-10-04 18:59:47,1.0,2.7976e-08,0.009,0.92,0.92,CLOSED,rug-liquidity-collapse,0.05,0.03853,0.77
5DsHEBUSNVP3Xx8uEqW2ACr9tjFFuNyc7LSC56fdpump,BCAT,RUGGED,3.4160e-08,5.1662e-08,34.16,4146,48.15,5844,33.4,4054,9.37,1137.2,2026-10-04 19:00:01,2026-10-04 19:00:03,0.7,3.3403e-08,2.791,0.83,0.9,CLOSED,rug-liquidity-collapse,0.05,0.03197,0.639
4D7vsqsPtpag3Mfe99SCfELxRFvcpLtajch9yC5CHo36,ADLFHTLR,RUGGED,2.7959e-08,3.4510e-08,27.96,3393,32.16,3903,27.96,3393,2.173,263.72,2026-10-04 18:59:36,2026-10-04 18:59:38,1.2,2.7959e-08,0.0,0.85,0.9,CLOSED,rug-liquidity-collapse,0.05,0.04004,0.801
Ehs65gjT4bJJ9vebSHTcEGvcjNVoTTb6PRwknD3spump,POKE30,RUGGED,2.8154e-08,5.4711e-08,28.15,3417,51.01,6191,8.24,1000,0.19,23.02,2026-10-04 18:59:45,2026-10-04 18:59:48,1.0,8.2415e-09,0.0,0.17,0.55,CLOSED,rug-liquidity-collapse,0.05,0.00745,0.149
9SXkv54J2pvD5WmxDUHnz2WgNQUQBDdQrtFcNYWXpump,senatepad,RUGGED,2.8747e-08,3.0944e-08,28.75,3489,28.83,3499,27.96,3393,0.464,56.29,2026-10-04 19:00:16,2026-10-04 19:00:18,0.6,2.7959e-08,0.0,0.92,0.92,CLOSED,rug-liquidity-collapse,0.05,0.04465,0.893
CGEpLjm2sM3YBhJMJZKzmVWskVxQecyPVJRnrD8Lpump,YOMAMA,RUGGED,2.8333e-08,3.7328e-08,28.33,3439,34.78,4222,27.96,3393,3.462,420.15,2026-10-04 18:35:07,2026-10-04 18:35:10,25.8,2.7959e-08,0.0,0.75,1.17,CLOSED,rug-liquidity-collapse,0.05,0.03702,0.74
G6GcDaHqxfXdAowT7vDGJ8ARNkXeM9DYfzYQMkrwpump,CLARABELLE,RUGGED,2.9451e-08,3.4712e-08,29.45,3574,32.34,3926,28.64,3476,2.267,275.13,2026-10-04 19:00:24,2026-10-04 19:00:27,0.6,2.8636e-08,0.361,0.86,0.86,CLOSED,rug-liquidity-collapse,0.05,0.04078,0.815
J86TZyT9h3U8PE4E96j8wqqZzchmjkCqWGFGMqdTpump,BroMouse,RUGGED,2.8070e-08,3.0128e-08,28.07,3407,28.07,3407,31.78,3857,0.059,7.21,2026-10-04 18:59:07,2026-10-04 18:59:10,1.9,3.1776e-08,0.0,1.05,1.05,CLOSED,rug-liquidity-collapse,0.05,0.05212,1.042
BdAHdNee5mYEUyZCsvaXjTSnzRM6CZRhgDkFue5vgF7N,TRX,RUGGED,2.8521e-08,3.0612e-08,28.52,3462,28.52,3462,27.96,3393,0.3,36.41,2026-10-04 19:00:34,2026-10-04 19:00:37,0.5,2.7959e-08,0.0,0.92,0.92,CLOSED,rug-liquidity-collapse,0.05,0.04514,0.903
CxHwvzq82LAjtCz85ScgDBXLDaeeN6otmUEEyi4Gpump,plug,RUGGED,2.8515e-08,3.0073e-08,28.52,3461,28.02,3401,5.84,708,0.337,40.94,2026-10-04 19:00:38,2026-10-04 19:00:41,0.5,5.8367e-09,0.109,0.81,0.87,CLOSED,rug-liquidity-collapse,0.05,0.00959,0.192
2LSgzM2R7esz7gcCKr48fbfJBNsVw8XzYamTyeV9us1M,ENDZONE,RUGGED,2.7959e-08,3.0787e-08,27.96,3393,28.68,3481,27.96,3393,0.387,46.93,2026-10-04 19:00:44,2026-10-04 19:00:47,0.4,2.7959e-08,0.0,0.92,0.92,CLOSED,rug-liquidity-collapse,0.05,0.04488,0.898
3roEadbPUnAp5LC1kMoj76CJZoQThR2wMFrre4sgpump,NAZ,RUGGED,2.8757e-08,1.2200e-07,28.76,3490,113.76,13807,28.99,3518,30.513,3703.37,2026-10-04 19:01:03,2026-10-04 19:01:06,0.2,2.8988e-08,0.547,0,0,CLOSED,rug-liquidity-collapse,0.05,0.01175,0.235
6unTB7qAiF2MimugKxd5q4fYi3g5cNrLbvTzXke1pump,PEPEGOCHI,RUGGED,2.8459e-08,3.0546e-08,28.46,3454,28.46,3454,27.96,3393,0.267,32.44,2026-10-04 18:54:36,2026-10-04 18:54:38,6.6,2.7959e-08,0.0,0.92,0.92,CLOSED,rug-liquidity-collapse,0.05,0.04523,0.905
6365DWEttJoKaZpRrHkeDh4R7WYWVuVqs92snSR4pump,senatepad,RUGGED,4.9932e-08,5.2508e-08,49.93,6060,48.94,5940,33.13,4021,9.691,1176.2,2026-10-04 19:00:51,2026-10-04 19:00:53,0.4,3.3128e-08,2.656,1.24,1.24,CLOSED,rug-liquidity-collapse,0.05,0.03119,0.624
GRCWX8u2k1Gmv4pqTJpEwzZV2vCtRAM39umA2TdCpump,WHATS,RUGGED,2.8812e-08,3.2439e-08,28.81,3497,30.22,3668,28.67,3480,1.192,144.63,2026-10-04 19:01:05,2026-10-04 19:01:07,0.2,2.8671e-08,0.38,0.92,0.92,CLOSED,rug-liquidity-collapse,0.05,0.04368,0.874
4grRqy9vQfq8WKb5UeDfFKPiW1HSQQW1z79GVwpxpump,LMAO,RUGGED,2.9811e-08,2.5133e-08,29.81,3618,23.41,2841,4.43,537,0.777,94.35,2026-10-04 19:01:03,2026-10-04 19:01:05,0.3,4.4258e-09,0.449,0.78,0.78,CLOSED,rug-liquidity-collapse,0.05,0.00869,0.174
AdsWQoHeaWCPuR4UbHKC1zRXVj9DFPqM8YuNBta9pump,SOL,RUGGED,2.8005e-08,3.0059e-08,28.01,3399,28.01,3399,27.96,3393,0.025,3.0,2026-10-04 19:00:20,2026-10-04 19:00:23,1.1,2.7959e-08,0.0,0.92,0.92,CLOSED,rug-liquidity-collapse,0.05,0.04597,0.919
4h89wRKyAif9zME17tSAcMu9ppYmQ3TLuCmfqyKQpump,BURNT,RUGGED,2.8107e-08,6.3877e-08,28.11,3411,59.54,7227,35.32,4287,13.78,1672.46,2026-10-04 19:01:21,2026-10-04 19:01:23,0.1,3.5319e-08,3.718,0,0,CLOSED,rug-liquidity-collapse,0.05,0.02734,0.547
Fp16BnUvKzTh9gMrQCSZ6WKHZJZNjj4TU34q2Z9qWJR4,suncat,RUGGED,2.8514e-08,3.0605e-08,28.51,3461,28.51,3461,27.96,3393,0.296,35.96,2026-10-04 19:01:19,2026-10-04 19:01:22,0.2,2.7959e-08,0.0,0.92,0.92,CLOSED,rug-liquidity-collapse,0.05,0.04515,0.903
HkQ1Sb2S9n9m73gUJqeyyF2pQYQstL5KqWNB6rhhCU53,SUNWUKONG,RUGGED,4.0095e-08,4.3024e-08,40.1,4866,40.1,4866,29.31,3557,5.926,719.23,2026-10-04 19:01:27,2026-10-04 19:01:29,0.1,2.9307e-08,0.715,0,0,CLOSED,rug-liquidity-collapse,0.05,0.03368,0.673
H9yxKzVudiyPVUYmk7wK8ZphezTgyrfNJJvsphDupump,SMIRK,RUGGED,2.8887e-08,3.1005e-08,28.89,3506,28.89,3506,1.92,233,0.494,59.94,2026-10-04 18:57:07,2026-10-04 18:57:10,4.5,1.9164e-09,0.0,0.07,2.22,CLOSED,rug-liquidity-collapse,0.05,0.06797,1.359
9GRWGVBhgZYUVaW9QvN3xS6serooX6ESH8wj9DCjX6cQ,PLUG,RUGGED,2.7987e-08,3.0177e-08,27.99,3397,28.12,3412,28.09,3409,0.084,10.18,2026-10-04 19:00:43,2026-10-04 19:00:46,0.9,2.8088e-08,0.069,0.93,0.93,CLOSED,rug-liquidity-collapse,0.05,0.046,0.92
7wZuCDsyCRFaaqM63UQP6n5E8qCLzMEvviV3Rympump,PEARL,RUGGED,3.2838e-08,3.5242e-08,32.84,3986,32.84,3986,28.01,3400,2.512,304.94,2026-10-04 18:55:35,2026-10-04 18:55:38,6.2,2.8012e-08,0.028,1.02,1.24,CLOSED,rug-liquidity-collapse,0.05,0.03929,0.786
55FRrGZhvHB3LoEbobnQVWN1jtq6NMuPRSB1zBw5pump,BMWM4,RUGGED,3.4453e-08,8.3281e-08,34.45,4182,77.64,9423,29.0,3519,19.992,2426.49,2026-10-04 18:49:48,2026-10-04 18:49:51,12.0,2.8997e-08,0.552,4.1,4.26,CLOSED,rug-liquidity-collapse,0.05,0.12936,2.587
CyS8ga8oaZVQzRrbKjvAJM9mrrzgtqyyAtgE66j5pump,IOTX,RUGGED,3.0166e-08,3.3061e-08,30.17,3661,30.8,3739,28.64,3476,1.489,180.78,2026-10-04 19:01:40,2026-10-04 19:01:42,0.2,2.8642e-08,0.364,0.92,0.92,CLOSED,rug-liquidity-collapse,0.05,0.04282,0.856
6EmtjDGXv5KzHH9rssdAAjUQdmG6Hzb2Ny1y7wfcpump,FOLENDO,RUGGED,2.9830e-08,3.8490e-08,29.83,3620,35.87,4353,36.41,4419,3.979,482.91,2026-10-04 19:01:41,2026-10-04 19:01:43,0.2,3.6413e-08,4.236,1.89,1.89,CLOSED,rug-liquidity-collapse,0.05,0.04676,0.935
AN6KZEe1WV33CU4oTe3JakKi7cWPXtkvzbpJrJqwNKJV,MURAD,RUGGED,2.8514e-08,3.0605e-08,28.51,3461,28.51,3461,27.96,3393,0.296,35.96,2026-10-04 19:01:47,2026-10-04 19:01:49,0.1,2.7959e-08,0.0,0,0,CLOSED,rug-liquidity-collapse,0.05,0.04515,0.903
6PQjD9akkuKLhCdbGA9vtg3BBjPNkTdtqsfpCpt9pump,HALH,RUGGED,2.8033e-08,3.0088e-08,28.03,3402,28.03,3402,27.96,3393,0.04,4.79,2026-10-04 18:59:19,2026-10-04 18:59:22,2.6,2.7959e-08,0.0,0.92,0.92,CLOSED,rug-liquidity-collapse,0.05,0.04592,0.918
49KGwBerwkjtPZTEfDQfTGtxBQpRJnW6ziVY5EYzq3uD,AGENCYNET,RUGGED,2.7959e-08,3.4616e-08,27.96,3393,32.25,3915,29.5,3580,2.222,269.71,2026-10-04 19:01:50,2026-10-04 19:01:52,0.1,2.9497e-08,0.814,0,0,CLOSED,rug-liquidity-collapse,0.05,0.04212,0.842
31JjZEwD7UMmBrg4wwXTsdNz6DZysxyzfFvjwqiepump,BODIEVC,RUGGED,2.8068e-08,1.6605e-08,28.07,3407,15.45,1875,11.12,1350,0.032,3.92,2026-10-04 19:00:25,2026-10-04 19:00:28,1.6,1.1121e-08,0.0,0.56,2.61,CLOSED,rug-liquidity-collapse,0.05,0.07952,1.59
Cvj5BwSw6TfDqdG3ZxpMBK97tZMcAWPJqPNzboMppump,gpsol,RUGGED,2.8070e-08,3.0128e-08,28.07,3407,28.07,3407,27.96,3393,0.059,7.21,2026-10-04 18:21:30,2026-10-04 18:21:32,40.6,2.7959e-08,0.0,0.93,0.93,CLOSED,rug-liquidity-collapse,0.05,0.04586,0.917
BZ16UdJ3hMcouw2SNurxQbvSQLkWgs5xute6wbp6pump,RBA,RUGGED,2.8422e-08,3.2831e-08,28.42,3450,30.59,3713,27.96,3393,1.38,167.48,2026-10-04 18:40:18,2026-10-04 18:40:21,21.8,2.7959e-08,0.0,0.86,0.92,CLOSED,rug-liquidity-collapse,0.05,0.04209,0.842
bhoLoPaVwVWveKjKmSTWusbBMDnTqh4GfXorp97pump,RIPDarya ,RUGGED,3.0313e-08,3.2533e-08,30.31,3679,30.31,3679,27.96,3393,1.237,150.16,2026-10-04 19:01:28,2026-10-04 19:01:30,0.6,2.7959e-08,0.0,0.92,0.92,CLOSED,rug-liquidity-collapse,0.05,0.04247,0.849
FtH1Cfpq75j9N4rAXmMvvuD84UTRpC4ivmq7UiWRpump,Suncat,RUGGED,2.8488e-08,4.4702e-08,28.49,3458,41.66,5056,29.29,3555,6.62,803.46,2026-10-04 19:01:23,2026-10-04 19:01:25,0.7,2.9293e-08,0.708,0.71,0.82,CLOSED,rug-liquidity-collapse,0.05,0.0324,0.648
FRuKdgoJP1K8H48Wiq8W55euQQqgbQnVTSoT7piKpump,SMIRK,RUGGED,2.8700e-08,4.3130e-08,28.7,3483,40.2,4879,3.66,444,0.553,67.16,2026-10-04 19:01:47,2026-10-04 19:01:49,0.3,3.6604e-09,0.063,0.3,0.59,CLOSED,rug-liquidity-collapse,0.05,0.00419,0.084
EXZQcoBr38npLK4pPF6QzQv6MVNNRzKxvLzFd3FSpump,BURNT,RUGGED,2.8747e-08,3.0948e-08,28.75,3489,28.83,3500,27.96,3393,0.466,56.54,2026-10-04 19:01:31,2026-10-04 19:01:34,0.6,2.7959e-08,0.0,0.92,0.92,CLOSED,rug-liquidity-collapse,0.05,0.04465,0.893
9qMjzPra5cpT259ambMKAcUuJjSESsdUCm1e7WbGUt5k,HEXC,RUGGED,2.7959e-08,3.0958e-08,27.96,3393,28.84,3501,28.11,3412,0.471,57.14,2026-10-04 19:01:44,2026-10-04 19:01:47,0.4,2.8113e-08,0.083,0.92,0.92,CLOSED,rug-liquidity-collapse,0.05,0.04488,0.897
aRkfemTmeUczrSY1FV8rbHv4w1ENsXTXPxvK9c1pump,plug,RUGGED,2.8878e-08,2.2206e-08,28.88,3505,20.68,2509,0.12,14,0.39,47.33,2026-10-04 19:01:27,2026-10-04 19:01:29,0.9,1.1838e-10,0.027,0.01,0.44,CLOSED,rug-liquidity-collapse,0.05,0.00026,0.005
5fwq7RWy7ogqQSXz9eRB8vjNTzfiw6JMUVGfZNoDpump,FERSPE,RUGGED,3.1720e-08,2.8597e-08,31.72,3850,26.64,3233,31.93,3876,1.642,199.26,2026-10-04 19:02:13,2026-10-04 19:02:16,0.1,3.1932e-08,0.0,0,0,CLOSED,rug-liquidity-collapse,0.05,0.05518,1.103
Fgo17aUB3dmuYknsbTK3futJfRAzNbWGURprLyS2stro,Maestron,RUGGED,2.8899e-08,8.1697e-08,28.9,3507,76.16,9244,29.03,3523,19.515,2368.5,2026-10-04 19:00:29,2026-10-04 19:00:31,1.9,2.9031e-08,0.57,0.49,0.68,CLOSED,rug-liquidity-collapse,0.05,0.01757,0.351
72DvzMfnN9FrYW3oEBwAyMezLWEy5syxGFrqzk13Dxff,Animal,RUGGED,3.1811e-08,4.2393e-08,31.81,3861,39.51,4795,29.46,3576,5.661,687.09,2026-10-04 19:01:46,2026-10-04 19:01:48,0.6,2.9460e-08,0.795,0.79,0.95,CLOSED,rug-liquidity-collapse,0.05,0.03436,0.687
6Ug6LUVXU2CW6KrkvPLj8r1J3VVfDwS6SEgQeKATwu4E,BAT,RUGGED,2.7959e-08,3.1813e-08,27.96,3393,29.64,3597,27.96,3393,0.889,107.88,2026-10-04 19:02:17,2026-10-04 19:02:20,0.1,2.7959e-08,0.0,0,0,CLOSED,rug-liquidity-collapse,0.05,0.04344,0.869
9thH2ChWQe4ijZ3yBRWBC5vQjzpKLaMrt6NcgxB3pump,TENGRIHARD,RUGGED,2.8125e-08,1.2515e-08,28.12,3414,11.63,1412,6.28,762,0.037,4.46,2026-10-04 19:02:16,2026-10-04 19:02:18,0.2,6.2824e-09,0.02,1.06,1.06,CLOSED,rug-liquidity-collapse,0.05,0.02475,0.495
JBTY8ihX6Yj3d6XAy5KbQDz7qBEC4ELUTMU26KCtpump,$Z,RUGGED,2.8333e-08,4.1033e-08,28.33,3439,38.25,4642,13.1,1590,0.27,32.77,2026-10-04 19:02:27,2026-10-04 19:02:29,0.1,1.3100e-08,0.092,0,0,CLOSED,rug-liquidity-collapse,0.05,0.01578,0.316
CXkgLpffsKWzY8UyW2AWNVpvfusnYjH2PcSesFmfpump,plug,RUGGED,2.8693e-08,2.5760e-08,28.69,3482,23.99,2912,2.88,349,0.375,45.53,2026-10-04 19:02:03,2026-10-04 19:02:06,0.6,2.8763e-09,0.003,0.14,0.43,CLOSED,rug-liquidity-collapse,0.05,0.00551,0.11
ApktCXEovkiCKKQTqAJB7qs2E95uz7RXHesfU5S7pump,senatepad,RUGGED,2.9281e-08,3.2858e-08,29.28,3554,30.61,3716,30.85,3745,1.393,169.01,2026-10-04 18:59:29,2026-10-04 18:59:32,3.2,3.0854e-08,1.515,1.08,1.66,CLOSED,rug-liquidity-collapse,0.05,0.04641,0.928
3JSmR5nsgnHeV6AsKyi9sg6XrafD6Yh8s3xxP4Wzpump,KRYPTOKAWA,RUGGED,2.8743e-08,3.0080e-08,28.74,3489,28.02,3401,28.06,3406,0.035,4.27,2026-10-04 19:01:50,2026-10-04 19:01:52,0.9,2.8061e-08,0.055,0.93,0.93,CLOSED,rug-liquidity-collapse,0.05,0.0461,0.922
4ABr4aNBotWdnSuV2fttCzpHNPJY7CsgYSE6mT4Fpump,Lime,RUGGED,2.9623e-08,3.7289e-08,29.62,3595,34.75,4217,30.28,3676,3.444,418.03,2026-10-04 18:46:04,2026-10-04 18:46:07,16.7,3.0284e-08,1.222,1.14,1.5,CLOSED,rug-liquidity-collapse,0.05,0.04014,0.803
6ruPeHAT9DXgd5UeNG6uHAubutwpqwp2CGRo1Q1Lpump,$AURA,RUGGED,2.9811e-08,4.1009e-08,29.81,3618,38.22,4639,14.94,1813,1.253,152.07,2026-10-04 19:02:43,2026-10-04 19:02:46,0.1,1.4939e-08,0.306,0,0,CLOSED,rug-liquidity-collapse,0.05,0.01801,0.36
4BPTXBGyR84NLKxnbahTM3CuhFQfFVJPGAABCP4apump,CELLUMO,RUGGED,2.9830e-08,3.2016e-08,29.83,3620,29.83,3620,27.96,3393,0.988,119.87,2026-10-04 19:02:17,2026-10-04 19:02:20,0.6,2.7959e-08,0.0,0.89,0.92,CLOSED,rug-liquidity-collapse,0.05,0.04316,0.863
AAm3aDYPy1rn9P15sjDyJpTUNRH2Dbmmd11XabgTpump,Singularit,RUGGED,3.1762e-08,3.0531e-08,31.76,3855,28.45,3452,28.14,3415,0.26,31.56,2026-10-04 19:02:46,2026-10-04 19:02:48,0.1,2.8138e-08,0.096,0,0,CLOSED,rug-liquidity-collapse,0.05,0.04555,0.911
H6j321zJSx7mrPoEv7aHupHWS3ps3UQxKNobQQjQpump,RDAY,RUGGED,2.8514e-08,3.0605e-08,28.51,3461,28.51,3461,27.96,3393,0.296,35.96,2026-10-04 18:56:34,2026-10-04 18:56:37,6.3,2.7959e-08,0.0,0.94,0.94,CLOSED,rug-liquidity-collapse,0.05,0.04515,0.903
ADtDCojeK9Nk9ntUaVfSomK6SqY3C9bccSLyvoUwpump,WOGENCY,RUGGED,2.7996e-08,3.0088e-08,28.0,3398,28.03,3402,27.96,3393,0.039,4.77,2026-10-04 19:02:34,2026-10-04 19:02:36,0.4,2.7959e-08,0.0,0.92,0.92,CLOSED,rug-liquidity-collapse,0.05,0.04592,0.918
Cn1GyKJZ1C4fjC8u7XqE5F2RyhNDFR7gGTqm5SZ1tYQT,EYETIGER,RUGGED,2.7959e-08,3.0653e-08,27.96,3393,28.56,3466,27.96,3393,0.32,38.87,2026-10-04 19:02:36,2026-10-04 19:02:39,0.4,2.7959e-08,0.0,0.92,0.92,CLOSED,rug-liquidity-collapse,0.05,0.04508,0.901
6opz6aJL5WKTMnhqDxCR8TLfHPMmzecFdQ15B4ABpump,$NUGG,RUGGED,2.8070e-08,4.4363e-08,28.07,3407,41.35,5019,2.29,278,0.087,10.6,2026-10-04 19:02:21,2026-10-04 19:02:24,0.7,2.2904e-09,0.056,0.13,0.98,CLOSED,rug-liquidity-collapse,0.05,0.00255,0.051
GUnodETmEdue5vrZEujGSXSbAymcPSgXvNddZt7w7aVb,LOTUS,RUGGED,2.7978e-08,3.2298e-08,27.98,3396,30.09,3652,28.72,3486,1.124,136.4,2026-10-04 19:02:55,2026-10-04 19:02:58,0.2,2.8719e-08,0.405,0,0,CLOSED,rug-liquidity-collapse,0.05,0.04395,0.879
9JRfKEgJ9dHVWuaf9U9Tgdo9eZyuJ1ABUL8qNYptpump,PEPB,RUGGED,2.8070e-08,2.7793e-08,28.07,3407,25.89,3142,8.93,1084,0.055,6.65,2026-10-04 19:02:55,2026-10-04 19:02:58,0.2,8.9288e-09,0.019,0,0,CLOSED,rug-liquidity-collapse,0.05,0.01587,0.317
7HdMGj21rFgja85gRmYEFeCeCnQ4j1VzobesjSuvpump,des ,RUGGED,2.8070e-08,3.0128e-08,28.07,3407,28.07,3407,27.96,3393,0.059,7.19,2026-10-04 19:02:18,2026-10-04 19:02:21,0.8,2.7959e-08,0.0,0.92,0.92,CLOSED,rug-liquidity-collapse,0.05,0.04586,0.917
Fru3kmfs9fEb5MGTCzb7ddeV1nAJ14SdbpGhTnr7pump,WOGENCY,RUGGED,2.8052e-08,3.0110e-08,28.05,3405,28.05,3405,27.96,3393,0.05,6.08,2026-10-04 19:00:49,2026-10-04 19:00:51,2.3,2.7959e-08,0.0,0.92,0.94,CLOSED,rug-liquidity-collapse,0.05,0.04589,0.918
Gen1bR5NpTRV2X9xi6Ntmn7X7RGxWXJFnkCFR31Kpump,MESSI,RUGGED,2.8105e-08,3.3006e-08,28.1,3411,30.76,3733,49.62,6022,0.086,10.39,2026-10-04 19:02:56,2026-10-04 19:02:58,0.2,4.9615e-08,0.021,1.79,1.79,CLOSED,rug-liquidity-collapse,0.05,0.0743,1.486
67peyWsN2cPdisw3MHeygJoTi9a9v6GS7k64iGvxksfj,SHELF,RUGGED,2.7959e-08,3.4616e-08,27.96,3393,32.25,3915,29.5,3580,2.222,269.71,2026-10-04 19:03:04,2026-10-04 19:03:07,0.2,2.9497e-08,0.814,0,0,CLOSED,rug-liquidity-collapse,0.05,0.04212,0.842
FwVBTzuqkLCnuz2AMNKAAWb6KAQvk4A2Qb9NdUBTpump,Michael,RUGGED,2.8422e-08,3.8190e-08,28.42,3450,35.59,4320,89.43,10854,0.31,37.62,2026-10-04 19:02:55,2026-10-04 19:02:57,0.3,8.9428e-08,0.0,1.96,1.96,CLOSED,rug-liquidity-collapse,0.05,0.11576,2.315
3JTSCGRWG6JGjUg4SMhY9XFFvwwVSHkDsqvSu7z6pump,SIFTOKENS,RUGGED,2.8887e-08,3.0875e-08,28.89,3506,28.77,3491,27.96,3393,0.43,52.2,2026-10-04 19:03:01,2026-10-04 19:03:03,0.2,2.7959e-08,0.0,0.92,0.92,CLOSED,rug-liquidity-collapse,0.05,0.04475,0.895
26YbfqTRWHMv3Wqycwuz69YGMvgRNiiqLEY8gEEFpump,A$LPAS,RUGGED,2.9830e-08,3.7491e-08,29.83,3620,34.94,4241,3.39,411,1.156,140.35,2026-10-04 18:57:21,2026-10-04 18:57:23,6.0,3.3895e-09,0.007,0.1,0.83,CLOSED,rug-liquidity-collapse,0.05,0.00446,0.089
B2pTbTEvbuQo5Z945z1cmMzzh2bHD6KBLkCBm6d9pump,TRNCH,RUGGED,2.8143e-08,3.2016e-08,28.14,3416,29.83,3620,28.14,3416,0.988,119.87,2026-10-04 19:02:24,2026-10-04 19:02:27,0.9,2.8143e-08,0.099,0.92,0.92,CLOSED,rug-liquidity-collapse,0.05,0.04344,0.869
GJXz2cusA278aqyCX6A4NMKjEo3Z5DWyJr9khooUns5x,FLASH,RUGGED,2.8521e-08,3.0612e-08,28.52,3462,28.52,3462,27.96,3393,0.3,36.41,2026-10-04 19:03:11,2026-10-04 19:03:14,0.2,2.7959e-08,0.0,0,0,CLOSED,rug-liquidity-collapse,0.05,0.04514,0.903
DutxejhZncnfUEd2BD1MUGhqCcDCMh8np1TBuTFkWvbz,PlagueCoin,RUGGED,3.7921e-08,6.3318e-08,37.92,4602,59.02,7163,28.03,3402,13.588,1649.15,2026-10-04 18:59:48,2026-10-04 18:59:50,3.6,2.8026e-08,0.036,0.52,1.23,CLOSED,rug-liquidity-collapse,0.05,0.02189,0.438
BqoMEewwPf389ejYsBPojmWir7T2Dtn2XkBaB5cUpump,Dotty,RUGGED,2.9253e-08,3.2879e-08,29.25,3550,30.63,3718,27.96,3393,1.403,170.25,2026-10-04 19:03:14,2026-10-04 19:03:17,0.1,2.7959e-08,0.0,0,0,CLOSED,rug-liquidity-collapse,0.05,0.04203,0.84
GsmbEhgPf9hrKDMvM92rt58oMcsMxarR5SWrMtiapump,Reginald,RUGGED,2.9834e-08,3.8961e-08,29.83,3621,36.31,4406,35.9,4357,4.186,508.06,2026-10-04 18:55:57,2026-10-04 18:56:00,7.5,3.5898e-08,3.993,2.07,2.33,CLOSED,rug-liquidity-collapse,0.05,0.07904,1.581
7Gm7bm2j7cGqciDCRRMjc1G3bgBR6ZAP1TA8Wisi37tV,Animal,RUGGED,3.1811e-08,3.7596e-08,31.81,3861,35.03,4252,27.96,3393,3.582,434.7,2026-10-04 19:03:05,2026-10-04 19:03:08,0.3,2.7959e-08,0.0,0.86,0.86,CLOSED,rug-liquidity-collapse,0.05,0.03676,0.735
FyymUtUpSVAuiS57rPsSTV9LB9X2NLxemfsTm3MBq81s,BTW,RUGGED,2.8812e-08,3.0924e-08,28.81,3497,28.81,3497,27.96,3393,0.454,55.14,2026-10-04 19:02:57,2026-10-04 19:03:00,0.5,2.7959e-08,0.0,0.92,0.92,CLOSED,rug-liquidity-collapse,0.05,0.04468,0.894
F5cJtUPv4c74V9SgWPhQgseaJXFkz3AHBQzVMgmzrDoW,RENTMONEY,RUGGED,2.8722e-08,3.0828e-08,28.72,3486,28.72,3486,27.96,3393,0.407,49.35,2026-10-04 19:03:19,2026-10-04 19:03:22,0.2,2.7959e-08,0.0,0.92,0.92,CLOSED,rug-liquidity-collapse,0.05,0.04482,0.896
Hy3VtgLs1NagvehGKQnM6ATTuoUucLALnYQCVFSApump,RIPPED,RUGGED,2.9309e-08,3.5584e-08,29.31,3557,33.16,4024,28.48,3456,2.67,324.04,2026-10-04 19:01:27,2026-10-04 19:01:30,2.1,2.8478e-08,0.277,0.82,0.88,CLOSED,rug-liquidity-collapse,0.05,0.03956,0.791
5AqwXQm6BZgLQwcRH21hK8ch3BgcKvakM95Dd67epump,$EVIL,RUGGED,2.8329e-08,4.7029e-08,28.33,3438,43.84,5321,4.21,511,0.326,39.52,2026-10-04 19:03:14,2026-10-04 19:03:17,0.3,4.2077e-09,0.003,0.17,0.17,CLOSED,rug-liquidity-collapse,0.05,0.00442,0.088
C2ikXeMWQuHvdsMe6BQXcB7re4Dgm5o1hLTQargTGwZZ,INFLUX,RUGGED,2.9662e-08,3.4816e-08,29.66,3600,32.44,3937,28.7,3483,2.315,281.01,2026-10-04 18:56:00,2026-10-04 18:56:02,7.6,2.8696e-08,0.393,0.87,0.92,CLOSED,rug-liquidity-collapse,0.05,0.04074,0.815
EFEu1cp9pDYg46yWqLU2Ru7gaKWYftAn5wB4oA8Qpump,OUTPAYCAT,RUGGED,2.8153e-08,5.0307e-07,28.15,3417,469.4,56972,466.16,56578,1.736,210.72,2026-10-04 19:03:18,2026-10-04 19:03:21,0.3,4.6616e-07,0.0,0.92,0.92,CLOSED,rug-liquidity-collapse,0.05,0.04586,0.917
EZeheNCAVXFeWjvSbXutN8cQPafCdeLzd1ZX7Ctxpump,GOOSE,RUGGED,3.4001e-08,4.2504e-08,34.0,4127,39.61,4808,27.96,3393,5.708,692.77,2026-10-04 19:03:33,2026-10-04 19:03:36,0.1,2.7959e-08,0.0,0,0,CLOSED,rug-liquidity-collapse,0.05,0.03252,0.65
GuTg9V1Kk1LXtZReszpzcduMzi5nMdueFWPGSxnhpump,SI,RUGGED,2.8068e-08,2.8090e-08,28.07,3407,26.17,3176,5.3,644,0.055,6.64,2026-10-04 19:03:05,2026-10-04 19:03:08,0.6,5.3048e-09,0.009,0.47,0.7,CLOSED,rug-liquidity-collapse,0.05,0.00933,0.187
3UKhFbYBCUWkEFnC9aBswBvB8Pn9jsTehHb2R9AKTuKU,TRINU,RUGGED,3.1811e-08,4.0837e-08,31.81,3861,38.06,4619,27.96,3393,5.0,606.85,2026-10-04 19:00:28,2026-10-04 19:00:31,3.3,2.7959e-08,0.0,0.92,0.92,CLOSED,rug-liquidity-collapse,0.05,0.03385,0.677
555hzS1tWh1txmpJXddrNiQJcceFmJzsbJBUNr8Kpump,COMEDIAN,RUGGED,4.7092e-08,5.3228e-08,47.09,5716,49.61,6021,33.25,4035,9.962,1209.12,2026-10-04 19:01:34,2026-10-04 19:01:36,2.2,3.3250e-08,2.715,3.14,3.14,CLOSED,rug-liquidity-collapse,0.05,0.07427,1.485
6jCSxqmczBSMVfMSuqNRqdLXXvLTnqrzdSvZQCgNTsoS,NBL,RUGGED,2.7959e-08,3.4616e-08,27.96,3393,32.25,3915,27.96,3393,2.222,269.71,2026-10-04 19:02:40,2026-10-04 19:02:42,1.1,2.7959e-08,0.0,0.84,0.87,CLOSED,rug-liquidity-collapse,0.05,0.03992,0.798
G4ps7L7pfNyZzZKnrnYPbupPq6KhmdoapgNtfRQvpump,plug,RUGGED,2.8508e-08,1.7357e-08,28.51,3460,16.15,1960,9.18,1114,0.215,26.05,2026-10-04 19:02:40,2026-10-04 19:02:42,1.2,9.1755e-09,0.231,1.94,1.94,CLOSED,rug-liquidity-collapse,0.05,0.02609,0.522
HDdKARYs1nc8WFM5G45A2iN6in94NKL3DYCVzGdjpump,DS,RUGGED,2.8143e-08,3.0207e-08,28.14,3416,28.14,3416,27.96,3393,0.099,11.99,2026-10-04 19:03:24,2026-10-04 19:03:27,0.4,2.7959e-08,0.0,0.92,0.92,CLOSED,rug-liquidity-collapse,0.05,0.04574,0.915
8gkFhCf6MRTx1LprzVwYD8YAnNE5Q8jPxnphAZRou3YF,COMPUTE,RUGGED,2.7959e-08,3.5521e-08,27.96,3393,33.1,4017,27.96,3393,2.641,320.56,2026-10-04 19:03:32,2026-10-04 19:03:34,0.3,2.7960e-08,0.0,0.84,0.84,CLOSED,rug-liquidity-collapse,0.05,0.03891,0.778
683HhBwmYf1QnBcBhyR16YpQBjjcUzcta2jHmLAMpump,$WOLF,RUGGED,2.9074e-08,3.1407e-08,29.07,3529,29.26,3552,28.99,3518,0.691,83.9,2026-10-04 18:48:41,2026-10-04 18:48:44,15.2,2.8988e-08,0.547,1.56,1.56,CLOSED,rug-liquidity-collapse,0.05,0.04561,0.912
9c1qbLHk9Xw8PsQFviyixDXq87odxZapoQpDhoYepump,$BWIZ,RUGGED,3.1720e-08,3.5999e-08,31.72,3850,33.55,4071,34.28,4161,2.066,250.78,2026-10-04 19:03:46,2026-10-04 19:03:48,0.1,3.4284e-08,0.025,0,0,CLOSED,rug-liquidity-collapse,0.05,0.04707,0.941
F4NnxXEjrP2ELjJ9G5GSqP1DGxfVi1iV564Su4WVpump,$POP,RUGGED,3.3754e-08,3.6225e-08,33.75,4097,33.75,4097,27.96,3393,2.963,359.61,2026-10-04 19:03:10,2026-10-04 19:03:12,0.8,2.7959e-08,0.0,0.92,0.92,CLOSED,rug-liquidity-collapse,0.05,0.03815,0.763
41wgejiMiU5BBTgXfKvBVDnspcsv6Wa89RhXEKPMpump,da,RUGGED,2.8070e-08,3.0128e-08,28.07,3407,28.07,3407,4.62,561,0.059,7.19,2026-10-04 19:03:28,2026-10-04 19:03:30,0.5,4.6223e-09,0.01,0.44,0.84,CLOSED,rug-liquidity-collapse,0.05,0.00758,0.152
5d4btaN4Qjwnz2FTfFbev8JHszMoMFH8FXRuqu1ypump,EVIL,RUGGED,2.8416e-08,5.3712e-08,28.42,3449,50.08,6078,81.87,9937,0.499,60.59,2026-10-04 19:03:48,2026-10-04 19:03:51,0.1,8.1869e-08,0.0,0,0,CLOSED,rug-liquidity-collapse,0.05,0.07538,1.507
QnHV1F7TQrSki3d8Uo1oWMPUgM9Bsmvddy2ksywpump,NUBI,RUGGED,3.2645e-08,3.5034e-08,32.64,3962,32.64,3962,32.69,3968,2.417,293.29,2026-10-04 18:46:23,2026-10-04 18:46:26,17.6,3.2693e-08,2.441,1.45,1.45,CLOSED,rug-liquidity-collapse,0.05,0.04612,0.922
83VwcKNFHKXfCHTnFY1gPX1GbhieQ9rmwthVhFx3pump,ROCKETI,RUGGED,2.8070e-08,2.4401e-08,28.07,3407,22.73,2758,38.69,4696,0.048,5.84,2026-10-04 19:02:57,2026-10-04 19:03:00,1.1,3.8693e-08,0.0,2.64,3.08,CLOSED,rug-liquidity-collapse,0.05,0.09775,1.955
GT322NrhLebW9szHZ7UeDS2CceD9GM9JXAaoyJVvpump,FatCat,RUGGED,2.8052e-08,3.0110e-08,28.05,3405,28.05,3405,27.96,3393,0.05,6.08,2026-10-04 19:03:10,2026-10-04 19:03:12,0.9,2.7959e-08,0.0,0.92,0.92,CLOSED,rug-liquidity-collapse,0.05,0.04589,0.918
BV6q2Tyo9JJZCheCgw6obfQAF5iMsmMbwfAb2vcNye6E,JINX,RUGGED,2.7959e-08,3.3445e-08,27.96,3393,31.16,3782,27.96,3393,1.672,202.95,2026-10-04 19:03:11,2026-10-04 19:03:13,0.9,2.7959e-08,0.0,0.88,0.92,CLOSED,rug-liquidity-collapse,0.05,0.04132,0.826
3hyhzMrsKNA5S2juP4HKQJxjCMW4RaWJjN6dimqTu9cu,CONNOR,RUGGED,2.7959e-08,3.2118e-08,27.96,3393,29.93,3632,28.06,3406,1.037,125.87,2026-10-04 19:03:28,2026-10-04 19:03:30,0.6,2.8064e-08,0.057,0.89,0.92,CLOSED,rug-liquidity-collapse,0.05,0.04318,0.864
8Vm8k2NeiBgc8oYJ8HyQ9eBJWHdxk6zX11d7FtsUpump,LaMisery,RUGGED,2.8068e-08,3.0127e-08,28.07,3407,28.07,3407,6.18,750,0.059,7.12,2026-10-04 19:03:40,2026-10-04 19:03:43,0.4,6.1781e-09,0.001,0.2,0.5,CLOSED,rug-liquidity-collapse,0.05,0.01013,0.203
4vGFRnW5VYEnWuNPm5YtqFyjgMEiE9LtL64tzcGnpump,AGENTCAT,RUGGED,2.8747e-08,3.0885e-08,28.75,3489,28.78,3493,27.96,3393,0.435,52.81,2026-10-04 18:41:47,2026-10-04 18:41:49,22.4,2.7959e-08,0.0,0.92,0.95,CLOSED,rug-liquidity-collapse,0.05,0.04474,0.895
AzA77VVVzQQi99GMfvhWRJL3wbs7iB7MH4gtay6Jw2hc,Troncat,RUGGED,3.1811e-08,4.2729e-08,31.81,3861,39.82,4833,27.96,3393,5.802,704.23,2026-10-04 19:00:17,2026-10-04 19:00:19,3.9,2.7959e-08,0.0,0.88,0.88,CLOSED,rug-liquidity-collapse,0.05,0.03235,0.647
DjBcuoGH7q4aEP1GScBjeymX7Aav61ucgRwpwM8Wpump,$WITHDRAW,RUGGED,2.8889e-08,3.1007e-08,28.89,3506,28.89,3506,27.96,3393,0.495,60.08,2026-10-04 19:02:43,2026-10-04 19:02:46,1.5,2.7959e-08,0.0,0.92,0.92,CLOSED,rug-liquidity-collapse,0.05,0.04456,0.891
21WG2seue6769j4YQBQCwtbhxBDwJqrRW9q895FLpump,KDG,RUGGED,2.8329e-08,3.0406e-08,28.33,3438,28.33,3438,27.96,3393,0.198,24.03,2026-10-04 18:53:45,2026-10-04 18:53:48,10.5,2.7959e-08,0.0,0.92,0.92,CLOSED,rug-liquidity-collapse,0.05,0.04544,0.909
7cdXXSGTzDBNaNqhvqaixyTRWrW9tMAUVTbDm5Jdpump,SMIRK,RUGGED,2.8700e-08,2.9546e-08,28.7,3483,27.53,3341,1.84,223,0.379,45.99,2026-10-04 19:02:44,2026-10-04 19:02:47,1.6,1.8387e-09,0.064,0.17,0.67,CLOSED,rug-liquidity-collapse,0.05,0.00307,0.061
Hs7oswDgjnHmNRtAcnoSa2QiANYr5Mvuvsgciyunpump,SON,RUGGED,3.0543e-08,4.3818e-08,30.54,3707,40.84,4957,111.58,13542,1.812,219.92,2026-10-04 19:03:46,2026-10-04 19:03:50,0.5,1.1158e-07,1.409,1.54,1.54,CLOSED,rug-liquidity-collapse,0.05,0.12589,2.518
4kJnCF9WnbCbT4EdUUtfG5Ktm1uPHCqgHqLuWLPbpump,kittylick,RUGGED,3.1720e-08,3.7449e-08,31.72,3850,34.9,4236,31.66,3843,2.171,263.45,2026-10-04 19:04:11,2026-10-04 19:04:14,0.1,3.1663e-08,0.815,0,0,CLOSED,rug-liquidity-collapse,0.05,0.04179,0.836
7NVchm1QoLhau1PVAucKmDqGXCcDD7oj8horAQDupump,Whimper,RUGGED,2.7967e-08,3.3074e-08,27.97,3394,30.82,3740,27.97,3394,1.496,181.54,2026-10-04 18:56:52,2026-10-04 18:56:55,7.5,2.7967e-08,0.004,0.86,0.92,CLOSED,rug-liquidity-collapse,0.05,0.04179,0.836
8TWfZ33NBVpViXmchrtH8Fab3iEhzeyC27a62LWWEhP2,TPTEST,RUGGED,2.7959e-08,3.3878e-08,27.96,3393,31.57,3831,29.26,3552,1.877,227.76,2026-10-04 19:04:18,2026-10-04 19:04:21,0.2,2.9262e-08,0.691,0,0,CLOSED,rug-liquidity-collapse,0.05,0.04269,0.854
67zdmp9Lb9TsLjw6TrGbiySPtAY7cWcL1xxZTDhJdZQb,CERTNU,RUGGED,2.7959e-08,3.2734e-08,27.96,3393,30.5,3702,28.75,3489,1.333,161.83,2026-10-04 19:04:20,2026-10-04 19:04:23,0.2,2.8746e-08,0.419,0,0,CLOSED,rug-liquidity-collapse,0.05,0.0434,0.868
91VWiefomYeetiag7wxgFqhqEAVzTr3wwdH71WE7pump,Life,RUGGED,4.8527e-08,5.5109e-08,48.53,5890,51.37,6234,29.07,3529,10.663,1294.14,2026-10-04 19:04:07,2026-10-04 19:04:09,0.4,2.9074e-08,0.593,1.17,1.17,CLOSED,rug-liquidity-collapse,0.05,0.02609,0.522
5EJsRnvpYv93YFpNcLj3F7fsrPui2z27bnR7bcbCpump,$BAD,RUGGED,2.8508e-08,1.5360e-08,28.51,3460,14.29,1734,29.11,3533,0.147,17.84,2026-10-04 19:04:19,2026-10-04 19:04:21,0.2,2.9107e-08,0.049,1.79,1.79,CLOSED,rug-liquidity-collapse,0.05,0.09351,1.87
BAUfDBp7zUWttYYcoLNMrvuzHwuRHs7YxZEmPeLxijBr,SELTRYS,RUGGED,2.7959e-08,3.0904e-08,27.96,3393,28.79,3495,27.96,3393,0.444,53.94,2026-10-04 19:03:54,2026-10-04 19:03:56,0.7,2.7959e-08,0.0,0.92,0.92,CLOSED,rug-liquidity-collapse,0.05,0.04471,0.894
4VefZALBQ8ja1CE9Rzn9de3msWBhhnBPf4nzTHNNpump,BRAINPAD,RUGGED,2.9830e-08,3.2016e-08,29.83,3620,29.83,3620,27.96,3393,0.988,119.87,2026-10-04 19:04:00,2026-10-04 19:04:02,0.6,2.7959e-08,0.0,0.89,0.92,CLOSED,rug-liquidity-collapse,0.05,0.04316,0.863
9bGa8XTDgQjYyyq2dQJgYiu27Z3iYHJQbJRfdV6wpump,Ani,RUGGED,2.7996e-08,3.0088e-08,28.0,3398,28.03,3402,28.0,3398,0.039,4.77,2026-10-04 19:04:06,2026-10-04 19:04:09,0.6,2.7996e-08,0.02,0.93,0.93,CLOSED,rug-liquidity-collapse,0.05,0.04598,0.92
JEFEiA1kuYAp251voJmorCPyQx2m8mnCZhzC4iALpump,Quants,RUGGED,2.9365e-08,3.2791e-08,29.36,3564,30.55,3708,27.96,3393,1.361,165.16,2026-10-04 19:04:33,2026-10-04 19:04:36,0.2,2.7959e-08,0.0,0,0,CLOSED,rug-liquidity-collapse,0.05,0.04214,0.843
7CMKyrxH5npccbPtikuMdZCXmV4ca7PyUxzUYCXCKonG,WALLETX,RUGGED,2.7959e-08,3.4722e-08,27.96,3393,32.35,3927,27.96,3393,2.272,275.7,2026-10-04 19:03:55,2026-10-04 19:03:57,0.9,2.7959e-08,0.0,0.84,0.87,CLOSED,rug-liquidity-collapse,0.05,0.0398,0.796
HocTQvP4adzbSNEVaWDzpkk5Y8Bq6EF6TxNDMZmrpump,OUTPAYCAT,RUGGED,2.8154e-08,5.0308e-07,28.15,3417,469.42,56973,466.16,56578,1.744,211.63,2026-10-04 19:04:38,2026-10-04 19:04:41,0.2,4.6616e-07,0.0,0.92,0.92,CLOSED,rug-liquidity-collapse,0.05,0.04586,0.917
AnQv7vCXNSD94MtpJpojhSVxzDVR7xYQ315wigXfvXYP,PAD,RUGGED,2.7959e-08,3.2734e-08,27.96,3393,30.5,3702,28.75,3489,1.333,161.83,2026-10-04 19:04:44,2026-10-04 19:04:47,0.1,2.8746e-08,0.419,0,0,CLOSED,rug-liquidity-collapse,0.05,0.0434,0.868
51AZJPy3dqJTLqaxS6rUsoa7PG7ZFayEofRXDCfSpump,MONDO,RUGGED,2.9394e-08,3.3117e-08,29.39,3568,30.86,3745,27.96,3393,1.516,184.01,2026-10-04 18:57:12,2026-10-04 18:57:15,7.8,2.7959e-08,0.0,0.85,0.92,CLOSED,rug-liquidity-collapse,0.05,0.04173,0.834
HwigRTgB4dW9Zo1zmiNGQfMv7qYy3g64HKVv61aNebQR,SXSI,RUGGED,2.8025e-08,3.0080e-08,28.03,3401,28.03,3401,29.23,3547,0.036,4.31,2026-10-04 19:01:30,2026-10-04 19:01:33,3.5,2.9228e-08,0.673,1.13,1.44,CLOSED,rug-liquidity-collapse,0.05,0.04802,0.96
8962ouR6SwYoGeGaLJniedc2kvgpySbJw9FuoXHSpump,Life,RUGGED,2.8239e-08,1.7463e-07,28.24,3427,162.85,19765,30.17,3661,42.402,5146.33,2026-10-04 19:03:20,2026-10-04 19:03:23,1.7,3.0165e-08,1.161,1.14,1.56,CLOSED,rug-liquidity-collapse,0.05,0.00854,0.171
21hhHu8eeiUBrUpqFd5MMJG6nrkrYktwP3rfHnSrfEsn,PARKER,RUGGED,2.8899e-08,4.5911e-08,28.9,3507,42.79,5193,30.52,3704,7.112,863.21,2026-10-04 19:04:22,2026-10-04 19:04:24,0.6,3.0516e-08,1.342,0.77,0.86,CLOSED,rug-liquidity-collapse,0.05,0.03286,0.657
5Nm9Jcy3GcEwxUGoTGhhbk2BeJREEtyqwfBno3dktAsz,YUKI,RUGGED,2.8146e-08,3.1609e-08,28.15,3416,29.45,3574,27.96,3393,0.79,95.87,2026-10-04 18:43:20,2026-10-04 18:43:23,21.8,2.7959e-08,0.0,0.9,0.92,CLOSED,rug-liquidity-collapse,0.05,0.04371,0.874
GceZm98nazewbMYKdYRU3jcjVJudNYUhgiSX7BxJjsP9,SPIDER,RUGGED,2.8521e-08,3.0612e-08,28.52,3462,28.52,3462,27.96,3393,0.3,36.41,2026-10-04 19:04:49,2026-10-04 19:04:52,0.3,2.7959e-08,0.0,0.92,0.92,CLOSED,rug-liquidity-collapse,0.05,0.04514,0.903
GE2a3yVrorUH97uisTbnYqC8ryyYPubVfmZ4txPisDFN,PRINCESS,RUGGED,2.7959e-08,3.2631e-08,27.96,3393,30.4,3690,27.96,3393,1.284,155.83,2026-10-04 19:04:30,2026-10-04 19:04:32,0.9,2.7959e-08,0.0,0.9,0.92,CLOSED,rug-liquidity-collapse,0.05,0.04235,0.847
5LGbHW3R3yzX6h5bNYsQwzVaLABV9TAAZ1UqXoVkpump,$AURA,RUGGED,2.8070e-08,2.7669e-08,28.07,3407,25.78,3128,71.57,8686,0.054,6.6,2026-10-04 19:04:54,2026-10-04 19:04:56,0.5,7.1566e-08,0.151,1.69,1.77,CLOSED,rug-liquidity-collapse,0.05,0.12781,2.556
ANTkTRVesj5YiU4zvE9AhVVrv8MzwrEQxWiciqG1k72w,ZEC,RUGGED,2.9854e-08,3.1775e-08,29.85,3623,29.61,3593,27.96,3393,0.871,105.7,2026-10-04 18:59:22,2026-10-04 18:59:25,6.1,2.7959e-08,0.0,0.88,0.91,CLOSED,rug-liquidity-collapse,0.05,0.04349,0.87
4UqFWatM499xU7m5pAU4udcaQdQ8GLU7Mg7wmigKpump,Orchid,RUGGED,2.8514e-08,3.0605e-08,28.51,3461,28.51,3461,27.96,3393,0.296,35.96,2026-10-04 19:05:13,2026-10-04 19:05:16,0.2,2.7959e-08,0.0,0.92,0.92,CLOSED,rug-liquidity-collapse,0.05,0.04515,0.903
BhJvFoioRYoauBbqtRP9FBK47PDr6mABX75vwVtbpump,PAWPAD,RUGGED,2.9640e-08,3.2343e-08,29.64,3597,30.14,3658,28.0,3398,1.146,139.07,2026-10-04 19:02:29,2026-10-04 19:02:31,3.0,2.8000e-08,0.022,0.91,0.92,CLOSED,rug-liquidity-collapse,0.05,0.04279,0.856
3XtcimcXYcqsApHotH2YUy5jkvyKEhon2k36wpDYpump,BRAINPAD,RUGGED,2.9830e-08,3.2016e-08,29.83,3620,29.83,3620,27.96,3393,0.988,119.87,2026-10-04 19:04:53,2026-10-04 19:04:56,0.6,2.7959e-08,0.0,0.89,0.92,CLOSED,rug-liquidity-collapse,0.05,0.04316,0.863
Bv49p1AKucUVxDMmbd8nSjHjbJRgwjN93krABUCdpump,$CAT,RUGGED,3.1720e-08,5.7423e-08,31.72,3850,53.54,6498,39.31,4771,3.291,399.41,2026-10-04 19:05:26,2026-10-04 19:05:28,0.1,3.9306e-08,0.0,0,0,CLOSED,rug-liquidity-collapse,0.05,0.03385,0.677
BpkB2PcK3mbDtDZH7pbW5zTwhQQmAf5tpqCwkx91pump,$BWIZ,RUGGED,2.8416e-08,2.9357e-08,28.42,3449,27.35,3319,11.15,1353,0.235,28.55,2026-10-04 19:04:46,2026-10-04 19:04:48,0.8,1.1146e-08,0.048,1.23,1.36,CLOSED,rug-liquidity-collapse,0.05,0.01876,0.375
6oRK6N3WJce6QaBy673gEN1DWddDU3b54HNaqFgypump,OUTPAYCAT,RUGGED,4.8519e-08,5.8487e-08,48.52,5889,54.52,6617,30.76,3733,11.891,1443.24,2026-10-04 19:04:54,2026-10-04 19:04:57,0.8,3.0759e-08,1.467,1.01,1.22,CLOSED,rug-liquidity-collapse,0.05,0.02601,0.52
45bnKp1PgmkXvUi2ndooT4Y3JXPMXygCVx4UACA5pump,Onepiece,RUGGED,2.8070e-08,3.0457e-08,28.07,3407,28.38,3444,1.39,169,0.06,7.27,2026-10-04 19:04:40,2026-10-04 19:04:42,1.0,1.3927e-09,0.002,0.05,1.06,CLOSED,rug-liquidity-collapse,0.05,0.00226,0.045
DWjYiW8bDXGX9cYPnme1NhjGtwR8Gtmdg4qBWo2Wpump,j,RUGGED,2.8070e-08,3.0128e-08,28.07,3407,28.07,3407,33.35,4048,0.059,7.19,2026-10-04 19:05:29,2026-10-04 19:05:32,0.3,3.3353e-08,0.0,0.95,0.95,CLOSED,rug-liquidity-collapse,0.05,0.05471,1.094
5mBpPqCebS3ED73ngHuS5MKQcCDeeVPgFVQxBCPkDLdf,DAKOTA,RUGGED,2.7959e-08,3.3440e-08,27.96,3393,31.16,3782,27.96,3393,1.67,202.67,2026-10-04 19:05:02,2026-10-04 19:05:05,0.9,2.7959e-08,0.0,0.88,0.9,CLOSED,rug-liquidity-collapse,0.05,0.04132,0.826
Hb8Dw7JWK8YvA6VvR7JovoLZB1ToswBgouqQkQfupump,OUTPAYCAT,RUGGED,2.8155e-08,5.0309e-07,28.15,3417,469.42,56974,466.16,56578,1.746,211.97,2026-10-04 19:05:40,2026-10-04 19:05:43,0.3,4.6616e-07,0.0,0.92,0.92,CLOSED,rug-liquidity-collapse,0.05,0.04586,0.917
9tHXb6XJq3Kj4z9Zu745Jfdp4136jGMoYUfkGgFZpump,Elonmail,RUGGED,2.8887e-08,3.4870e-08,28.89,3506,32.49,3943,28.12,3412,2.34,284.04,2026-10-04 19:05:48,2026-10-04 19:05:50,0.2,2.8116e-08,0.084,0.93,0.93,CLOSED,rug-liquidity-collapse,0.05,0.03985,0.797
FgUK6sVGHDCNAWaEK6JrtjZcKD8pDnKKrrANevTPfyaW,SPAWN,RUGGED,2.7959e-08,3.4616e-08,27.96,3393,32.25,3915,27.96,3393,2.222,269.71,2026-10-04 19:05:10,2026-10-04 19:05:12,0.9,2.7959e-08,0.0,0.84,0.89,CLOSED,rug-liquidity-collapse,0.05,0.03992,0.798
AVD9jActnkqbfzNAN9vVYfBYP1rHMqggdABLBhuqpump,DI,RUGGED,2.8328e-08,3.0405e-08,28.33,3438,28.33,3438,27.96,3393,0.198,23.97,2026-10-04 19:04:56,2026-10-04 19:04:58,1.4,2.7959e-08,0.0,0.92,0.92,CLOSED,rug-liquidity-collapse,0.05,0.04544,0.909
4NzcLWcYiCgiLQHX5pXVRFETLqb3qHojSsoo76DMpump,NEXUS,RUGGED,2.8052e-08,3.2750e-08,28.05,3405,30.51,3704,28.08,3408,1.341,162.75,2026-10-04 19:06:11,2026-10-04 19:06:14,0.1,2.8079e-08,0.064,0,0,CLOSED,rug-liquidity-collapse,0.05,0.04238,0.847
CBzC7cLMbg18ddKDf7jGZ3itdDuHfW9vpkXWFxfbpump,EGO,RUGGED,2.7959e-08,3.2816e-08,27.96,3393,30.58,3711,27.96,3393,1.373,166.62,2026-10-04 19:00:03,2026-10-04 19:00:06,6.3,2.7959e-08,0.0,0.89,0.92,CLOSED,rug-liquidity-collapse,0.05,0.04211,0.842
7xNyMpdjRDFuyzDCuSnS6XbZMNtMhyceRWDr3zGmpump,plug,RUGGED,2.8515e-08,4.9056e-08,28.52,3461,45.73,5550,6.05,734,0.539,65.47,2026-10-04 19:04:25,2026-10-04 19:04:29,2.0,6.0516e-09,0.148,0.41,1.01,CLOSED,rug-liquidity-collapse,0.05,0.0061,0.122
3JnnF46wzr5J348nY2FGiqR6D5LSMpGPx9s5yGG3pump,WAY,RUGGED,3.3754e-08,3.6246e-08,33.75,4097,33.77,4099,27.97,3395,2.973,360.81,2026-10-04 19:05:29,2026-10-04 19:05:32,0.9,2.7974e-08,0.008,0.92,0.92,CLOSED,rug-liquidity-collapse,0.05,0.03815,0.763
6yQwVmPs2LjS7TrMbc5tepq3QXcbxWu1zjHMXsSZpump,FUNDCANCER,RUGGED,2.9449e-08,3.3042e-08,29.45,3574,30.79,3737,29.2,3543,1.48,179.69,2026-10-04 19:05:56,2026-10-04 19:05:59,0.5,2.9195e-08,0.656,0.98,1.04,CLOSED,rug-liquidity-collapse,0.05,0.04367,0.873
ECU4PBfG5kVGTQ7SWPWUVQjWKcdpkmETNTkjfCYkpump,SAVPIR,RUGGED,3.1720e-08,2.3576e-08,31.72,3850,21.95,2664,29.43,3572,1.354,164.33,2026-10-04 19:06:11,2026-10-04 19:06:14,0.2,2.9429e-08,0.026,1.01,1.01,CLOSED,rug-liquidity-collapse,0.05,0.06166,1.233
CPjfKcyqUtnPG18d7BqYguf3V5tfZTXA6n2KUHpqpump,greg,RUGGED,3.1618e-08,4.4854e-08,31.62,3838,41.8,5073,27.99,3397,6.682,811.02,2026-10-04 19:05:43,2026-10-04 19:05:46,0.7,2.7991e-08,0.017,0.78,0.78,CLOSED,rug-liquidity-collapse,0.05,0.03085,0.617
Bk5fAxzGouxtxeMQqS1qZ7A767SUMmrR42wpscNhpump,COFFEE,RUGGED,2.8291e-08,5.0798e-08,28.29,3434,47.36,5748,11.75,1426,0.298,36.12,2026-10-04 19:06:06,2026-10-04 19:06:09,0.4,1.1746e-08,0.074,0.71,0.71,CLOSED,rug-liquidity-collapse,0.05,0.01143,0.229
Cn6swVMFmgLcYb6wPoHQ1hPbNEatMMJBxKc11nZ3pump,MESSI,RUGGED,2.8087e-08,4.5663e-08,28.09,3409,42.57,5166,69.29,8410,0.104,12.59,2026-10-04 19:06:08,2026-10-04 19:06:10,0.3,6.9292e-08,0.0,1.99,1.99,CLOSED,rug-liquidity-collapse,0.05,0.07503,1.501
8tF3S1iTCatbVo7L5kKaaZaDJkBxoViwPxhUdoXTpump,Elonmail,RUGGED,2.9074e-08,3.4297e-08,29.07,3529,31.96,3879,28.45,3453,2.073,251.66,2026-10-04 19:06:19,2026-10-04 19:06:22,0.2,2.8453e-08,0.264,0,0,CLOSED,rug-liquidity-collapse,0.05,0.041,0.82
2jd2gwT5SxP5RSZ6UfE2yEto58eWBBJbeUvgDePapump,Reptile,RUGGED,2.8087e-08,4.3062e-08,28.09,3409,40.14,4872,94.3,11445,0.098,11.87,2026-10-04 19:06:14,2026-10-04 19:06:17,0.3,9.4302e-08,0.0,1.86,1.86,CLOSED,rug-liquidity-collapse,0.05,0.10828,2.165
9D9KnNyst3QAkX5rQ719rLcUWQSFQchHvGdsoJbpump,stonkperps,RUGGED,2.9830e-08,4.4119e-08,29.83,3620,41.12,4990,29.65,3598,6.381,774.41,2026-10-04 19:06:27,2026-10-04 19:06:30,0.1,2.9649e-08,0.893,0,0,CLOSED,rug-liquidity-collapse,0.05,0.03322,0.664
2nNwDBfN57ZVteCNajsCjJJeKnNkRmBKgwDp3QCTVjRr,vibes,RUGGED,2.9854e-08,4.5469e-08,29.85,3623,42.38,5143,27.96,3393,6.933,841.5,2026-10-04 19:05:26,2026-10-04 19:05:29,1.3,2.7959e-08,0.0,0.66,0.85,CLOSED,rug-liquidity-collapse,0.05,0.0304,0.608
63BK5EbYQRTFXKSYGjMxGD3ieaeQF5Ahc9bp54dFpump,$BAD,RUGGED,2.8878e-08,3.0659e-08,28.88,3505,28.56,3467,32.73,3972,0.483,58.68,2026-10-04 19:06:14,2026-10-04 19:06:17,0.5,3.2726e-08,0.033,1.23,1.29,CLOSED,rug-liquidity-collapse,0.05,0.05275,1.055
NMUb2F58SogsMFWEAseSLTYjgZfePoa2F7Y6iUXpump,TREMENDOUS,RUGGED,2.9309e-08,3.0451e-08,29.31,3557,28.37,3443,27.97,3395,0.22,26.74,2026-10-04 19:05:49,2026-10-04 19:05:52,1.0,2.7974e-08,0.008,0.91,0.92,CLOSED,rug-liquidity-collapse,0.05,0.0454,0.908
Bezkwe1CgaLkZ4hkHGuWGtQEcqbbzBZPvW7Kuuhcpump,MESSI,RUGGED,2.8087e-08,2.7497e-08,28.09,3409,25.61,3109,14.03,1703,0.062,7.58,2026-10-04 19:06:35,2026-10-04 19:06:37,0.4,1.4035e-08,0.02,0.76,0.94,CLOSED,rug-liquidity-collapse,0.05,0.02522,0.504
4CnUzkubLmES5rqNBuBwFuNbAKgo4Xpq6VxgtekApump,VEIL,RUGGED,2.8514e-08,3.2631e-08,28.51,3461,30.4,3690,28.51,3461,1.284,155.83,2026-10-04 19:06:54,2026-10-04 19:06:57,0.1,2.8514e-08,0.296,0,0,CLOSED,rug-liquidity-collapse,0.05,0.04319,0.864
83S2ZtDLLTi3daL6vyk8NpS4v5zgPpDXBCGPJFa1pump,l,RUGGED,2.8070e-08,3.0128e-08,28.07,3407,28.07,3407,39.27,4767,0.059,7.19,2026-10-04 19:06:51,2026-10-04 19:06:53,0.2,3.9274e-08,0.0,1.29,1.29,CLOSED,rug-liquidity-collapse,0.05,0.06442,1.288
4pP8spfo8szUaaZAMtV7Fmb9U826861MJ7WW48K2pump,PHILSTER,RUGGED,3.0351e-08,2.5341e-08,30.35,3684,23.6,2864,10.59,1285,0.978,118.67,2026-10-04 19:06:38,2026-10-04 19:06:40,0.5,1.0587e-08,0.0,0.45,1.07,CLOSED,rug-liquidity-collapse,0.05,0.02064,0.413
3LwtkqpGwAyckpvaeDBss5ok3vBvmGxmXXhSzkQXpump,VALCAT,RUGGED,2.8943e-08,3.3786e-08,28.94,3513,31.48,3821,27.96,3393,1.834,222.53,2026-10-04 19:06:43,2026-10-04 19:06:45,0.4,2.7959e-08,0.0,0.92,0.92,CLOSED,rug-liquidity-collapse,0.05,0.0409,0.818
D2M6PSBtQjk2WkVxr5a3D4Ea6XiNdzDBSNYbLaBmpump,ADMIRAL,RUGGED,3.1762e-08,5.9687e-08,31.76,3855,55.63,6752,36.62,4445,12.319,1495.14,2026-10-04 19:06:28,2026-10-04 19:06:31,0.7,3.6621e-08,4.334,0.88,1.43,CLOSED,rug-liquidity-collapse,0.05,0.03034,0.607
AGMJRZmf31826A2fvGgNVxm4hhyTmJnGgWbFpipkpump,SMIRK,RUGGED,2.8700e-08,1.4662e-08,28.7,3483,13.64,1655,17.77,2156,0.188,22.79,2026-10-04 19:05:44,2026-10-04 19:05:46,1.5,1.7767e-08,0.0,0.97,1.74,CLOSED,rug-liquidity-collapse,0.05,0.05979,1.196
vr8pNi1uAJvYTKc4UGHoA39tztjYqeUBcZZfnj6pump,EMPLOYEE,RUGGED,2.9830e-08,3.2016e-08,29.83,3620,29.83,3620,28.31,3436,0.988,119.87,2026-10-04 19:03:44,2026-10-04 19:03:46,3.5,2.8312e-08,0.189,0.93,0.96,CLOSED,rug-liquidity-collapse,0.05,0.0437,0.874
8NxGvaMXe51GA3AZnF8WArPiPzKcfFLJz2ronvnVpump,TOKENIZED,RUGGED,2.8199e-08,3.0622e-08,28.2,3422,28.53,3463,4.1,498,0.17,20.65,2026-10-04 19:06:04,2026-10-04 19:06:07,1.2,4.1047e-09,0.0,0.16,0.56,CLOSED,rug-liquidity-collapse,0.05,0.00662,0.132
4LN8sQpwEoAhdh4fYUVoMFCyzmqdJLCRU69i4uW7pump,MESSI,RUGGED,2.8142e-08,3.9877e-08,28.14,3416,37.17,4511,30.89,3749,0.129,15.67,2026-10-04 19:04:14,2026-10-04 19:04:16,3.1,3.0886e-08,0.02,1.41,1.9,CLOSED,rug-liquidity-collapse,0.05,0.03829,0.766
ovRCrApwBvodpcTNBHu5u7puufsvDxJubWYLJYmpump,ХСОINS,RUGGED,2.9810e-08,3.3573e-08,29.81,3618,31.28,3797,29.23,3547,1.733,210.29,2026-10-04 19:06:59,2026-10-04 19:07:02,0.3,2.9225e-08,0.672,0.92,0.92,CLOSED,rug-liquidity-collapse,0.05,0.04302,0.86
6AfyGfH7i5xqLRqJr4LLLapmeWXBZpW5nGs2uDGnpump,AtCAT,RUGGED,2.8070e-08,3.0128e-08,28.07,3407,28.07,3407,29.68,3602,0.059,7.21,2026-10-04 19:05:09,2026-10-04 19:05:12,2.2,2.9675e-08,0.0,0.98,1.07,CLOSED,rug-liquidity-collapse,0.05,0.04868,0.973
6HUEhkCXDsAgsCu6Wt1df8Et8cvZHpnTV8cwBb3aBZm9,DNA,RUGGED,2.8143e-08,3.1927e-08,28.14,3416,29.75,3610,28.14,3416,0.944,114.61,2026-10-04 19:06:34,2026-10-04 19:06:37,0.8,2.8143e-08,0.099,0.92,0.92,CLOSED,rug-liquidity-collapse,0.05,0.04357,0.871
FZqiqbBxms4eZs67e7pY6A2kT2AqPyMZAEYpBrSjpump,Elonmail,RUGGED,2.8887e-08,3.7552e-08,28.89,3506,34.99,4247,27.96,3393,3.562,432.31,2026-10-04 19:07:06,2026-10-04 19:07:08,0.3,2.7959e-08,0.0,0.9,0.9,CLOSED,rug-liquidity-collapse,0.05,0.0368,0.736
Fk8SM9aEMcbdxt91KpcHNRGYdC1BcgfcAZ54YJqZoT6g,Agento,RUGGED,3.0499e-08,3.7047e-08,30.5,3702,34.52,4190,30.67,3722,3.335,404.81,2026-10-04 19:01:20,2026-10-04 19:01:23,6.1,3.0666e-08,1.419,1.06,1.1,CLOSED,rug-liquidity-collapse,0.05,0.04092,0.818
BesrEcD1EqRsBevxTYy6uhdQVXJxFvj932uKgQThpump,Stones,RUGGED,2.8422e-08,3.1277e-08,28.42,3450,29.14,3537,5.18,628,0.254,30.8,2026-10-04 19:06:40,2026-10-04 19:06:43,0.9,5.1771e-09,0.087,0.18,1.32,CLOSED,rug-liquidity-collapse,0.05,0.00818,0.164
2NchJYdihvUTitcqSodJpaqhS8xMd1FWe1JC3KZzpump,PLUG,RUGGED,3.0789e-08,4.0822e-08,30.79,3737,38.04,4617,29.74,3610,4.994,606.11,2026-10-04 19:06:14,2026-10-04 19:06:16,1.4,2.9745e-08,0.943,0.8,0.87,CLOSED,rug-liquidity-collapse,0.05,0.03602,0.72
5DUcp63BqQ7LZiCYTU15VNJm19sVU9XyY9rjWzNepump,BRAINPAD,RUGGED,2.9830e-08,3.2016e-08,29.83,3620,29.83,3620,27.96,3393,0.988,119.87,2026-10-04 19:07:00,2026-10-04 19:07:02,0.6,2.7959e-08,0.0,0.89,0.92,CLOSED,rug-liquidity-collapse,0.05,0.04316,0.863
3JToJXXWcMJFVxCYk3YRDxetCN6JvMjW3a6veRftpump,VEIL,RUGGED,2.8887e-08,3.1950e-08,28.89,3506,29.77,3613,27.96,3393,0.955,115.96,2026-10-04 19:07:33,2026-10-04 19:07:35,0.1,2.7959e-08,0.0,0,0,CLOSED,rug-liquidity-collapse,0.05,0.04325,0.865
A2ZVBiNwe4SDBiSNMbm4YxaLvydLTQ4oHBTm9deEpump,SON,RUGGED,2.8814e-08,2.2143e-08,28.81,3497,20.62,2502,2.32,281,0.326,39.55,2026-10-04 19:07:27,2026-10-04 19:07:30,0.5,2.3192e-09,0.111,0.39,0.6,CLOSED,rug-liquidity-collapse,0.05,0.00517,0.103
HbyX8mxHKPtCThpxCE45hPBKPcM4F6Eqc5FWKD2Rpump,DOOROC,RUGGED,2.8068e-08,2.9815e-08,28.07,3407,27.78,3371,4.57,555,0.058,7.05,2026-10-04 19:07:31,2026-10-04 19:07:34,0.4,4.5705e-09,0.295,0.39,0.61,CLOSED,rug-liquidity-collapse,0.05,0.00757,0.151
5aFpWEk3HAh4hVUECRfSQvXchMvPXaqiowAa4R5Mpump,OSCAR,RUGGED,2.9830e-08,3.2016e-08,29.83,3620,29.83,3620,28.12,3413,0.988,119.87,2026-10-04 19:05:12,2026-10-04 19:05:15,2.8,2.8120e-08,0.086,0.93,0.99,CLOSED,rug-liquidity-collapse,0.05,0.04341,0.868
DG7ZnKBp62PPQY3wcKWL4MpRDsV7wFBL7xsipWkzpump,JIMOTHY,RUGGED,2.8139e-08,3.0203e-08,28.14,3415,28.14,3415,27.96,3393,0.097,11.73,2026-10-04 19:05:29,2026-10-04 19:05:32,2.5,2.7959e-08,0.0,0.93,0.93,CLOSED,rug-liquidity-collapse,0.05,0.04575,0.915
A6MhZ7Qvrg4vDcdTxR2xK98wpJFgJ1pLsGwUK9t9Z66Q,TRENDSAPP,RUGGED,2.7961e-08,3.0607e-08,27.96,3394,28.52,3461,27.96,3394,0.297,36.09,2026-10-04 19:07:52,2026-10-04 19:07:55,0.2,2.7961e-08,0.001,0,0,CLOSED,rug-liquidity-collapse,0.05,0.04515,0.903
7HUY5x9oGg57QgWVVG6hUDWkRQ7qnpFeg3zKq1yJ64iz,LIONESS,RUGGED,3.0789e-08,3.3044e-08,30.79,3737,30.79,3737,27.96,3393,1.481,179.81,2026-10-04 19:07:02,2026-10-04 19:07:05,1.0,2.7959e-08,0.0,0.88,0.92,CLOSED,rug-liquidity-collapse,0.05,0.04182,0.836
BooGLKncG8V32NzstnrnqJNxKcHJWmRosuYvPse4pump,BOTZ,RUGGED,3.1371e-08,4.2281e-08,31.37,3807,39.4,4782,34.36,4170,5.614,681.37,2026-10-04 19:07:27,2026-10-04 19:07:29,0.6,3.4357e-08,3.256,1.71,1.71,CLOSED,rug-liquidity-collapse,0.05,0.04017,0.803
6a8iLZr6dNYB1RyU7kbdXKqZjKFZgkW1z365PDiUpump,YNWGYPSY,RUGGED,2.8469e-08,3.0556e-08,28.47,3455,28.47,3455,27.96,3393,0.272,33.05,2026-10-04 19:04:48,2026-10-04 19:04:51,3.3,2.7959e-08,0.0,0.92,0.92,CLOSED,rug-liquidity-collapse,0.05,0.04522,0.904
47Uwy9JZB47eXybis8xZRSgUs7L8ECyJTHX8imkVpump,PUMP,RUGGED,3.2560e-08,3.4944e-08,32.56,3952,32.56,3952,29.63,3596,2.374,288.19,2026-10-04 19:02:08,2026-10-04 19:02:11,6.0,2.9630e-08,0.883,1.03,1.04,CLOSED,rug-liquidity-collapse,0.05,0.04191,0.838
4JPuyaz4TRFKCrMiizHg4JqBFJ13d78gWoPoEVZPpump,PERFIL,RUGGED,2.8887e-08,3.4542e-08,28.89,3506,32.19,3906,27.99,3397,2.188,265.5,2026-10-04 19:07:42,2026-10-04 19:07:44,0.5,2.7989e-08,0.016,1.02,1.02,CLOSED,rug-liquidity-collapse,0.05,0.04005,0.801
43eBxzBt4gpv43zkBdGsd2jcqstU98Ju7U27qL7fw29J,FAIRCURVE,RUGGED,2.7959e-08,3.0804e-08,27.96,3393,28.7,3483,27.96,3393,0.395,47.95,2026-10-04 19:07:52,2026-10-04 19:07:55,0.3,2.7959e-08,0.0,0.92,0.92,CLOSED,rug-liquidity-collapse,0.05,0.04486,0.897
3KBQFMGLDifpakCye15BDVGpSspEAGzXGTMTDdd6pump,$MFRG,RUGGED,2.8142e-08,3.0205e-08,28.14,3416,28.14,3416,31.72,3850,0.098,11.87,2026-10-04 18:47:31,2026-10-04 18:47:33,20.7,3.1722e-08,0.248,2.79,3.26,CLOSED,rug-liquidity-collapse,0.05,0.09539,1.908
CYD91QhiVYvMiZDQ77wepyERRhsP8NiTz7zVyXe4pump,F.02,RUGGED,2.9834e-08,3.2738e-08,29.83,3621,30.5,3702,27.96,3393,1.336,162.09,2026-10-04 19:07:32,2026-10-04 19:07:34,0.7,2.7959e-08,0.0,0.9,0.92,CLOSED,rug-liquidity-collapse,0.05,0.04221,0.844
93ZK7yWCdbiDNhsktD5qR9CtbLsQAqFrjdLGNGKepump,DOGSI,RUGGED,2.8339e-08,3.1925e-08,28.34,3439,29.75,3610,28.47,3456,0.944,114.53,2026-10-04 19:07:50,2026-10-04 19:07:53,0.4,2.8475e-08,0.275,0.92,0.92,CLOSED,rug-liquidity-collapse,0.05,0.04408,0.882
51bsfiPeXHxScE6xYfTU7XomvMuytpADYMxNKpWNpump,CAVE,RUGGED,2.8700e-08,3.1717e-08,28.7,3483,29.55,3587,135.92,16497,0.407,49.37,2026-10-04 19:07:51,2026-10-04 19:07:54,0.4,1.3592e-07,0.161,3.19,3.19,CLOSED,rug-liquidity-collapse,0.05,0.1807,3.614
8cvqF9FZzBEoxKEcw7NhpCwAvKyyN49A2TRmh1okpump,$gdjhvvs,RUGGED,2.8329e-08,3.1908e-08,28.33,3438,29.73,3608,27.96,3393,0.935,113.52,2026-10-04 18:46:02,2026-10-04 18:46:04,22.3,2.7959e-08,0.0,0.89,0.92,CLOSED,rug-liquidity-collapse,0.05,0.04331,0.866
xsWv13ebXZQ8Rcbu83F8edCjJTZZozxJwDZFg3Gs8xv,MCG,RUGGED,2.7961e-08,3.0607e-08,27.96,3394,28.52,3461,27.96,3394,0.297,36.09,2026-10-04 19:08:15,2026-10-04 19:08:18,0.1,2.7961e-08,0.001,0,0,CLOSED,rug-liquidity-collapse,0.05,0.04515,0.903
HW71AvyStjjdFvGYmHkHsYtbt2tKw7xJ5NMf9w9spump,KINGCOIN,RUGGED,2.8070e-08,3.8096e-08,28.07,3407,35.51,4309,55.41,6725,0.075,9.12,2026-10-04 19:08:10,2026-10-04 19:08:13,0.2,5.5412e-08,0.028,1.23,1.23,CLOSED,rug-liquidity-collapse,0.05,0.07191,1.438
HzLNH89HyKpnUxjwWJWbWn3MYsD1N7coE2Nq21Ldpump,BREEZE,RUGGED,2.9018e-08,4.1611e-08,29.02,3522,38.78,4706,27.97,3395,5.331,646.96,2026-10-04 19:03:24,2026-10-04 19:03:26,5.1,2.7969e-08,0.005,0.74,0.89,CLOSED,rug-liquidity-collapse,0.05,0.03323,0.665
89T9yvkdTgjpVpkykKuMSYrfJ4is36uoiftnbgGayLqN,MALUCO,RUGGED,2.8146e-08,3.1861e-08,28.15,3416,29.69,3603,28.16,3418,0.912,110.72,2026-10-04 19:08:19,2026-10-04 19:08:22,0.1,2.8164e-08,0.11,0,0,CLOSED,rug-liquidity-collapse,0.05,0.04369,0.874
2Mh2jUb7NsvxJdAgTLdGXhWGTUPGTwH3HQ96HG6xt9jL,SOLRUSH,RUGGED,2.8521e-08,3.0612e-08,28.52,3462,28.52,3462,27.96,3393,0.3,36.41,2026-10-04 19:08:07,2026-10-04 19:08:09,0.4,2.7959e-08,0.0,0.92,0.92,CLOSED,rug-liquidity-collapse,0.05,0.04514,0.903
4ZiY93SPeVGF6aG8k5537UhR6eLK6B3Yb8cxnXVypump,LOBBY,RUGGED,2.8514e-08,3.0605e-08,28.51,3461,28.51,3461,27.96,3393,0.296,35.96,2026-10-04 19:05:11,2026-10-04 19:05:14,3.4,2.7959e-08,0.0,0.94,0.94,CLOSED,rug-liquidity-collapse,0.05,0.04515,0.903
5jvR9bnMFDQg9KZyscmM1ExaaLYT2x9BqZzpb9vUpump,Sadie,RUGGED,2.9830e-08,3.2659e-08,29.83,3620,30.43,3693,28.15,3416,1.298,157.48,2026-10-04 19:07:08,2026-10-04 19:07:11,1.5,2.8148e-08,0.101,0.91,0.91,CLOSED,rug-liquidity-collapse,0.05,0.0426,0.852
FvgxHBbaHvTUmaFGML2QQH7qqiVjTJCmanWiF5hypump,VETO,RUGGED,3.4446e-08,3.0168e-08,34.45,4181,28.11,3411,27.96,3393,0.079,9.63,2026-10-04 19:08:35,2026-10-04 19:08:37,0.1,2.7959e-08,0.0,0,0,CLOSED,rug-liquidity-collapse,0.05,0.0458,0.916
Axb9xvPZYyyZXyL5uN3QFKR7Bi9FvcHbXp8w9WFLpump,MESSI,RUGGED,2.8142e-08,3.2680e-08,28.14,3416,30.45,3696,20.61,2501,0.106,12.84,2026-10-04 19:08:30,2026-10-04 19:08:32,0.3,2.0608e-08,0.0,0.63,0.63,CLOSED,rug-liquidity-collapse,0.05,0.03117,0.623
H63LtkbtDrDFwW3uGs2WfVHXDLZePvQ2US394iddpump,TheKing,RUGGED,2.8422e-08,3.7523e-08,28.42,3450,34.97,4244,102.31,12418,0.305,36.96,2026-10-04 19:08:32,2026-10-04 19:08:34,0.2,1.0231e-07,0.0,2.74,2.74,CLOSED,rug-liquidity-collapse,0.05,0.13623,2.724
8B37aGQwWxtBeN8bFM4M8uwWtdVZW7i2TnTVZBXupump,MADBALLS,RUGGED,2.9681e-08,4.5015e-08,29.68,3602,41.95,5092,28.87,3504,6.748,819.01,2026-10-04 19:08:23,2026-10-04 19:08:26,0.4,2.8868e-08,0.484,0.68,0.9,CLOSED,rug-liquidity-collapse,0.05,0.03171,0.634
32Tn4gEmqvT3NYWgutk9YmEfuLxtrzRvBYWpkJBwpump,pandas,RUGGED,2.8981e-08,3.1105e-08,28.98,3517,28.98,3517,27.96,3393,0.543,65.93,2026-10-04 19:01:33,2026-10-04 19:01:36,7.3,2.7959e-08,0.0,0.92,0.92,CLOSED,rug-liquidity-collapse,0.05,0.04442,0.888
4UcD2S4jL1AR1qofYZo4Sr5akQymdYPct2Zd3uZhpump,DE,RUGGED,2.8422e-08,3.2324e-08,28.42,3450,30.12,3655,28.42,3450,1.136,137.93,2026-10-04 19:07:52,2026-10-04 19:07:55,1.0,2.8422e-08,0.248,0.92,0.92,CLOSED,rug-liquidity-collapse,0.05,0.04346,0.869
BeNH3ZQTxHaKPkNco1FQf1j3rxtf1okyrbjNznP5pump,$SLJK,RUGGED,3.1720e-08,1.5362e-08,31.72,3850,14.29,1734,3.83,465,0.892,108.27,2026-10-04 19:08:35,2026-10-04 19:08:37,0.3,3.8296e-09,0.267,0.39,0.39,CLOSED,rug-liquidity-collapse,0.05,0.0123,0.246
CsjEaBurWJJGf4sksh2D4AKF656PzH1y5TBmru9qKZpz,Test,RUGGED,2.9854e-08,3.2042e-08,29.85,3623,29.85,3623,27.96,3393,1.0,121.37,2026-10-04 19:08:40,2026-10-04 19:08:42,0.3,2.7959e-08,0.0,0.92,0.92,CLOSED,rug-liquidity-collapse,0.05,0.04313,0.862
VhUrRKm3rPGZ54c1DsEetzKNdkQT5owj237Kvvjpump,TOEKEN,RUGGED,3.2903e-08,3.5312e-08,32.9,3993,32.9,3993,28.0,3399,2.545,308.85,2026-10-04 19:05:37,2026-10-04 19:05:40,3.4,2.8005e-08,0.025,0.93,1.29,CLOSED,rug-liquidity-collapse,0.05,0.0392,0.784
FGHbXTbhzxLEfrjzRkPuB3QsDB4AtWDJj8Wr2oEWpump,FROBERT,RUGGED,2.8107e-08,3.0168e-08,28.11,3411,28.11,3411,0.32,39,0.079,9.61,2026-10-04 19:05:12,2026-10-04 19:05:15,4.0,3.2254e-10,0.014,0.01,1.19,CLOSED,rug-liquidity-collapse,0.05,0.00052,0.01
DTws26GhWHphoqytqQ19dqtMBunqT8rw9mrTbkwqpump,EGO,RUGGED,2.8329e-08,3.0406e-08,28.33,3438,28.33,3438,27.96,3393,0.198,24.03,2026-10-04 18:44:22,2026-10-04 18:44:25,24.8,2.7959e-08,0.0,0.92,0.92,CLOSED,rug-liquidity-collapse,0.05,0.04544,0.909
3JTk5iweVHkQZYkL8G5MS2q1FBKM319wvrDmGHynpump,MRDA,RUGGED,2.9112e-08,3.1246e-08,29.11,3533,29.11,3533,27.96,3393,0.612,74.32,2026-10-04 19:04:18,2026-10-04 19:04:20,4.9,2.7959e-08,0.0,1.06,1.06,CLOSED,rug-liquidity-collapse,0.05,0.04422,0.884
8814afdKKAXYZpjW5JFJ7HnwGUwyistbq1GaUPFSpump,BRAINCAT,RUGGED,2.8899e-08,3.1017e-08,28.9,3507,28.9,3507,27.96,3393,0.5,60.69,2026-10-04 19:08:36,2026-10-04 19:08:39,0.6,2.7959e-08,0.0,0.92,0.92,CLOSED,rug-liquidity-collapse,0.05,0.04455,0.891
D1wA86eDe27Yvv8xYtt5HisRP3TnwYJMM2Jt2hELpump,DOOROC,RUGGED,2.8068e-08,2.6421e-08,28.07,3407,24.61,2987,18.51,2246,0.051,6.24,2026-10-04 19:08:33,2026-10-04 19:08:36,0.7,1.8509e-08,0.0,0.72,0.97,CLOSED,rug-liquidity-collapse,0.05,0.03461,0.692
9Rn1CdGGQfouVXRW4kfWMi9ppzvB7e6KKT5U56m3pump,HALH,RUGGED,2.8416e-08,2.2200e-08,28.42,3449,20.67,2509,15.69,1904,0.178,21.58,2026-10-04 19:09:05,2026-10-04 19:09:07,0.2,1.5692e-08,0.0,0.68,0.68,CLOSED,rug-liquidity-collapse,0.05,0.03491,0.698
E8MQNRyHpGnkwTfmCh5qEGYdADBkMFUfLB6fvzn6pump,PUMPDIH,RUGGED,2.8700e-08,3.0804e-08,28.7,3483,28.7,3483,27.96,3393,0.395,47.95,2026-10-04 19:08:14,2026-10-04 19:08:16,1.2,2.7959e-08,0.0,0.92,0.93,CLOSED,rug-liquidity-collapse,0.05,0.04486,0.897
DYSwNMj4oMaLxvguP69S2z5GLXkXKdg5Pywby5LXruRG,BABYUPTOBE,RUGGED,2.8035e-08,3.0091e-08,28.03,3403,28.03,3403,27.96,3393,0.041,4.94,2026-10-04 19:09:06,2026-10-04 19:09:08,0.3,2.7959e-08,0.0,0.92,0.92,CLOSED,rug-liquidity-collapse,0.05,0.04592,0.918
J49VZdp7E6H2WByaxLfXpnFu7Y2EKkcBP8QKnxp5pump,John Cat,RUGGED,2.8125e-08,3.0187e-08,28.12,3414,28.12,3414,27.96,3393,0.089,10.79,2026-10-04 19:04:07,2026-10-04 19:04:09,5.3,2.7959e-08,0.0,0.92,0.92,CLOSED,rug-liquidity-collapse,0.05,0.04577,0.915
25QAtLwfBqDDD3d8X6LZzYQskJ8Cgetf1Kic8aihpump,INPAY,RUGGED,2.8515e-08,3.0606e-08,28.52,3461,28.52,3461,27.96,3393,0.297,36.05,2026-10-04 19:05:52,2026-10-04 19:05:54,3.6,2.7959e-08,0.0,0.92,0.92,CLOSED,rug-liquidity-collapse,0.05,0.04515,0.903
actoyc4WrxA5Sajw3wyaBtDvdZXYWmVV6QjbWx8pump,RONO,RUGGED,2.9830e-08,3.9778e-08,29.83,3620,37.07,4499,28.7,3483,4.543,551.37,2026-10-04 19:09:02,2026-10-04 19:09:06,0.7,2.8700e-08,0.395,1.5,1.5,CLOSED,rug-liquidity-collapse,0.05,0.03567,0.713
HSqZLKRXAiEYGT8MMo9DHK4USUF3y4zv7ubF3iRVpump,WHEEL,RUGGED,2.9262e-08,3.1407e-08,29.26,3552,29.26,3552,28.1,3410,0.691,83.91,2026-10-04 19:07:13,2026-10-04 19:07:16,2.5,2.8098e-08,0.074,0.93,0.95,CLOSED,rug-liquidity-collapse,0.05,0.04421,0.884
34G6id5kCL5iMoR2nPZ1TJLRsRxzxZZE1YYaBC1Gpump,JSC,RUGGED,2.8328e-08,3.0405e-08,28.33,3438,28.33,3438,27.96,3393,0.198,23.97,2026-10-04 19:08:31,2026-10-04 19:08:34,1.3,2.7959e-08,0.0,0.92,0.92,CLOSED,rug-liquidity-collapse,0.05,0.04544,0.909
FZ1FaYp8rnCTxjQf3d9hF6UScSfftFvtw1pby5qvpump,GAMEOFPUMP,RUGGED,2.8199e-08,2.9963e-08,28.2,3422,27.92,3388,3.42,415,0.127,15.43,2026-10-04 19:08:31,2026-10-04 19:08:34,1.3,3.4226e-09,0.003,0.11,1.4,CLOSED,rug-liquidity-collapse,0.05,0.00564,0.113
59FfPK9zYqnyTNT3EjEANtTaFzpV1HHkvumg7UDKpump,Elonmail,RUGGED,5.0227e-08,5.1792e-08,50.23,6096,48.27,5859,32.82,3984,9.419,1143.18,2026-10-04 19:05:51,2026-10-04 19:05:54,4.0,3.2822e-08,2.504,4.6,5.93,CLOSED,rug-liquidity-collapse,0.05,0.13294,2.658
6ri2r1jTn1FBxPvsHkqHtRQupCBve8hH3dNtHdGQpEC6,EGOLESS,RUGGED,2.8521e-08,3.1415e-08,28.52,3462,29.27,3552,29.23,3548,0.695,84.36,2026-10-04 19:05:47,2026-10-04 19:05:49,4.1,2.9233e-08,0.676,1.25,1.3,CLOSED,rug-liquidity-collapse,0.05,0.04599,0.92
FUTSyioEFSZ3qPktLrnGbNBK2ZdRXpBpbnWmyb6RKsbS,TTT,RUGGED,2.7959e-08,3.2118e-08,27.96,3393,29.93,3632,28.06,3406,1.037,125.87,2026-10-04 19:09:31,2026-10-04 19:09:33,0.4,2.8064e-08,0.057,0.92,0.92,CLOSED,rug-liquidity-collapse,0.05,0.04318,0.864
FV1nJLeuRQeF7tyEk6sPemWLth93HpFL8cwZh1UDpump,BRAINPAD,RUGGED,2.9854e-08,6.7747e-08,29.85,3623,63.15,7665,50.94,6182,15.087,1831.14,2026-10-04 18:57:53,2026-10-04 18:57:55,12.1,5.0937e-08,10.493,3.31,3.67,CLOSED,rug-liquidity-collapse,0.05,0.08208,1.642
q8sW9GPiNpfLvuF7V6EcMuk1eomvzRhQUKTN1UNpump,ere,RUGGED,2.8070e-08,1.7216e-08,28.07,3407,16.02,1944,14.68,1781,0.034,4.1,2026-10-04 19:09:47,2026-10-04 19:09:50,0.2,1.4675e-08,0.015,0.72,0.72,CLOSED,rug-liquidity-collapse,0.05,0.04208,0.841
tu3ko813cUdMtDMSyVLdEJjAuSFmgysogPKZ2xKpump,JANKEN,RUGGED,2.9253e-08,3.2741e-08,29.25,3550,30.51,3703,27.96,3393,1.337,162.24,2026-10-04 19:09:52,2026-10-04 19:09:55,0.2,2.7959e-08,0.0,0,0,CLOSED,rug-liquidity-collapse,0.05,0.04221,0.844
9rRhJvG3ZH8y6ZMoDrAVmRMYC4J7x6m3x6FcU5uTpump,aurakidzzz,RUGGED,2.8747e-08,3.0948e-08,28.75,3489,28.83,3500,27.98,3396,0.466,56.53,2026-10-04 19:09:27,2026-10-04 19:09:31,0.6,2.7978e-08,0.01,0.92,0.92,CLOSED,rug-liquidity-collapse,0.05,0.04468,0.893
A2Sxhwst5uFUAbmRmhSAEWKmzcxFdRtTzeC4PgZkpump,BHSL,RUGGED,2.9154e-08,3.1291e-08,29.15,3538,29.15,3538,27.96,3393,0.634,77.0,2026-10-04 19:05:33,2026-10-04 19:05:37,4.6,2.7959e-08,0.0,0.92,0.92,CLOSED,rug-liquidity-collapse,0.05,0.04416,0.883
6zZLnqRBj7Usy5Ka2mGTSKTGkH7QMF2VVzRVo4BNpump,Baton,RUGGED,2.8143e-08,6.0079e-08,28.14,3416,56.02,6799,0.01,1,0.197,23.86,2026-10-04 19:08:28,2026-10-04 19:08:31,1.8,1.1656e-11,0.003,0.0,0.99,CLOSED,rug-liquidity-collapse,0.05,0.0,0.0
DBp91QAy2vt8748cFjGYgnrqiZjX49nUomMacU1Wpump,SAFIX,RUGGED,2.9830e-08,3.2016e-08,29.83,3620,29.83,3620,28.03,3403,0.988,119.87,2026-10-04 19:09:40,2026-10-04 19:09:42,0.6,2.8035e-08,0.041,0.92,0.92,CLOSED,rug-liquidity-collapse,0.05,0.04328,0.865
8zxPiBooaG5VBwkJm5p13rjCHZJcm1fcBGEugs1Fpump,LIONESS,RUGGED,2.9854e-08,3.3195e-08,29.85,3623,30.93,3754,28.18,3420,1.553,188.51,2026-10-04 19:08:16,2026-10-04 19:08:19,2.0,2.8180e-08,0.118,0.94,1.04,CLOSED,rug-liquidity-collapse,0.05,0.04196,0.839
CHJZz58dvm5aThTefUriZ195ezD5heQJQLzZWtTfpump,EVIL,RUGGED,2.8878e-08,2.5393e-08,28.88,3505,23.65,2870,12.99,1576,0.4,48.59,2026-10-04 19:09:57,2026-10-04 19:10:00,0.4,1.2987e-08,0.0,0.39,0.93,CLOSED,rug-liquidity-collapse,0.05,0.02527,0.505
ALHtDqTnC3GE5L3J5W835MVQA1qvaCiJmHvVTje4pump,Mandem,RUGGED,3.3754e-08,3.6420e-08,33.75,4097,33.94,4119,27.96,3393,3.052,370.4,2026-10-04 19:09:35,2026-10-04 19:09:37,0.8,2.7959e-08,0.0,0.92,0.92,CLOSED,rug-liquidity-collapse,0.05,0.03795,0.759
3rm1cPe1WJrZEfvkZQy2YTEsFtHjYDSB8oy1U6mVpump,RIPS,RUGGED,9.7817e-08,2.1144e-07,97.82,11872,197.19,23933,66.0,8011,49.671,6028.57,2026-10-04 19:07:59,2026-10-04 19:08:01,2.4,6.6001e-08,16.093,0.93,0.93,CLOSED,rug-liquidity-collapse,0.05,0.01544,0.309
595g8SyEDoN3DjBHH9iSnnkjDjWPAqkDPs1XTGTDpump,KARIDO,RUGGED,2.9374e-08,3.3805e-08,29.37,3565,31.5,3823,27.96,3393,1.842,223.6,2026-10-04 19:10:12,2026-10-04 19:10:14,0.3,2.7959e-08,0.0,0.89,0.92,CLOSED,rug-liquidity-collapse,0.05,0.04088,0.817
3qXprnmBeufYdBZTSnrrrreixwMD1x1yypnk4ZRfpump,MAESTRON,RUGGED,2.9830e-08,3.2514e-08,29.83,3620,30.29,3677,27.96,3393,1.228,149.01,2026-10-04 19:02:49,2026-10-04 19:02:51,7.8,2.7959e-08,0.0,0.87,0.94,CLOSED,rug-liquidity-collapse,0.05,0.0425,0.85
GWuLXJ3oTjecucahijBoatyjwLk4CceCi4SYry8Lpump,CAVE,RUGGED,2.8700e-08,3.3882e-08,28.7,3483,31.57,3832,6.66,809,0.435,52.74,2026-10-04 19:08:28,2026-10-04 19:08:31,2.1,6.6617e-09,0.0,0.15,0.64,CLOSED,rug-liquidity-collapse,0.05,0.00971,0.194
AHr3eeDmZhebMz3VNxxmUmmxDdho2nCB2VTtQABcpump,Baton,RUGGED,2.8070e-08,3.2382e-08,28.07,3407,30.17,3662,31.2,3787,0.064,7.73,2026-10-04 19:10:22,2026-10-04 19:10:25,0.2,3.1201e-08,0.027,0.9,0.9,CLOSED,rug-liquidity-collapse,0.05,0.04762,0.952
Ft9vGQ1uH31PF9EQHtSCUvmpWc3c6wdPr3U9CTawpump,НЕLLS,RUGGED,2.9810e-08,3.5084e-08,29.81,3618,32.69,3968,29.08,3529,2.44,296.09,2026-10-04 19:09:56,2026-10-04 19:09:58,0.7,2.9076e-08,0.594,0.87,0.88,CLOSED,rug-liquidity-collapse,0.05,0.04096,0.819
6JkqJScRDCvK7UNxtWnjYrDEQGXjpSeSRWYQzHdypump,Shortbread,RUGGED,2.9031e-08,3.0168e-08,29.03,3524,28.11,3411,27.96,3393,0.079,9.62,2026-10-04 19:10:30,2026-10-04 19:10:33,0.1,2.7959e-08,0.0,0,0,CLOSED,rug-liquidity-collapse,0.05,0.0458,0.916
8MUgLqh2fbcBjcRBzWkCyZKxXNVg67QchrV9ZBGsQvXT,PB,RUGGED,2.8146e-08,3.1007e-08,28.15,3416,28.89,3506,28.18,3420,0.495,60.09,2026-10-04 18:48:57,2026-10-04 18:49:00,21.7,2.8179e-08,0.118,0.92,0.94,CLOSED,rug-liquidity-collapse,0.05,0.04491,0.898
HWrbEXvVFGnmkBUUJx9RNU8TExfZWMG1thA8g93Jpump,MZK,RUGGED,2.8068e-08,2.7488e-08,28.07,3407,25.61,3108,4.07,494,0.054,6.5,2026-10-04 19:09:40,2026-10-04 19:09:42,1.1,4.0666e-09,0.008,0.46,1.51,CLOSED,rug-liquidity-collapse,0.05,0.00731,0.146
DNa5GuNWYhkTpaVTJDQMJC3edneKLNn67FYMSRdypump,KCB,RUGGED,3.0794e-08,3.3056e-08,30.79,3738,30.8,3738,27.96,3393,1.487,180.53,2026-10-04 19:04:51,2026-10-04 19:04:53,5.9,2.7959e-08,0.0,0.92,0.92,CLOSED,rug-liquidity-collapse,0.05,0.0418,0.836
3JUeytDKNabG8z5rVZGZbhTVqk6hRgMVPYeq2UjWpump,HENCE,RUGGED,2.8887e-08,3.2194e-08,28.89,3506,30.0,3641,27.98,3395,1.074,130.32,2026-10-04 19:10:41,2026-10-04 19:10:44,0.1,2.7976e-08,0.009,0,0,CLOSED,rug-liquidity-collapse,0.05,0.04295,0.859
7wGN7sA4S2nWaXqANFfoL12RVoJzxxtBFtqwAsL8pump,cap'n,RUGGED,2.8514e-08,3.1407e-08,28.51,3461,29.26,3552,27.96,3393,0.691,83.91,2026-10-04 19:10:04,2026-10-04 19:10:07,0.8,2.7959e-08,0.0,0.9,0.92,CLOSED,rug-liquidity-collapse,0.05,0.044,0.88
7gJWqPZ78DwqpDokDtZMAYjGQwuzJVUCdpURgTNdpump,$3AM,RUGGED,2.8143e-08,3.0997e-08,28.14,3416,28.88,3505,27.96,3393,0.49,59.51,2026-10-04 18:49:05,2026-10-04 18:49:07,21.8,2.7959e-08,0.0,0.91,0.92,CLOSED,rug-liquidity-collapse,0.05,0.04458,0.891
HDxtzGAQsYBGspoEoTsdaTkmzPai7eqCViSQGJNupump,Leo,RUGGED,2.8143e-08,2.8370e-08,28.14,3416,26.43,3208,1.3,157,0.093,11.26,2026-10-04 19:09:01,2026-10-04 19:09:04,1.9,1.2954e-09,0.0,0.05,0.88,CLOSED,rug-liquidity-collapse,0.05,0.00225,0.045
6bqvbqnyJH1j9mjmYmJ4KtjR3cumEdxD5AqA63hGpump,wind,RUGGED,2.8068e-08,1.7173e-08,28.07,3407,15.98,1940,13.89,1686,0.033,4.05,2026-10-04 19:10:42,2026-10-04 19:10:44,0.2,1.3890e-08,0.0,0.9,0.9,CLOSED,rug-liquidity-collapse,0.05,0.03993,0.798
3JU6djCAJN8V3BgddrznwhPxR3NiStuQ3RsCSojipump,SLOPLOT,RUGGED,2.8924e-08,3.1045e-08,28.92,3511,28.92,3511,28.05,3404,0.514,62.33,2026-10-04 19:09:35,2026-10-04 19:09:37,1.4,2.8048e-08,0.048,0.95,0.95,CLOSED,rug-liquidity-collapse,0.05,0.04465,0.893
QvPv9gZHMkgPadcDA1DskYuyVGsCPsTmJ2WACpkpump,PLSM,RUGGED,3.0597e-08,3.0622e-08,30.6,3714,28.53,3463,27.96,3393,0.305,37.04,2026-10-04 19:03:15,2026-10-04 19:03:17,7.7,2.7959e-08,0.0,0.92,0.94,CLOSED,rug-liquidity-collapse,0.05,0.04512,0.902
Fn6E1VH1uccM38vzPk2douWAczMzddMbnfkBcBRffRek,QUOTA,RUGGED,3.1415e-08,8.1508e-08,31.41,3813,75.99,9223,27.96,3394,19.457,2361.53,2026-10-04 19:09:53,2026-10-04 19:09:56,1.1,2.7962e-08,0.001,0.49,0.86,CLOSED,rug-liquidity-collapse,0.05,0.01697,0.339
BPWHi2ZGNC9QNVUiQ6DcFNKiKW9pKCE7SfqbWYrGpump,BOX,RUGGED,2.7977e-08,3.1687e-08,27.98,3396,29.52,3583,28.06,3406,0.828,100.5,2026-10-04 19:10:43,2026-10-04 19:10:46,0.3,2.8062e-08,0.055,0.93,0.93,CLOSED,rug-liquidity-collapse,0.05,0.04377,0.875
9KQKbYFzWAUDhkS1iWnsRcFJBzKEivotEUCQSkZJpump,TRX,RUGGED,5.0910e-08,5.5244e-08,50.91,6179,51.49,6249,28.93,3511,10.712,1300.17,2026-10-04 19:10:01,2026-10-04 19:10:03,1.0,2.8931e-08,0.517,2.7,2.99,CLOSED,rug-liquidity-collapse,0.05,0.07535,1.507
93Vzyb5ZcRKav4RFNdN75RpPUzhS4bhStBwQmcmEpump,VETO,RUGGED,3.1762e-08,3.4088e-08,31.76,3855,31.76,3855,27.96,3393,1.975,239.74,2026-10-04 19:10:30,2026-10-04 19:10:33,0.6,2.7959e-08,0.0,0.92,0.92,CLOSED,rug-liquidity-collapse,0.05,0.04054,0.811
B9Kg6x2weVWvEKbdHFGoya1439CrxhnRy8sZWkjGpump,SI,RUGGED,2.7964e-08,3.1818e-08,27.96,3394,29.65,3598,27.96,3393,0.892,108.23,2026-10-04 19:10:08,2026-10-04 19:10:11,1.1,2.7959e-08,0.0,0.92,0.92,CLOSED,rug-liquidity-collapse,0.05,0.04343,0.868
B2VvL7KMzeKJq3zMFj8BfQKa6JqN4okwUkyyRVMNpump,DOGE PAID,RUGGED,2.8068e-08,3.0127e-08,28.07,3407,28.07,3407,61.55,7470,0.059,7.12,2026-10-04 19:09:58,2026-10-04 19:10:01,1.4,6.1551e-08,0.023,2.02,2.83,CLOSED,rug-liquidity-collapse,0.05,0.1071,2.142
FF3b4Qht7UNZWcVDvVmbcQzHeEyEynniRKBXWhv6pump,FOMOPAD,RUGGED,3.1176e-08,3.3983e-08,31.18,3784,31.66,3843,27.96,3393,1.926,233.75,2026-10-04 19:10:33,2026-10-04 19:10:35,0.9,2.7959e-08,0.0,0.91,0.91,CLOSED,rug-liquidity-collapse,0.05,0.04066,0.813
CVmAu6uRi75CFpfcc2fTqwjYeY5eea2sN1ThHKGYpump,DEV,RUGGED,3.1762e-08,6.7396e-08,31.76,3855,62.83,7625,39.91,4844,14.97,1816.96,2026-10-04 19:11:16,2026-10-04 19:11:19,0.1,3.9914e-08,5.844,0,0,CLOSED,rug-liquidity-collapse,0.05,0.02929,0.586
4jxLwmirGPSKZvwxtvN3o8Dxj9TCd6RShnnuaEQYpump,BRAINROT,RUGGED,2.8068e-08,2.1627e-08,28.07,3407,20.14,2444,38.78,4707,0.042,5.11,2026-10-04 19:11:21,2026-10-04 19:11:23,0.1,3.8783e-08,0.0,0,0,CLOSED,rug-liquidity-collapse,0.05,0.08857,1.771
D9iUk5vhZCRA4qHPgD9YuV6R9niXgCTypgs5Vth4pump,ANTE,RUGGED,3.0759e-08,3.3845e-08,30.76,3733,31.54,3828,28.77,3491,1.861,225.91,2026-10-04 19:10:33,2026-10-04 19:10:36,1.0,2.8765e-08,0.429,1.94,1.94,CLOSED,rug-liquidity-collapse,0.05,0.04201,0.84
AspAYVvSgm2KKYz2w2tVHv8K2n77TfPy2wme8gFKpump,EGO,RUGGED,2.8070e-08,2.4497e-08,28.07,3407,22.82,2769,4.53,549,0.048,5.85,2026-10-04 19:11:07,2026-10-04 19:11:09,0.4,4.5255e-09,0.01,0.22,0.42,CLOSED,rug-liquidity-collapse,0.05,0.00912,0.182
4zzcU1aS7mC5d96jKirHHFw32fnbeGeZeXmSBJEsiHJ7,BUNDLE,RUGGED,2.7959e-08,3.4637e-08,27.96,3393,32.27,3917,27.96,3393,2.232,270.91,2026-10-04 19:10:37,2026-10-04 19:10:40,1.0,2.7959e-08,0.0,0.84,0.87,CLOSED,rug-liquidity-collapse,0.05,0.0399,0.798
A3GnUgj9xUdiKNqaCjvZsihwN6nQoYftkkXdDDu3MPsj,MOO,RUGGED,2.9841e-08,3.3889e-08,29.84,3622,31.58,3832,27.96,3393,1.882,228.41,2026-10-04 19:11:28,2026-10-04 19:11:31,0.1,2.7959e-08,0.0,0,0,CLOSED,rug-liquidity-collapse,0.05,0.04078,0.815
24VvQL2DtRnGyHLzkhuqJQLM6Nj1fNAunywgjG9suXFi,BAG,RUGGED,2.9830e-08,3.2016e-08,29.83,3620,29.83,3620,27.96,3393,0.988,119.87,2026-10-04 19:11:30,2026-10-04 19:11:33,0.1,2.7959e-08,0.0,0,0,CLOSED,rug-liquidity-collapse,0.05,0.04316,0.863
EiJyNvzRg8zxuQfxTkViCS8ee8CJxpD8oLGEm9BKpump,INU,RUGGED,3.2759e-08,3.5157e-08,32.76,3976,32.76,3976,27.96,3393,2.473,300.19,2026-10-04 19:10:26,2026-10-04 19:10:29,1.3,2.7959e-08,0.0,0.92,0.92,CLOSED,rug-liquidity-collapse,0.05,0.03931,0.786
g5FFLiHnEUCUBPfBN36Qm8Mpuv7MGkxSYtVFuKeH4iJ,HiggsPad,RUGGED,3.2210e-08,4.7795e-08,32.21,3909,44.54,5406,30.84,3743,7.867,954.8,2026-10-04 19:11:05,2026-10-04 19:11:08,0.6,3.0838e-08,1.507,0.76,0.91,CLOSED,rug-liquidity-collapse,0.05,0.0319,0.638
5wtmvrXwYvVbaTNaRoMt2cU8aaNFqkdLXKedEdw3pump,$SLJK,RUGGED,2.9811e-08,2.1924e-08,29.81,3618,20.41,2478,7.45,904,0.687,83.4,2026-10-04 19:10:39,2026-10-04 19:10:42,1.1,7.4499e-09,0.322,0.33,0.67,CLOSED,rug-liquidity-collapse,0.05,0.01677,0.335
8T9yipsRiFfujTSS7XZA9kEAUQ1o1XuGMA95LPxtpump,JSC,RUGGED,2.8236e-08,3.0306e-08,28.24,3427,28.24,3427,38.23,4640,0.148,17.98,2026-10-04 19:10:31,2026-10-04 19:10:33,1.3,3.8234e-08,0.0,1.26,1.26,CLOSED,rug-liquidity-collapse,0.05,0.06235,1.247
3JVtcZzxnsSijK8MC6Zk6z9HPAsw9vLxEjUeRpqQpump,ANTCOLONY,RUGGED,2.9830e-08,3.2016e-08,29.83,3620,29.83,3620,27.96,3393,0.988,119.87,2026-10-04 19:11:28,2026-10-04 19:11:31,0.3,2.7959e-08,0.0,0.92,0.92,CLOSED,rug-liquidity-collapse,0.05,0.04316,0.863
2Tg4gVtqMKEYLgqq1jeL4ix81rCFXRqSiDHUziw2AbvT,PTC,RUGGED,2.9854e-08,3.2042e-08,29.85,3623,29.85,3623,27.96,3393,1.0,121.37,2026-10-04 19:11:41,2026-10-04 19:11:44,0.2,2.7959e-08,0.0,0.92,0.92,CLOSED,rug-liquidity-collapse,0.05,0.04313,0.862
EUYVsGJzELa1br3dWCN5TB4wFw4ZFwxShgfWjgrkhn6M,Agento,RUGGED,3.0212e-08,4.2307e-08,30.21,3667,39.43,4785,29.0,3520,5.625,682.7,2026-10-04 19:09:45,2026-10-04 19:09:48,2.2,2.9004e-08,0.555,0.77,1.6,CLOSED,rug-liquidity-collapse,0.05,0.03389,0.678
HcaFJKhJDoHKDd8LzDvwxMTtJ6jkxHWLSr76hAF5pump,RICK,RUGGED,2.8118e-08,3.0180e-08,28.12,3413,28.12,3413,27.96,3393,0.085,10.34,2026-10-04 19:10:48,2026-10-04 19:10:51,1.2,2.7959e-08,0.0,0.92,0.92,CLOSED,rug-liquidity-collapse,0.05,0.04578,0.916
F6ns7eLdJwzLFYvMdgKfshUD9qfc1y86eogXFKMmpbWH,$TEST,RUGGED,2.7959e-08,3.0083e-08,27.96,3393,28.03,3402,27.98,3396,0.037,4.46,2026-10-04 19:10:56,2026-10-04 19:10:59,1.1,2.7977e-08,0.01,0.92,0.92,CLOSED,rug-liquidity-collapse,0.05,0.04596,0.919
zNsgdq7igKxqJBD3P5cmYC8fpnEXd9GrFPttS4zpump,BTCCC,RUGGED,2.8070e-08,2.7601e-08,28.07,3407,25.71,3121,6.94,842,0.054,6.59,2026-10-04 19:09:00,2026-10-04 19:09:03,3.1,6.9402e-09,0.0,0.29,2.44,CLOSED,rug-liquidity-collapse,0.05,0.07832,1.566
EBzT8pLUjCsvV5LghaVvNBn7rT1MyvsN5TDoYeTb4rho,NYANCAT,RUGGED,3.3830e-08,4.6875e-08,33.83,4106,43.69,5302,27.96,3393,7.5,910.28,2026-10-04 19:11:55,2026-10-04 19:11:58,0.2,2.7959e-08,0.0,0.92,0.92,CLOSED,rug-liquidity-collapse,0.05,0.02949,0.59
2D78y5MSqrLJdf4ZcAKvMQFJ53o9Z4Lo7Cym5EFRpump,PERFIL,RUGGED,2.9830e-08,3.0596e-08,29.83,3620,28.51,3460,28.02,3400,0.292,35.45,2026-10-04 19:12:01,2026-10-04 19:12:03,0.1,2.8016e-08,0.03,0,0,CLOSED,rug-liquidity-collapse,0.05,0.04525,0.905
DqaALpN9bqHBZ1pFWjJQxY9KpeWmP2pXxJYG2UVDBu5x,SPACEXAI,RUGGED,4.4626e-08,4.7882e-08,44.63,5416,44.63,5416,32.55,3951,7.901,958.97,2026-10-04 19:12:02,2026-10-04 19:12:05,0.1,3.2551e-08,2.37,0,0,CLOSED,rug-liquidity-collapse,0.05,0.03361,0.672
38FnAUrWE5UvyGk1L7uL3e2s4emPWXFJa4xmz18Spump,Insider ,RUGGED,2.9830e-08,3.2016e-08,29.83,3620,29.83,3620,28.73,3487,0.988,119.87,2026-10-04 19:08:52,2026-10-04 19:08:54,3.5,2.8728e-08,0.41,0.95,0.99,CLOSED,rug-liquidity-collapse,0.05,0.04435,0.887
3ZH17gfzBDjG8ji3NMbdqVRNjgAojtjXMnAf31M3ejka,Spae,RUGGED,2.8514e-08,3.0802e-08,28.51,3461,28.7,3483,27.96,3393,0.394,47.83,2026-10-04 19:12:09,2026-10-04 19:12:11,0.2,2.7959e-08,0.0,0.92,0.92,CLOSED,rug-liquidity-collapse,0.05,0.04486,0.897
6nf72v5sGJc3X5FuA7d7JjVvdz3LwuQTHsvdRgBkpump,TGE,RUGGED,3.1176e-08,3.5549e-08,31.18,3784,33.12,4020,27.97,3395,2.654,322.11,2026-10-04 19:12:18,2026-10-04 19:12:21,0.1,2.7975e-08,0.008,0,0,CLOSED,rug-liquidity-collapse,0.05,0.0389,0.778
WpwroJ5UuBoRsuQbYCNw73nEmiDju17Rp9q8wdJNL71,SPAY-SEXY,RUGGED,4.0095e-08,4.3024e-08,40.1,4866,40.1,4866,27.96,3393,5.926,719.23,2026-10-04 19:12:18,2026-10-04 19:12:21,0.1,2.7959e-08,0.0,0,0,CLOSED,rug-liquidity-collapse,0.05,0.03213,0.642
7H3nvfPnCHrNTGitxeKbeNCaaUjwRqtWPU7GmNMMpump,QUOTA,RUGGED,3.3754e-08,4.9782e-08,33.75,4097,46.4,5631,28.47,3455,8.646,1049.4,2026-10-04 19:09:25,2026-10-04 19:09:28,3.1,2.8470e-08,0.273,0.58,1.01,CLOSED,rug-liquidity-collapse,0.05,0.02828,0.565
reSATdthGAi3PtqkXpcudZPCvvVJXKAyTH9CexQxCf4,Spaysexy,RUGGED,2.8514e-08,3.0605e-08,28.51,3461,28.51,3461,27.96,3393,0.296,35.96,2026-10-04 19:12:22,2026-10-04 19:12:25,0.1,2.7959e-08,0.0,0,0,CLOSED,rug-liquidity-collapse,0.05,0.04515,0.903
4U4xwxfpjPTwcKQ3E2ZCky45mkbWtsKG8YEeW1pwpump,MRDA,RUGGED,2.9830e-08,3.2016e-08,29.83,3620,29.83,3620,29.18,3541,0.988,119.87,2026-10-04 19:12:24,2026-10-04 19:12:26,0.2,2.9179e-08,0.648,0.96,0.96,CLOSED,rug-liquidity-collapse,0.05,0.04504,0.901
6GyHTRNVoG2u1s3QsYQnZM2jJ7nc7Awqim3jeRUYpump,SOOTS,RUGGED,2.8093e-08,3.4755e-08,28.09,3410,32.39,3931,19.93,2419,0.083,10.07,2026-10-04 19:12:16,2026-10-04 19:12:18,0.4,1.9935e-08,0.078,2.46,2.46,CLOSED,rug-liquidity-collapse,0.05,0.08526,1.705
TTKRSLXVaaU8ZHZdvRjyGVhEuBX3FkXgj7eHqUppump,SUPER IDOL,ACTIVE,0.0000e+00,0.0000e+00,28.05,3405,0,0,28.05,3405,0,0.0,2026-10-04 09:52:20,2026-10-04 09:52:22,560.5,2.8052e-08,0.05,0.92,0.92,OPEN,,0.05,0.0,
8SmhJurXS5sBVVdxYUNkgXEA656kX6uTmdf4DSyYpump,VRDT,MOONING,0.0000e+00,0.0000e+00,29.83,3620,0,0,28.74,3488,0,0.0,2026-10-04 09:54:04,2026-10-04 09:54:08,558.8,2.8740e-08,0.416,0.88,3.9,TIER_1_HIT,,0.05,0.066,
6W1QFdAeF343gzQK5rANuyb72VioSXq8zhLBgnGXS6Gg,SLOP,MOONING,0.0000e+00,0.0000e+00,40.1,4866,0,0,0.0,0,0,0.0,2026-10-04 09:58:23,2026-10-04 09:58:25,554.5,0.0000e+00,79.629,6.31,6.43,SHAVING,,0.05,0.13667,
txAD7ZYB2bCCEn9eBC85yAxPV292WfsKfFa2nW5pump,GME,ACTIVE,0.0000e+00,0.0000e+00,29.76,3612,0,0,29.77,3614,0,0.0,2026-10-04 09:58:41,2026-10-04 09:58:44,554.1,2.9774e-08,0.958,0.92,0.92,OPEN,,0.05,0.0,
Fp5SE1k7pKGboEkzcLaFbpeKp6uiw5WjBnHEMaSG3m1u,SLOPCORE,DEAD,0.0000e+00,0.0000e+00,29.36,3563,0,0,36.24,4399,0,0.0,2026-10-04 10:01:32,2026-10-04 10:01:34,551.3,3.6244e-08,4.157,0.79,0.96,OPEN,,0.05,0.0,
36mewNdQikpBxuNwRtJ82uy3aeuMtyXJBUGtVE2ypump,Edgar ,MOONING,0.0000e+00,0.0000e+00,30.17,3661,0,0,0.0,0,0,0.0,2026-10-04 10:03:40,2026-10-04 10:03:43,549.2,0.0000e+00,80.441,5.37,5.37,TIER_2_HIT,,0.05,0.14254,
24wutSFQ5crSgPEjYGzLfG8ScuBo4qBwD8zMx5Pt3pN2,JO3,ACTIVE,0.0000e+00,0.0000e+00,27.96,3393,0,0,29.34,3561,0,0.0,2026-10-04 10:07:23,2026-10-04 10:07:26,545.5,2.9339e-08,0.731,0.87,0.94,OPEN,,0.05,0.0,
mWLbZNZPmpcWUZmfuD3rZTbBAeQZCVbRJKNNSt4pump,XDC NET,RUGGED,0.0000e+00,0.0000e+00,27.96,3393,0,0,2.45,298,0,0.0,2026-10-04 10:08:20,2026-10-04 10:08:22,544.5,2.4537e-09,0.005,0.08,0.93,OPEN,,0.05,0.0,
Ep5ZbYvgzwHAGnZ6YEM6KvdbFTj8VaES6CshzAXtpump,Nvidia,RUGGED,0.0000e+00,0.0000e+00,28.32,3438,0,0,1.69,205,0,0.0,2026-10-04 10:11:00,2026-10-04 10:11:03,541.8,1.6886e-09,0.01,0.05,1.76,OPEN,,0.05,0.0,
GsFiezG93vbGsdudq3pSih23hHFBuMMWhyFGzaiApump,DaddyTJR,ACTIVE,0.0000e+00,0.0000e+00,28.07,3407,0,0,28.66,3479,0,0.0,2026-10-04 10:12:34,2026-10-04 10:12:36,540.3,2.8663e-08,0.375,0.92,0.94,OPEN,,0.05,0.0,
8W5L563Po3imZkZ6WcngnM9H64pHDUC7LZaDAFSEpump,SLOP,MOONING,0.0000e+00,0.0000e+00,27.96,3393,0,0,0.0,0,0,0.0,2026-10-04 10:15:26,2026-10-04 10:15:28,537.4,0.0000e+00,80.063,2.12,2.12,TIER_1_HIT,,0.05,0.0637,
HtLhyfojo8BPKCLmKvncNEnHDnKphzYJKPEgWW3wpump,BNV,ACTIVE,0.0000e+00,0.0000e+00,28.14,3416,0,0,30.2,3666,0,0.0,2026-10-04 10:18:32,2026-10-04 10:18:34,534.3,3.0203e-08,1.18,0.99,0.99,OPEN,,0.05,0.0,
34PFh5FfVn6YwzCJxExLiHv8HKSiyYaYukRTTDz6pump,AUTH,DEAD,0.0000e+00,0.0000e+00,30.09,3652,0,0,28.74,3488,0,0.0,2026-10-04 10:20:20,2026-10-04 10:20:22,532.5,2.8739e-08,0.416,0.62,1.68,OPEN,,0.05,0.0,
9cUv4tZC9yhN83RjmrGkxzHCJLB1h6up4sEvzFtJpump,Runnerbot,ACTIVE,0.0000e+00,0.0000e+00,28.12,3414,0,0,28.12,3414,0,0.0,2026-10-04 10:22:50,2026-10-04 10:22:53,530.0,2.8125e-08,0.089,0.92,0.92,OPEN,,0.05,0.0,
9LngYArZsGpQY36aAy4fYsy28vjpqBmvj5CsU3zcXN4F,INU,MOONING,0.0000e+00,0.0000e+00,38.06,4619,0,0,0.0,0,0,0.0,2026-10-04 10:24:34,2026-10-04 10:24:36,528.3,0.0000e+00,84.526,7.54,7.54,SHAVING,,0.05,0.14197,
G96rxj3WSfEpNWZazTn2MPTJYuC5u5ycBZVSRweopump,TAKE,MOONING,0.0000e+00,0.0000e+00,29.83,3620,0,0,0.0,0,0,0.0,2026-10-04 10:29:56,2026-10-04 10:29:59,522.9,0.0000e+00,82.902,8.25,8.25,SHAVING,,0.05,0.14258,
A6DTwdPU2r61ZHNt62pCaV13rVaYP62fAGnEUHhupump,Dog Think,RUGGED,0.0000e+00,0.0000e+00,28.14,3416,0,0,5.47,663,0,0.0,2026-10-04 10:34:01,2026-10-04 10:34:03,518.8,5.4660e-09,0.019,0.18,0.98,OPEN,,0.05,0.0,
2N1s1spekicUzwxuDpcoGnoNoTJisXRSKG7U6Hespump,Boro,ACTIVE,0.0000e+00,0.0000e+00,49.38,5993,0,0,49.38,5993,0,0.0,2026-10-04 10:34:34,2026-10-04 10:34:36,518.3,4.9379e-08,9.869,0.92,0.92,OPEN,,0.05,0.0,
4iSjtJhbZx7CFV8Qngb1zvebsy25SzYxnoQAvc6jpump,DEPLOYR,MOONING,0.0000e+00,0.0000e+00,29.03,3524,0,0,0.0,0,0,0.0,2026-10-04 10:37:24,2026-10-04 10:37:26,515.4,0.0000e+00,83.273,3.83,3.85,TIER_1_HIT,,0.05,0.06836,
L5MYm8tkXA3MyQ5i8qUyADPPA5nKyf81hQXsJRepump,dot,ACTIVE,0.0000e+00,0.0000e+00,28.26,3429,0,0,28.15,3417,0,0.0,2026-10-04 10:40:49,2026-10-04 10:40:52,512.0,2.8151e-08,0.103,0.92,0.93,OPEN,,0.05,0.0,
LSJ5R7iLJN8C3ttB4SqThUNCajP87N5zyZsE1fsv15E,Scronkfinkle,DEAD,0.0000e+00,0.0000e+00,33.83,4106,0,0,36.72,4456,0,0.0,2026-10-04 10:43:53,2026-10-04 10:43:56,509.0,3.6718e-08,4.38,0.39,1.55,OPEN,,0.05,0.0,
Endvih4gTcANYvvdEPjNhxeVy1rmq3innAu4rMqupump,space ,ACTIVE,0.0000e+00,0.0000e+00,28.01,3400,0,0,28.26,3430,0,0.0,2026-10-04 10:45:34,2026-10-04 10:45:36,507.3,2.8264e-08,0.163,0.93,0.93,OPEN,,0.05,0.0,
Az6xJKEVpSeu7fLrMvgdqRM576eXDekYcx4ks3o11Rvd,OWL,ACTIVE,0.0000e+00,0.0000e+00,35.91,4359,0,0,0.0,0,0,0.0,2026-10-04 10:46:55,2026-10-04 10:46:58,505.9,0.0000e+00,15.749,0.87,0.87,OPEN,,0.05,0.0,
6MCgfL8xSJKinCYY9MHHcpNnVmQ57gzULF64mH34pump,SLASHER,DEAD,0.0000e+00,0.0000e+00,28.79,3495,0,0,51.94,6304,0,0.0,2026-10-04 11:43:45,2026-10-04 11:43:48,449.1,5.1942e-08,10.89,1.57,1.82,OPEN,,0.05,0.0,
27S2ZByWrDHFvVUYKoz5U5pCz9ybNfpmw9wEWSKLpump,TOBUFF,ACTIVE,0.0000e+00,0.0000e+00,28.39,3445,0,0,28.24,3427,0,0.0,2026-10-04 11:45:09,2026-10-04 11:45:12,447.7,2.8239e-08,0.15,0.92,0.92,OPEN,,0.05,0.0,
AN1yv3uiDWzKB4raZgyPY6wo3rvD2B4ZGGH8QYM2PUMP,VINTAGE,MOONING,0.0000e+00,0.0000e+00,27.98,3396,0,0,28.92,3509,0,0.0,2026-10-04 11:47:33,2026-10-04 11:47:35,445.3,2.8915e-08,0.509,0.91,3.51,TIER_1_HIT,,0.05,0.06092,
49XwhFwKvKvrFJjb6ojfoHd8AMfp26yFFfV9gH8qpump,Xtubers,MOONING,0.0000e+00,0.0000e+00,29.45,3574,0,0,143.61,17430,0,0.0,2026-10-04 11:50:26,2026-10-04 11:50:29,442.4,1.4361e-07,37.991,1.62,3.08,TIER_1_HIT,,0.05,0.06842,
EJ8nJyhbrVVTGm6BnogbVaL8V5K1yZw1o86Do3Bapump,FRM ,DEAD,0.0000e+00,0.0000e+00,29.76,3612,0,0,29.37,3564,0,0.0,2026-10-04 11:51:54,2026-10-04 11:51:57,440.9,2.9367e-08,0.746,0.91,0.92,OPEN,,0.05,0.0,
7Gk8JYXC3sKw6frH37sVeXhwYZZ3246zXr7UXGCpump,cap,MOONING,0.0000e+00,0.0000e+00,40.1,4866,0,0,0.0,0,0,0.0,2026-10-04 11:54:19,2026-10-04 11:54:22,438.5,0.0000e+00,82.433,6.15,6.15,SHAVING,,0.05,0.14205,
D9f3LLQLNJVjNjkGnWiiWAnhP2ajgJrEWaDPZefXpump,CAWW,ACTIVE,0.0000e+00,0.0000e+00,28.01,3400,0,0,28.01,3400,0,0.0,2026-10-04 11:55:39,2026-10-04 11:55:42,437.2,2.8014e-08,0.03,0.92,0.92,OPEN,,0.05,0.0,
9tVxVhKDmWLsG29CcfsAhLfgcZEkvemjB8TUDb4Wpump,486,MOONING,0.0000e+00,0.0000e+00,28.22,3425,0,0,362.31,43973,0,0.0,2026-10-04 11:56:02,2026-10-04 11:56:05,436.8,3.6231e-07,77.994,7.89,7.89,SHAVING,,0.05,0.1529,
5tju1785DT92d3Scfngs8dt6spB9QrDmLZZwWTWvJbuD,Spot,ACTIVE,0.0000e+00,0.0000e+00,49.7,6033,0,0,0.0,0,0,0.0,2026-10-04 11:56:30,2026-10-04 11:56:33,436.3,0.0000e+00,73.642,1.67,1.87,OPEN,,0.05,0.0,
7eJGXxxvKVHnP5Bo4nMHddjD3KMPiG5YhTtvMuJnpump,GFY,DEAD,0.0000e+00,0.0000e+00,28.42,3450,0,0,28.63,3475,0,0.0,2026-10-04 12:00:58,2026-10-04 12:01:01,431.9,2.8633e-08,0.36,0.93,0.93,OPEN,,0.05,0.0,
4m5VmJ7TNRDLsEDPHhqJznmMCE98NmnXRZR3k4ECpump,$CATCHD,ACTIVE,0.0000e+00,0.0000e+00,29.03,3524,0,0,29.03,3524,0,0.0,2026-10-04 12:01:14,2026-10-04 12:01:16,431.6,2.9031e-08,0.57,0.92,0.92,OPEN,,0.05,0.0,
HrxiirUMd1qY3Nhmu8Sge9PSj2a3oma48kZSDbFnpump,Superuser,DEAD,0.0000e+00,0.0000e+00,49.4,5995,0,0,29.98,3639,0,0.0,2026-10-04 12:01:46,2026-10-04 12:01:48,431.1,2.9981e-08,1.066,0.54,1.44,OPEN,,0.05,0.0,
EF6qAYEnH3HDda2at86BeZfTsfjQJRnTeRQExVAbpump,SIF,ACTIVE,0.0000e+00,0.0000e+00,28.48,3456,0,0,28.48,3456,0,0.0,2026-10-04 12:06:36,2026-10-04 12:06:39,426.2,2.8478e-08,0.277,0.92,0.92,OPEN,,0.05,0.0,
6GW4oUW36GA7EnNmUCcovx1J33Vv7HrFkwJCKHsmSceQ,Route,MOONING,0.0000e+00,0.0000e+00,27.96,3393,0,0,28.36,3442,0,0.0,2026-10-04 12:08:02,2026-10-04 12:08:05,424.8,2.8358e-08,0.213,0.35,2.8,TIER_1_HIT,,0.05,0.0842,
24nYbuTxUwdppdcMDrVBNhGEM8Fgj5MprXJ1DLjhpump,CCA,ACTIVE,0.0000e+00,0.0000e+00,28.02,3401,0,0,28.03,3402,0,0.0,2026-10-04 12:09:47,2026-10-04 12:09:50,423.0,2.8028e-08,0.037,0.92,0.92,OPEN,,0.05,0.0,
EM7VQ7Uk9GP4R6egjBMihrgqX1Yo4xKv8wd943Wvpump,fg,RUGGED,0.0000e+00,0.0000e+00,28.07,3407,0,0,2.83,344,0,0.0,2026-10-04 12:11:23,2026-10-04 12:11:26,421.4,2.8347e-09,0.004,0.09,0.86,OPEN,,0.05,0.0,
FF1jXbM4sCywDUSGjW6jm4wrMGBA6EsTvkVJvvwzpump,$sgi,DEAD,0.0000e+00,0.0000e+00,29.27,3552,0,0,32.64,3962,0,0.0,2026-10-04 12:13:50,2026-10-04 12:13:53,419.0,3.2645e-08,2.417,1.03,1.03,OPEN,,0.05,0.0,
CGX25eewSHekWC4QA4RPaBtVQARogRHYKDxLAzQapump,rosecat,ACTIVE,0.0000e+00,0.0000e+00,29.62,3595,0,0,29.62,3595,0,0.0,2026-10-04 12:15:54,2026-10-04 12:15:56,416.9,2.9623e-08,0.88,0.92,0.92,OPEN,,0.05,0.0,
FvEtxYTGk6UxgKvcHETh3oCVDQbQFgLdupf8rzcNpump,VIRTUALZ,MOONING,0.0000e+00,0.0000e+00,29.59,3591,0,0,336.01,40781,0,0.0,2026-10-04 12:16:37,2026-10-04 12:16:40,416.2,3.3601e-07,74.0,4.99,5.62,TIER_2_HIT,,0.05,0.13383,
Gcq65r3gmm8G8Z6bAJ843JdQE7wZbCdH3DM8rjowpump,USDC,ACTIVE,0.0000e+00,0.0000e+00,28.1,3411,0,0,28.16,3418,0,0.0,2026-10-04 12:16:43,2026-10-04 12:16:45,416.1,2.8158e-08,0.107,0.92,0.92,OPEN,,0.05,0.0,
AuuoD4m9WmNBwpNtV97CqdVSMzNn5qvrRDkaWRu2pump,SIF.GOV,ACTIVE,0.0000e+00,0.0000e+00,29.83,3620,0,0,46.7,5668,0,0.0,2026-10-04 12:17:28,2026-10-04 12:17:31,415.4,4.6703e-08,8.773,1.4,1.41,OPEN,,0.05,0.0,
8ee3QD13UG26Qb11DJCdvLLmtvi5tM2amjLa84qFpump,MMG,ACTIVE,0.0000e+00,0.0000e+00,28.14,3416,0,0,28.18,3420,0,0.0,2026-10-04 12:18:00,2026-10-04 12:18:03,414.8,2.8180e-08,0.119,0.92,0.92,OPEN,,0.05,0.0,
9AvP6HQSYoidnrK5rAyR6Q2ob9fHNQRYXFbXYyRWpump,PEACE,ACTIVE,0.0000e+00,0.0000e+00,28.01,3400,0,0,28.01,3400,0,0.0,2026-10-04 12:18:30,2026-10-04 12:18:32,414.3,2.8014e-08,0.029,0.92,0.92,OPEN,,0.05,0.0,
8vR12aAjTTJni4m3uo3vrDbap6fBVU2ocYxaQMaqpump,tesla,DEAD,0.0000e+00,0.0000e+00,28.03,3402,0,0,28.99,3518,0,0.0,2026-10-04 12:19:10,2026-10-04 12:19:13,413.7,2.8987e-08,0.547,0.95,0.95,OPEN,,0.05,0.0,
CmC8b4GyoE2wkD8etDH9THninCKykP1dDdyCZzJqpump,SAMDARIO,ACTIVE,0.0000e+00,0.0000e+00,28.05,3405,0,0,28.05,3405,0,0.0,2026-10-04 12:19:58,2026-10-04 12:20:01,412.9,2.8052e-08,0.05,0.92,0.92,OPEN,,0.05,0.0,
5DKe33RQs4MAHqj3ZqorGaJLSrQZjBLVxDgFQzy5S95k,fszxd,ACTIVE,0.0000e+00,0.0000e+00,28.09,3409,0,0,28.09,3409,0,0.0,2026-10-04 12:23:53,2026-10-04 12:23:55,409.0,2.8087e-08,0.068,0.92,0.92,OPEN,,0.05,0.0,
EBHNazAqET7CbfHVWiMnnRWMppBPusRhuEga9FWCbLWy,GLDSDF,DEAD,0.0000e+00,0.0000e+00,28.24,3427,0,0,30.37,3686,0,0.0,2026-10-04 12:25:06,2026-10-04 12:25:09,407.7,3.0366e-08,1.265,0.99,1.38,OPEN,,0.05,0.0,
3LkaDDxvtosaZGZWio587MBR36W84ah5wWkrN1RvC79F,SGI,MOONING,0.0000e+00,0.0000e+00,29.85,3623,0,0,64.25,7798,0,0.0,2026-10-04 12:31:12,2026-10-04 12:31:14,401.6,6.4248e-08,15.477,1.95,2.56,TIER_1_HIT,,0.05,0.07276,
C2FSFMFRE3E68AQ1yHTNAb2NRMfeFSXkpTKmx4Ehpump,MEOWFIA,MOONING,0.0000e+00,0.0000e+00,29.83,3620,0,0,0.0,0,0,0.0,2026-10-04 12:31:27,2026-10-04 12:31:29,401.4,0.0000e+00,81.838,4.8,4.8,TIER_2_HIT,,0.05,0.12262,
AXY9AY3dfsybAP9LfYWPYqaFHTE9vUGTiCBiqnfUT9g3,HIGGSCAT,MOONING,0.0000e+00,0.0000e+00,29.85,3623,0,0,78.56,9535,0,0.0,2026-10-04 12:31:38,2026-10-04 12:31:41,401.2,7.8559e-08,20.287,2.39,6.6,SHAVING,,0.05,0.15156,
5XspB9UYd4fd1yRVAVSUDBzd1fo3TFp9kwosHgFBpump,KING,RUGGED,0.0000e+00,0.0000e+00,28.07,3407,0,0,2.95,358,0,0.0,2026-10-04 12:33:39,2026-10-04 12:33:41,399.2,2.9499e-09,0.01,0.1,0.57,OPEN,,0.05,0.0,
FLFRuLC7CCPXJtJTr4oAK7SBeQKEwLcAmG4u1eZapump,SpaceXSI,DEAD,0.0000e+00,0.0000e+00,40.1,4867,0,0,78.19,9490,0,0.0,2026-10-04 12:34:14,2026-10-04 12:34:16,398.6,7.8193e-08,20.17,1.8,1.82,OPEN,,0.05,0.0,
A9mJb5qCDGhSu4qKSiqXocE4qGjeyD8vYaGnqbs1pump,Owl,ACTIVE,0.0000e+00,0.0000e+00,28.42,3450,0,0,28.42,3450,0,0.0,2026-10-04 12:37:42,2026-10-04 12:37:45,395.1,2.8422e-08,0.248,0.92,0.92,OPEN,,0.05,0.0,
HLY9HcppREq5UiNUKS3boByRYx8wAEa2bAtoKQ1Rpump,Origin,MOONING,0.0000e+00,0.0000e+00,29.83,3620,0,0,218.5,26519,0,0.0,2026-10-04 12:37:59,2026-10-04 12:38:02,394.8,2.1850e-07,53.865,3.2,4.01,TIER_2_HIT,,0.05,0.12085,
9MQ7VD3y6KUPJcWwpov3jtfdch6p5DerWb6zQgrFpump,Shroomjak,DEAD,2.9834e-08,3.2021e-08,29.83,3623,29.83,3623,30.01,3642,0.99,120.21,2026-10-04 12:45:18,2026-10-04 12:45:21,387.5,3.0006e-08,1.079,0.93,0.93,OPEN,,0.05,0.0,
ExyT1178afaMz2e3EZdnVwsiNvFRDYPmwkQjypzg2PgA,HDOG,ACTIVE,3.1811e-08,3.9598e-08,31.81,3863,36.9,4482,39.47,4791,4.465,542.25,2026-10-04 12:45:28,2026-10-04 12:45:31,387.4,3.9475e-08,5.647,0.99,1.86,OPEN,,0.05,0.0,
AYLh1Bgthdgego4EBAJQZtzXiQ6b1EbrPWES5V1vjhzV,TRUMP,MOONING,2.8899e-08,3.6086e-08,28.9,3510,33.63,4084,59.3,7197,2.9,352.2,2026-10-04 12:47:10,2026-10-04 12:47:12,385.7,5.9297e-08,13.689,1.62,2.76,TIER_1_HIT,,0.05,0.07187,
4WD9bYjiwSSDMbx7XgXPUut8F3kKYvtj5jyAZ3x2Gfxp,RUNS,DEAD,2.8328e-08,3.0405e-08,28.33,3440,28.33,3440,28.99,3519,0.198,23.99,2026-10-04 12:48:23,2026-10-04 12:48:25,384.5,2.8993e-08,0.55,0.94,0.97,OPEN,,0.05,0.0,
FAkvzXjKyNmKyGZJVSghHMtuJt9FZcgTgiSwoVM9pump,HIGGSDOG,DEAD,2.9834e-08,3.2021e-08,29.83,3623,29.83,3623,34.79,4222,0.99,120.21,2026-10-04 12:48:47,2026-10-04 12:48:50,384.0,3.4786e-08,3.463,1.07,1.11,OPEN,,0.05,0.0,
2Rkg9eitQWmEFCTi4JQosuStgWwjLMQsatNbrHk9bYmS,JEAN,ACTIVE,4.9705e-08,7.2656e-08,49.7,6037,67.73,8226,66.82,8110,16.693,2027.4,2026-10-04 12:49:50,2026-10-04 12:49:53,383.0,6.6818e-08,16.377,0.91,1.44,OPEN,,0.05,0.0,
7CtA5t6yQMV2fXVG8uJLYPtDuh5UKtAGdagSJxfnpNXL,FAT,DEAD,2.8043e-08,3.0389e-08,28.04,3406,28.31,3439,28.41,3448,0.19,23.01,2026-10-04 12:50:06,2026-10-04 12:50:08,382.7,2.8407e-08,0.239,0.92,0.92,OPEN,,0.05,0.0,
8hTA6PSD4pZfD7Zu1EQyiBCFt2XdDxwecLJ4XzYwpump,RETRY,DEAD,2.8180e-08,3.0247e-08,28.18,3423,28.18,3423,28.24,3428,0.119,14.39,2026-10-04 12:50:47,2026-10-04 12:50:50,382.1,2.8245e-08,0.153,0.92,0.94,OPEN,,0.05,0.0,
6vDgoEvvbFnxsv683siRGYs8UVZkTvmeJqJ6wakzpump,G10,DEAD,2.8580e-08,3.0873e-08,28.58,3471,28.76,3493,28.58,3469,0.429,52.11,2026-10-04 12:51:56,2026-10-04 12:51:59,380.9,2.8580e-08,0.331,0.91,0.92,OPEN,,0.05,0.0,
c8annz5XDZbaWizmJvhE86GJT22Lt3crjyRELoapump,snbdksj,DEAD,2.8061e-08,3.0119e-08,28.06,3408,28.06,3408,28.06,3406,0.055,6.67,2026-10-04 12:53:51,2026-10-04 12:53:54,379.0,2.8061e-08,0.055,0.92,0.92,OPEN,,0.05,0.0,
7pgL6BcXv3zs8Hkf4e7fPCptVn1BJUX7taR9BzEepump,agi16z,MOONING,2.9591e-08,8.6598e-08,29.59,3594,80.73,9805,333.93,40529,20.979,2547.88,2026-10-04 12:57:57,2026-10-04 12:57:59,374.9,3.3393e-07,73.678,3.81,3.81,TIER_1_HIT,,0.05,0.08426,
GBnX7pQMmANVaASB3VqFPH4GuLnJvxW1sjGKiLBGvrLe,DROG,DEAD,2.8052e-08,3.0109e-08,28.05,3407,28.05,3407,33.99,4126,0.05,6.07,2026-10-04 12:58:06,2026-10-04 12:58:09,374.7,3.3995e-08,3.08,1.12,1.14,OPEN,,0.05,0.0,
DnvwcyTPN3DHAE2HKGJ9DaNxGLHuFDUMPWEjVoMXpump,MINISTRY,MOONING,3.1762e-08,5.0557e-08,31.76,3855,47.12,5719,161.58,19611,8.946,1085.78,2026-10-04 18:18:27,2026-10-04 18:18:29,54.4,1.6158e-07,42.12,3.16,3.84,TIER_1_HIT,,0.05,0.06941,
6Kixbp4noymaazXvuNqjdHqaeYG7YVhpfcw5APxYAQk1,LAUNCHPAD,DEAD,3.3830e-08,2.8386e-07,33.83,4106,264.75,32133,264.75,32133,62.317,7563.4,2026-10-04 18:18:31,2026-10-04 18:18:33,54.3,2.6475e-07,62.317,0,0,OPEN,,0.05,0.0,
CXc6tHaQCy3cnfq9B4xWQyTvEqRdKkNXz7xo7aG4y3hB,OBIEE,MOONING,3.3830e-08,6.2715e-08,33.83,4106,58.46,7095,29.22,3547,13.38,1623.89,2026-10-04 18:19:21,2026-10-04 18:19:24,53.5,2.9225e-08,0.672,0.46,4.09,TIER_2_HIT,,0.05,0.13076,
87YYUp9yN6g54oKwkoLqHBzBG72Pt9od7gWDny4pump,UDR,DEAD,2.8164e-08,3.0230e-08,28.16,3418,28.17,3418,28.16,3418,0.11,13.39,2026-10-04 18:19:31,2026-10-04 18:19:34,53.3,2.8164e-08,0.11,0.92,0.92,OPEN,,0.05,0.0,
DTC3TDf6Gskwn9ZwEmAsUXSHXfVpVLSiX6DkFfnKpump,SHREK,MOONING,2.8514e-08,3.6469e-08,28.51,3461,33.99,4125,22.93,2784,0.353,42.86,2026-10-04 18:19:53,2026-10-04 18:19:56,53.0,2.2934e-08,5.89,0.62,4.15,TIER_2_HIT,,0.05,0.12466,
PsfMfFUx3NPenw7F4E8gSh9ckPT67NZchR6QnpPpump,HINGE,DEAD,2.9830e-08,9.5276e-08,29.83,3620,88.83,10781,28.58,3469,23.473,2848.97,2026-10-04 18:19:58,2026-10-04 18:20:01,52.9,2.8582e-08,0.332,0.3,1.79,OPEN,,0.05,0.0,
4qC6rzeg68sSq4AniGWoqnbhJnjiqvqny1Cqe23mpump,pepecoin,DEAD,2.8035e-08,3.0090e-08,28.03,3403,28.03,3403,28.08,3409,0.04,4.91,2026-10-04 18:21:00,2026-10-04 18:21:03,51.8,2.8084e-08,0.067,0.92,0.92,OPEN,,0.05,0.0,
En5pn6useHt9Tdh15XrZAC5BaG6orxXSKUS9gqGZpump,son,ACTIVE,2.9441e-08,4.1682e-08,29.44,3573,38.84,4714,28.11,3412,5.361,650.64,2026-10-04 18:22:28,2026-10-04 18:22:30,50.4,2.8109e-08,0.081,0.67,1.36,OPEN,,0.05,0.0,
EMwNUKCSNiRa1ww63UPLVXVc9Zb9cuF3akwusUUbpump,TTT,DEAD,2.8005e-08,3.0059e-08,28.01,3399,28.01,3399,28.01,3399,0.025,3.0,2026-10-04 18:22:28,2026-10-04 18:22:32,50.4,2.8005e-08,0.025,0.92,0.92,OPEN,,0.05,0.0,
MxAmeC7xTFyJQsyS99zY78xURf3TnPT2ZnsNjicpump,?,DEAD,3.1217e-08,3.3504e-08,31.22,3789,31.22,3789,31.22,3789,1.7,206.33,2026-10-04 18:22:30,2026-10-04 18:22:33,50.3,3.1217e-08,1.7,0.92,0.92,OPEN,,0.05,0.0,
53qLh6fR518LgLkBzcJtrwxVeUbFLii5Jp8TBG3nk69y,PRIVASTA,MOONING,2.9508e-08,4.4366e-08,29.51,3581,41.35,5018,28.84,3500,6.482,786.72,2026-10-04 18:23:07,2026-10-04 18:23:09,49.7,2.8837e-08,0.467,0.64,2.34,TIER_1_HIT,,0.05,0.07023,
866b1UA1cESmGAH4GrJuCAjr4cGzYnjVftTasoTeucfU,Funpump,DEAD,4.9705e-08,2.9969e-07,49.7,6033,279.52,33925,368.21,44690,64.856,7871.6,2026-10-04 18:23:50,2026-10-04 18:23:52,49.0,3.6821e-07,78.87,1.22,1.22,OPEN,,0.05,0.0,
GAU3jjk5HhrCTKdkazmXfvbD6kDuXAhRPbYQDwydE9Sp,LAUNCHPAD,DEAD,2.7959e-08,3.0904e-08,27.96,3393,28.79,3495,33.11,4018,0.444,53.94,2026-10-04 18:24:52,2026-10-04 18:24:55,48.0,3.3107e-08,2.645,1.06,1.06,OPEN,,0.05,0.0,
2aPXoKVBM7JKAGEvyqhtpBWUcpSSTN2hC3kWUfsfdks7,ORBT,DEAD,2.7959e-08,5.4548e-08,27.96,3393,50.84,6171,43.49,5279,10.455,1268.92,2026-10-04 18:25:20,2026-10-04 18:25:23,47.5,4.3494e-08,7.418,0.79,0.98,OPEN,,0.05,0.0,
HHFanbeLK5SCAMQSrfoP3cSUxaDYHKrbBQDesor1pump,Geniosis,DEAD,3.1176e-08,3.3460e-08,31.18,3784,31.18,3784,31.18,3785,1.679,203.78,2026-10-04 18:25:28,2026-10-04 18:25:31,47.4,3.1182e-08,1.682,0.92,0.92,OPEN,,0.05,0.0,
5muZgX4iP9eeLHQPbXgYKAZFJNBoTo5a4JqLmyogpump,$DRKRW,ACTIVE,2.9792e-08,3.2590e-08,29.79,3616,30.37,3685,62.26,7556,1.264,153.44,2026-10-04 18:25:50,2026-10-04 18:25:54,47.0,6.2257e-08,14.766,1.89,1.89,OPEN,,0.05,0.0,
Ckm8ovx8bamzHEZCgc1ykyy4dzFxJ6HT97dAvPrYpump,RSWAP,ACTIVE,2.9031e-08,5.8401e-08,29.03,3524,54.44,6607,29.84,3621,11.86,1439.46,2026-10-04 18:26:01,2026-10-04 18:26:04,46.8,2.9837e-08,0.991,0.51,1.95,OPEN,,0.05,0.0,
J6HWAzd1MVR9jwG44BxiWvQaNyZWByr5irjo3qvhpump,P27,DEAD,2.8794e-08,5.1570e-08,28.79,3495,48.06,5834,32.87,3989,9.335,1132.94,2026-10-04 18:26:03,2026-10-04 18:26:06,46.8,3.2869e-08,2.528,0.63,0.84,OPEN,,0.05,0.0,
5Xj9riKJAysF2J1kK81NLifNSXi2ABjrA5UVRSXfpump,AWOOO,DEAD,3.0212e-08,3.2425e-08,30.21,3667,30.21,3667,30.27,3673,1.185,143.85,2026-10-04 18:26:19,2026-10-04 18:26:21,46.5,3.0266e-08,1.213,0.92,0.92,OPEN,,0.05,0.0,
78nryriC1rw7qM6AcYWjaBVsHn8bhdJE8iGAPPCTpump,TRAD,DEAD,2.8111e-08,3.2094e-08,28.11,3412,29.9,3629,28.69,3482,1.025,124.43,2026-10-04 18:26:33,2026-10-04 18:26:36,46.3,2.8686e-08,0.387,0.88,0.98,OPEN,,0.05,0.0,
7hwsz8z2787KCZ3rEd2FGFtoFetWEd28HVTeMERTpump,TCG,DEAD,2.8160e-08,3.0306e-08,28.16,3418,28.24,3427,28.22,3425,0.148,17.99,2026-10-04 18:26:50,2026-10-04 18:26:53,46.0,2.8219e-08,0.139,0.92,0.92,OPEN,,0.05,0.0,
6J5fUTGhpBNdCzqHXdsjowLiGHNXJTDwkYocFWvedBgD,CRAWLTRADE,MOONING,7.1575e-08,9.6251e-08,71.58,8687,89.74,10892,31.97,3881,23.746,2882.1,2026-10-04 18:26:59,2026-10-04 18:27:02,45.8,3.1973e-08,2.081,0.33,3.35,TIER_1_HIT,,0.05,0.06624,
6FRRnH7oHTqUAoeTrYRp1YBzdcKsddeM8ueqhdCjpump,EGGSY,DEAD,2.8421e-08,3.0505e-08,28.42,3449,28.42,3449,28.42,3449,0.247,29.97,2026-10-04 18:27:27,2026-10-04 18:27:29,45.4,2.8421e-08,0.247,0.92,0.92,OPEN,,0.05,0.0,
R5nBtN4YAS6TuHM8ELLdh4FbVkTZfwzmYoFWFoAnqgh,AI,MOONING,3.3830e-08,5.7627e-08,33.83,4106,53.71,6519,28.05,3404,11.582,1405.67,2026-10-04 18:27:51,2026-10-04 18:27:53,45.0,2.8049e-08,0.048,0.48,2.1,TIER_1_HIT,,0.05,0.06319,
B3UfAF8L7qGr1YEm6WUxfhg3ckmEB9d2bcgC4GAPogC1,NURAL,DEAD,3.0862e-08,3.3107e-08,30.86,3746,30.85,3744,30.52,3705,1.512,183.45,2026-10-04 18:28:52,2026-10-04 18:28:54,44.0,3.0524e-08,1.346,0.91,0.92,OPEN,,0.05,0.0,
5o1LedDWNHMR6jTQ8r7ddsb6uTz1gi3Kw6wYgAorpump,boof,MOONING,2.9309e-08,5.3008e-08,29.31,3557,49.41,5996,379.16,46019,9.88,1199.09,2026-10-04 18:29:31,2026-10-04 18:29:33,43.3,3.7916e-07,80.478,7.06,7.06,SHAVING,,0.05,0.16014,
FKSk19msDVsc6q5UixMdK9xEkzE4VNN1gyTQoQ95pump,STEVE,DEAD,2.9830e-08,3.2016e-08,29.83,3620,29.83,3620,29.86,3625,0.988,119.87,2026-10-04 18:29:32,2026-10-04 18:29:35,43.3,2.9865e-08,1.006,0.92,0.92,OPEN,,0.05,0.0,
4KQRfJjuMsPY2GcXgFsRwRRtr4bdTYVLiD1T9sbopump,PRIVASTA,DEAD,2.9830e-08,3.3251e-08,29.83,3620,30.98,3760,29.64,3598,1.58,191.79,2026-10-04 18:30:18,2026-10-04 18:30:21,42.5,2.9642e-08,0.89,0.88,1.04,OPEN,,0.05,0.0,
Evx9q242V9QsenL7BinrMj6Dq7a1NsJ3vDuTZCmqpump,DOOMBPHILL,ACTIVE,2.7977e-08,3.1343e-08,27.98,3396,29.2,3544,28.99,3519,0.66,80.09,2026-10-04 18:30:41,2026-10-04 18:30:44,42.1,2.8990e-08,0.548,0.91,0.95,OPEN,,0.05,0.0,
8bUKnt2f7MFNF4HbhdinBw98vmqBeEgPdsJAsqKnpump,BUENOMICS,DEAD,2.8514e-08,3.1813e-08,28.51,3461,29.64,3597,28.51,3461,0.889,107.88,2026-10-04 18:32:10,2026-10-04 18:32:12,40.7,2.8514e-08,0.296,0.89,0.93,OPEN,,0.05,0.0,
BVMdnKXxDvg2RT3JsbmpQciCYSez3PsXoRfzbABb3KQv,HITLER,ACTIVE,2.9854e-08,3.2863e-08,29.85,3623,30.62,3716,35.62,4323,1.395,169.32,2026-10-04 18:32:34,2026-10-04 18:32:36,40.3,3.5622e-08,3.863,1.07,1.31,OPEN,,0.05,0.0,
BBxRLdtX8n2BMK2hLPkrQTnkF2kuAfXVH5cXpZcLpump,GI,DEAD,3.0217e-08,3.2456e-08,30.22,3667,30.24,3670,30.25,3671,1.2,145.65,2026-10-04 18:33:02,2026-10-04 18:33:05,39.8,3.0248e-08,1.204,0.92,0.92,OPEN,,0.05,0.0,
thXQVeZCKkrtJvdoFxL3WDSAViHhoyZN95P8eUHpump,FTG,DEAD,2.7977e-08,3.3403e-08,27.98,3396,31.12,3777,31.12,3777,1.652,200.5,2026-10-04 18:34:05,2026-10-04 18:34:09,38.7,3.1117e-08,1.649,0.92,0.92,OPEN,,0.05,0.0,
GYFLuEAZMDdpUsTmyGdHstuXQC3JB9ZqtZbfktpppump,SWAP,MOONING,3.4018e-08,3.6507e-08,34.02,4129,34.02,4129,410.5,49822,3.091,375.2,2026-10-04 18:34:35,2026-10-04 18:34:38,38.2,4.1050e-07,84.952,11.08,11.08,SHAVING,,0.05,0.30573,
Bdwj81WBPfvoc9pbf7Q8jhp6oLaYKzwLto9SVCevpump,knightbull,MOONING,3.4160e-08,8.3775e-08,34.16,4146,78.1,9479,350.55,42547,20.141,2444.47,2026-10-04 18:34:40,2026-10-04 18:34:42,38.2,3.5055e-07,76.228,4.13,4.43,TIER_2_HIT,,0.05,0.12421,
7swSUJ7So7LgsTM44ydsLyFqb1fK3MyE7pnzqLTzpump,HOPZ,DEAD,2.8014e-08,3.0069e-08,28.01,3400,28.01,3400,28.08,3408,0.03,3.61,2026-10-04 18:35:24,2026-10-04 18:35:26,37.4,2.8081e-08,0.065,0.92,0.92,OPEN,,0.05,0.0,
BN898skHZq4yaUJCZngDE3eNNpjQXE34HSTLWD51pump,SQUAT,ACTIVE,3.1769e-08,3.4115e-08,31.77,3856,31.79,3858,34.64,4204,1.988,241.28,2026-10-04 18:35:53,2026-10-04 18:35:55,37.0,3.4638e-08,3.392,1.0,1.1,OPEN,,0.05,0.0,
FEHaSjTBBBQL6Xng2kFGd8PScdsirvJHS71gHWBDpump,INU,ACTIVE,2.8366e-08,3.1240e-08,28.37,3443,29.11,3533,28.66,3479,0.609,73.97,2026-10-04 18:36:47,2026-10-04 18:36:50,36.0,2.8662e-08,0.375,0.91,0.93,OPEN,,0.05,0.0,
7sY2jKFiW5yGsBxdHySasLQMNBd7mgWeW8tXLc3q5YMk,twig,MOONING,2.9854e-08,5.5909e-08,29.85,3623,52.11,6325,29.75,3611,10.957,1329.83,2026-10-04 18:37:04,2026-10-04 18:37:06,35.8,2.9753e-08,0.947,0.53,3.87,TIER_1_HIT,,0.05,0.06039,
4BPQXLMGtZjux6wr2DxA3AARowR5BwuqKkEe7424pump,ANK,DEAD,2.8236e-08,3.0306e-08,28.24,3427,28.24,3427,29.47,3577,0.148,17.98,2026-10-04 18:38:02,2026-10-04 18:38:04,34.8,2.9472e-08,0.801,0.96,0.97,OPEN,,0.05,0.0,
DqBCjM9oDm3DdUA3HMc1YWHKcQsELb8jZfVyanXLj1rZ,agentrooms,MOONING,3.0144e-08,5.4414e-08,30.14,3659,50.72,6156,401.73,48758,10.405,1262.91,2026-10-04 18:38:10,2026-10-04 18:38:12,34.7,4.0173e-07,83.718,7.28,7.33,SHAVING,,0.05,0.16844,
AvzEmJrWn8uU4dqYdVe5mTDGhgBrghoSCVEGoaKPpump,agentrooms,MOONING,3.7929e-08,4.1829e-08,37.93,4603,38.98,4731,357.68,43412,5.423,658.21,2026-10-04 18:38:51,2026-10-04 18:38:54,34.0,3.5768e-07,77.303,8.43,9.31,SHAVING,,0.05,0.14379,
6y43XST5Qk6S1RJeEg4K5DsGpSb8uWzidkWXpR9zpump,$PESO,DEAD,2.9834e-08,3.2021e-08,29.83,3621,29.83,3621,30.02,3644,0.99,120.14,2026-10-04 18:38:52,2026-10-04 18:38:54,34.0,3.0023e-08,1.087,0.93,0.93,OPEN,,0.05,0.0,
3HQcQcckUa26yFfCkjAC9678yntXAPKpr9rX6uNzpump,CHOURIO,DEAD,2.8488e-08,3.1338e-08,28.49,3458,29.2,3544,29.03,3524,0.658,79.82,2026-10-04 18:38:57,2026-10-04 18:39:00,33.9,2.9031e-08,0.57,0.92,0.92,OPEN,,0.05,0.0,
GTQR4GzFDmVwCGjeFzb4fv6qavh1WbzhmC22XB3mpump,USSF,DEAD,2.8033e-08,3.0089e-08,28.03,3402,28.03,3402,28.16,3418,0.04,4.81,2026-10-04 18:39:04,2026-10-04 18:39:06,33.8,2.8158e-08,0.107,0.92,0.92,OPEN,,0.05,0.0,
CwTCRkWsgn5LXLzmLq3nsVMbUVWfdE7spBeDY5GDpump,MIND,DEAD,2.7977e-08,3.8070e-08,27.98,3396,35.47,4306,35.47,4306,3.793,460.31,2026-10-04 18:39:06,2026-10-04 18:39:09,33.7,3.5475e-08,3.793,0.92,0.92,OPEN,,0.05,0.0,
HBFnHzwAoSswTM7sEhR9fyGaA4U2uPxxY5yvJuUhpump,Mungus,DEAD,2.8581e-08,3.0676e-08,28.58,3469,28.58,3469,28.58,3469,0.332,40.25,2026-10-04 18:39:09,2026-10-04 18:39:11,33.7,2.8581e-08,0.332,0.92,0.92,OPEN,,0.05,0.0,
5X4SFUaEHNjpj7tdwrPaWDGvE9DrXdhF96sLwu12SVnj,DEPLOYERS,MOONING,5.9671e-08,7.4973e-08,59.67,7242,69.89,8483,379.19,46022,17.432,2115.76,2026-10-04 18:40:02,2026-10-04 18:40:05,32.8,3.7919e-07,80.481,5.0,5.0,TIER_2_HIT,,0.05,0.12883,
9VuWUidndad9bpPNEMy5MKPGX1gsEvqF5LgqMVb6pump,WORTHLESS,MOONING,3.3625e-08,8.5644e-07,33.63,4081,799.15,96993,487.76,59200,154.719,18778.21,2026-10-04 18:40:04,2026-10-04 18:40:06,32.8,4.8776e-07,11.456,0.56,2.34,TIER_1_HIT,,0.05,0.06308,
AWQfNvQqPi9Rcr8m2wNXKVtXkd22Y132pB8C4mY3pump,DAD,ACTIVE,2.8143e-08,3.0207e-08,28.14,3416,28.14,3416,28.29,3434,0.099,11.99,2026-10-04 18:40:17,2026-10-04 18:40:20,32.6,2.8294e-08,0.179,0.93,0.93,OPEN,,0.05,0.0,
EydkH17f9pHfbnVidsGK6roqLXxRjRJG6riyGk6Qpump,QUOTA,ACTIVE,3.0789e-08,3.6491e-08,30.79,3737,34.0,4127,30.88,3748,3.084,374.29,2026-10-04 18:40:23,2026-10-04 18:40:25,32.5,3.0879e-08,1.528,0.84,1.82,OPEN,,0.05,0.0,
484B2XP2Ywm59DdE4Qdsr2Qd9CNDxDJ4X6TdxiYMpump,SAS,DEAD,2.8317e-08,3.0394e-08,28.32,3437,28.32,3437,28.32,3437,0.192,23.25,2026-10-04 18:40:49,2026-10-04 18:40:52,32.0,2.8317e-08,0.192,0.92,0.92,OPEN,,0.05,0.0,
DR9AbwMRsaxyoV3rq9ANM5LYo6SjAYxDwgdZnwmjpump,SON,MOONING,3.2353e-08,4.6473e-08,32.35,3927,43.31,5257,374.74,45482,7.339,890.72,2026-10-04 18:41:34,2026-10-04 18:41:37,31.3,3.7474e-07,79.831,7.95,8.05,SHAVING,,0.05,0.20047,
22oiUFKXpRXmD9u7yEgWeEAq5S9prfpSoXrePjVPpump,Apple ,DEAD,2.8130e-08,3.0209e-08,28.13,3414,28.14,3416,28.13,3414,0.1,12.09,2026-10-04 18:41:53,2026-10-04 18:41:56,31.0,2.8130e-08,0.091,0.92,0.92,OPEN,,0.05,0.0,
9uT3zBXkrUC6tgMjoFPmnbhpvE8j4BunRf1EVR4hpump,Sparrow,ACTIVE,3.2751e-08,4.1809e-08,32.75,3975,38.96,4729,29.1,3531,5.415,657.18,2026-10-04 18:41:57,2026-10-04 18:42:00,30.9,2.9096e-08,0.604,0.69,1.23,OPEN,,0.05,0.0,
4SzC14e9szCzs4wVrffttm9dB4dVW7r4bNmoQscqpump,Mei,DEAD,2.9830e-08,3.7380e-08,29.83,3620,34.83,4228,30.86,3745,3.485,422.96,2026-10-04 18:42:40,2026-10-04 18:42:42,30.2,3.0859e-08,1.517,0.82,0.92,OPEN,,0.05,0.0,
HDAqwFbVH17ZAUyuRvbwYhqjvWzKG5Kz42Xwh6tDpump,INFLUENCER,DEAD,2.8488e-08,1.2872e-07,28.49,3458,120.03,14568,197.16,23929,32.158,3903.05,2026-10-04 18:44:06,2026-10-04 18:44:10,28.7,1.9716e-07,49.665,1.51,1.51,OPEN,,0.05,0.0,
AxA2TH9gkmKsWYdp4FS5FPGcGv6cVDsvYpCRxKBWpump,root,MOONING,3.3754e-08,4.2917e-08,33.75,4097,40.0,4854,33.52,4069,5.881,713.77,2026-10-04 18:44:14,2026-10-04 18:44:17,28.6,3.3522e-08,2.849,0.77,7.42,SHAVING,,0.05,0.1671,
STa2H8DNZj4W63ngo4376icP5vHjx3UZModf4Jupump,BUY OR CRY,DEAD,2.8236e-08,3.0306e-08,28.24,3427,28.24,3427,28.24,3427,0.148,17.98,2026-10-04 18:44:17,2026-10-04 18:44:20,28.5,2.8236e-08,0.148,0.92,0.92,OPEN,,0.05,0.0,
242EmfJVcHLQMCYUkbC72AhoMjsrgTmQMi23dBfhpump,EGOCAT,ACTIVE,3.0794e-08,3.3307e-08,30.79,3738,31.03,3767,28.42,3450,1.606,194.98,2026-10-04 18:45:09,2026-10-04 18:45:12,27.7,2.8423e-08,0.248,0.84,1.68,OPEN,,0.05,0.0,
5LPTbN5kbHLhRZXzkhjk9a9Fn8mzPTWAgm1FNSEDpump,mascotpad,MOONING,3.0596e-08,3.3716e-08,30.6,3713,31.41,3813,349.68,42440,1.8,218.48,2026-10-04 18:45:11,2026-10-04 18:45:14,27.6,3.4968e-07,76.095,10.22,10.22,SHAVING,,0.05,0.15188,
J7PnQqjF4E5QC5euBkE4p3MN2VC6FWj5fFmPmvF4pump,NUBI,MOONING,3.0460e-08,5.9591e-08,30.46,3697,55.55,6742,407.83,49498,12.285,1491.01,2026-10-04 18:45:34,2026-10-04 18:45:36,27.3,4.0783e-07,84.577,6.75,6.75,SHAVING,,0.05,0.1459,
E5JioDzafho9sXotcp53BqHSD3T2JDfTZSd8ihPCvoEy,HOUND,DEAD,2.8025e-08,3.0080e-08,28.03,3401,28.03,3401,28.03,3401,0.036,4.31,2026-10-04 18:45:57,2026-10-04 18:46:00,26.9,2.8025e-08,0.036,0.92,0.92,OPEN,,0.05,0.0,
AGYK6HSGooY5sDnyahfmzF29x9TPge96C6b8E1V5pump,HWMACHINE,DEAD,3.1762e-08,3.4088e-08,31.76,3855,31.76,3855,31.76,3855,1.975,239.74,2026-10-04 18:46:22,2026-10-04 18:46:24,26.5,3.1762e-08,1.975,0.92,0.92,OPEN,,0.05,0.0,
Ghyn7ajhUvC9FMfwJhTyWsCaer8QJvWRJDfJbtvRpump,DESTROY,ACTIVE,2.8004e-08,3.0846e-08,28.0,3399,28.74,3488,30.9,3750,0.416,50.48,2026-10-04 18:47:25,2026-10-04 18:47:27,25.4,3.0897e-08,1.537,0.99,1.02,OPEN,,0.05,0.0,
GPbwhZnV8uK1fvbUrEsM8PMUXuEkygpaDuC1x56upump,QUOTA,MOONING,2.9031e-08,8.6047e-08,29.03,3524,80.22,9736,32.36,3928,20.816,2526.48,2026-10-04 18:47:25,2026-10-04 18:47:27,25.4,3.2362e-08,2.276,0.37,2.29,TIER_1_HIT,,0.05,0.06878,
H6FVtbDBEQu4WXosgyN8S92KpXkJwpjHNugbXnEZpump,INVES,ACTIVE,3.2547e-08,3.5799e-08,32.55,3950,33.36,4049,32.79,3980,2.769,336.05,2026-10-04 18:47:33,2026-10-04 18:47:36,25.3,3.2793e-08,2.49,0.91,0.92,OPEN,,0.05,0.0,
AboY1shW6VJ6T8nUK8nodZbVE7HixJ6ZHsdTcqebpump,NBB EMEFL,MOONING,2.8070e-08,3.0128e-08,28.07,3407,28.07,3407,178.33,21644,0.059,7.19,2026-10-04 18:47:40,2026-10-04 18:47:43,25.2,1.7833e-07,0.491,5.85,5.85,TIER_2_HIT,,0.05,0.14993,
5RodQQJ5e3kv4z3E8P8E3wo79fSRZBRr43Ht455hpump,HFAI,MOONING,2.9830e-08,3.3878e-08,29.83,3620,31.57,3831,81.48,9889,1.877,227.76,2026-10-04 18:47:52,2026-10-04 18:47:54,25.0,8.1476e-08,21.212,2.38,2.38,TIER_1_HIT,,0.05,0.0686,
57buo7J3WzBmLuSkYcxcg8DQ95EeH6LcYkgnx5GovsgG,UDRAMA,DEAD,2.7959e-08,3.1646e-08,27.96,3393,29.49,3579,29.45,3574,0.808,98.05,2026-10-04 18:47:54,2026-10-04 18:47:56,24.9,2.9451e-08,0.79,0.92,0.92,OPEN,,0.05,0.0,
2jmiz16t3zQADgh4qnYCd48216dSswXL1DceTqoJpump,Sílon,ACTIVE,2.8144e-08,3.0208e-08,28.14,3416,28.14,3416,28.18,3420,0.099,12.02,2026-10-04 18:48:26,2026-10-04 18:48:29,24.4,2.8182e-08,0.119,0.92,0.93,OPEN,,0.05,0.0,
zNgnC5i7pdxMhrzi4YtEJZcAxgmW1mN17LPZ7Pvpump,BetOnBlak,RUGGED,2.8142e-08,3.0205e-08,28.14,3416,28.14,3416,1.81,220,0.098,11.87,2026-10-04 18:49:52,2026-10-04 18:49:55,23.0,1.8124e-09,0.008,0.06,0.92,OPEN,,0.05,0.0,
AGsHBgQK9GKmpePG7KayxRc1PSERVAYD8F2uEG2hpump,TSI,DEAD,2.8014e-08,3.0069e-08,28.01,3400,28.01,3400,28.01,3400,0.03,3.61,2026-10-04 18:49:55,2026-10-04 18:49:57,22.9,2.8014e-08,0.03,0.92,0.92,OPEN,,0.05,0.0,
5U493BVPeeCGUCHRz5za42mDPSqAtnCzxauzM8bpump,WINNINU,DEAD,2.8433e-08,3.0518e-08,28.43,3451,28.43,3451,28.43,3451,0.253,30.76,2026-10-04 18:50:24,2026-10-04 18:50:26,22.4,2.8433e-08,0.253,0.92,0.92,OPEN,,0.05,0.0,
B7p1gQWRRRGWhbhg6K42NfCmnCUx2fpbm4FNeejMyN7M,WINNIE,MOONING,2.8899e-08,3.1017e-08,28.9,3507,28.9,3507,32.35,3926,0.5,60.69,2026-10-04 18:50:32,2026-10-04 18:50:34,22.3,3.2346e-08,2.268,1.03,2.07,TIER_1_HIT,,0.05,0.06223,
Db8Wg2QJQ8eGQm39PYGVkWeLQTAZHH8N8QEHb4jupump,$hundo,DEAD,2.8181e-08,3.0247e-08,28.18,3420,28.18,3420,28.18,3420,0.119,14.42,2026-10-04 18:50:45,2026-10-04 18:50:48,22.1,2.8181e-08,0.119,0.92,0.92,OPEN,,0.05,0.0,
2SNHLv2oTB7uDLRLghirZy8D9RAHRS2esFtfXDKBpump,SIT,ACTIVE,2.9492e-08,3.2388e-08,29.49,3579,30.18,3663,29.49,3579,1.167,141.67,2026-10-04 18:51:05,2026-10-04 18:51:07,21.8,2.9492e-08,0.812,0.9,0.97,OPEN,,0.05,0.0,
843NvQA9Ea5RA73qABtuXPR5cCqG1TGpNZLqRx1EdGkd,John,MOONING,3.3830e-08,5.3978e-08,33.83,4106,50.31,6106,409.63,49717,10.243,1243.21,2026-10-04 18:51:23,2026-10-04 18:51:25,21.5,4.0963e-07,84.83,7.49,7.49,SHAVING,,0.05,0.13813,
GCQ5C4tYBsNAtpB6RnZAr8zSzZuCLL4FZG9V2A9cpump,SONWIFHAT,RUGGED,2.8158e-08,3.4962e-08,28.16,3418,32.58,3954,0.03,4,0.123,14.98,2026-10-04 18:51:45,2026-10-04 18:51:47,21.1,3.1553e-11,0.008,0.0,2.19,TIER_1_HIT,,0.05,0.06563,
HdLEUX18H8WMjnoU3KcwAnmRFg48Ke4zGnbx2tTypump,Trenches,DEAD,2.8014e-08,3.0069e-08,28.01,3400,28.01,3400,29.89,3627,0.03,3.6,2026-10-04 18:51:52,2026-10-04 18:51:54,21.0,2.9887e-08,1.017,0.98,0.98,OPEN,,0.05,0.0,
Dca5S2793hmPGeepqbagJKsXLW8X7dczbS16BAGDpump,APLUS,ACTIVE,2.9417e-08,3.9973e-08,29.42,3570,37.25,4521,30.08,3651,4.628,561.67,2026-10-04 18:52:03,2026-10-04 18:52:05,20.8,3.0084e-08,1.119,0.74,1.02,OPEN,,0.05,0.0,
6sGL8o5nditRd6FNG8ikCx4gEyhsZh3D3fSY44AoievF,REGARD,MOONING,3.1714e-08,3.9700e-08,31.71,3849,36.99,4490,35.47,4305,4.509,547.25,2026-10-04 18:52:12,2026-10-04 18:52:14,20.6,3.5469e-08,3.79,0.88,4.11,TIER_2_HIT,,0.05,0.13048,
DbTiNRy7c9KytpDg9oDEvhfgqhKKn3ZGzw9bVpy11iKD,CRANKDGDS,ACTIVE,2.7959e-08,3.3878e-08,27.96,3393,31.57,3831,30.58,3711,1.877,227.76,2026-10-04 18:53:25,2026-10-04 18:53:28,19.4,3.0576e-08,1.373,0.89,0.95,OPEN,,0.05,0.0,
FzhPL2rRQ1P72eMcR4SKQeXBy91Fwi5bfANQKRQNpump,.COM,ACTIVE,2.8070e-08,3.0128e-08,28.07,3407,28.07,3407,28.07,3407,0.059,7.19,2026-10-04 18:53:52,2026-10-04 18:53:54,19.0,2.8070e-08,0.059,0.92,0.92,OPEN,,0.05,0.0,
128cTj9BPVu7KEowqNUrormcNzhJpgrf1bzZonZtpump,?,ACTIVE,3.1217e-08,3.3504e-08,31.22,3789,31.22,3789,31.22,3789,1.7,206.33,2026-10-04 18:53:57,2026-10-04 18:53:59,18.9,3.1217e-08,1.7,0.92,0.92,OPEN,,0.05,0.0,
FHcjJ5oF4SHVV4WvGEHWjBkyc5d53ex1FKq71stapump,QUOTA,ACTIVE,2.9591e-08,9.2755e-08,29.59,3591,86.48,10496,27.98,3396,22.761,2762.47,2026-10-04 18:54:04,2026-10-04 18:54:07,18.8,2.7979e-08,0.011,0.3,1.93,OPEN,,0.05,0.0,
GHZLDirfVxsyVMdEVJ1ZzJUtQU5hUeCY24Rs1JPFpump,Train Doe,ACTIVE,2.9834e-08,3.6941e-08,29.83,3621,34.42,4178,29.19,3543,3.288,399.01,2026-10-04 18:54:13,2026-10-04 18:54:16,18.6,2.9190e-08,0.653,0.78,0.92,OPEN,,0.05,0.0,
7UJeNtgxkrnvfZSJzP6dVexJKTZDm1rRRdZ9GPvApump,Pazū,ACTIVE,2.8027e-08,3.0083e-08,28.03,3402,28.03,3402,28.09,3409,0.037,4.45,2026-10-04 18:54:54,2026-10-04 18:54:57,17.9,2.8085e-08,0.068,0.92,0.92,OPEN,,0.05,0.0,
zDFTo2uN6E3E6rRfJ6rWyKSNqEGtf6cbHhKgwFfpump,ASKAR,ACTIVE,2.8070e-08,3.0917e-08,28.07,3407,28.81,3496,28.85,3502,0.451,54.73,2026-10-04 18:55:19,2026-10-04 18:55:22,17.5,2.8851e-08,0.475,0.92,0.92,OPEN,,0.05,0.0,
9uE5167Av5cEByhXcG2MMufyoAhLnqfuKFWnicyApump,$MOMO,ACTIVE,2.8143e-08,3.0998e-08,28.14,3416,28.88,3505,28.67,3480,0.49,59.52,2026-10-04 18:55:55,2026-10-04 18:55:57,16.9,2.8670e-08,0.379,0.91,0.92,OPEN,,0.05,0.0,
BBiE5QDcm3zZaM9YZ27NSYc7iBnTHFpcc6iPSuerpump,STATE,ACTIVE,2.8458e-08,3.2263e-08,28.46,3454,30.06,3648,29.14,3537,1.107,134.38,2026-10-04 18:56:25,2026-10-04 18:56:27,16.4,2.9144e-08,0.629,0.89,0.9,OPEN,,0.05,0.0,
AYaSijXm5k9zD5R2znHiiGgFzjcuKn7Cco92C5mUpump,MELT,ACTIVE,3.1573e-08,3.4285e-08,31.57,3832,31.95,3877,31.94,3877,2.068,250.96,2026-10-04 18:56:39,2026-10-04 18:56:42,16.2,3.1941e-08,2.065,0.92,0.99,OPEN,,0.05,0.0,
FKxBESVC5YNxTWcEhsEJG5vsxwERj68rCzgV6G5xpump,COLD,ACTIVE,2.8046e-08,3.0103e-08,28.05,3404,28.05,3404,28.4,3447,0.047,5.67,2026-10-04 18:57:05,2026-10-04 18:57:09,15.7,2.8401e-08,0.236,0.93,0.93,OPEN,,0.05,0.0,
ESCmQHTeTecFHCN9FdpZdQgA9REXVYM6stUT8jGYpump,$SD,ACTIVE,2.8199e-08,3.0267e-08,28.2,3423,28.2,3423,28.2,3423,0.129,15.62,2026-10-04 18:57:11,2026-10-04 18:57:14,15.7,2.8199e-08,0.129,0.92,0.92,OPEN,,0.05,0.0,
J19cFTj2rnSRgj3Psbsa4DUGykQYaV53c7yVK7gypump,PERFIL,MOONING,2.8889e-08,3.3067e-08,28.89,3506,30.81,3739,286.63,34788,1.493,181.15,2026-10-04 18:58:10,2026-10-04 18:58:13,14.7,2.8663e-07,66.055,8.54,10.98,SHAVING,,0.05,0.19881,
HpPVpvwmWTQ8165m2jw2xra7SMFPTEtyrPxDHfDdpump,MESSI,RUGGED,2.8138e-08,2.7896e-08,28.14,3415,25.99,3154,0.06,8,0.089,10.76,2026-10-04 18:58:39,2026-10-04 18:58:42,14.2,6.4709e-11,0.01,0.0,0.5,OPEN,,0.05,0.0,
REaCZewSAR3bLSp2b9Xu19P6hjCwB4bfYzcVaxbfapk,JEANPAWPHIL,ACTIVE,2.8146e-08,3.4930e-08,28.15,3416,32.55,3950,28.59,3470,2.368,287.43,2026-10-04 18:58:43,2026-10-04 18:58:45,14.1,2.8588e-08,0.336,0.81,0.86,OPEN,,0.05,0.0,
DtJUUhLT7k6hW5CCmmQFqYnSCWHcdLcijnTZEGsAvgtc,TRILUG,ACTIVE,2.8051e-08,3.0892e-08,28.05,3405,28.78,3493,28.67,3479,0.438,53.22,2026-10-04 18:58:52,2026-10-04 18:58:55,14.0,2.8668e-08,0.378,0.92,0.92,OPEN,,0.05,0.0,
Dd1yedxDdpt8RAZRpqZtBdQyBca8Htyo8uLLxj2pump,BRAINPAD,ACTIVE,3.1721e-08,3.4492e-08,31.72,3850,32.14,3901,40.32,4894,2.164,262.68,2026-10-04 18:58:56,2026-10-04 18:58:59,13.9,4.0319e-08,6.026,1.16,1.3,OPEN,,0.05,0.0,
CpdEJYX7j7Xv1YwwyV12isSt12PKWPg7im5sL8iVpump,frog,ACTIVE,2.7986e-08,3.0827e-08,27.99,3397,28.72,3486,28.7,3484,0.406,49.3,2026-10-04 18:59:08,2026-10-04 18:59:11,13.7,2.8702e-08,0.396,0.92,0.92,OPEN,,0.05,0.0,
3GAMaWzvJfpmKs5BLPVTGgCWndZYxCXixaA2a97Hpump,EGOINU,MOONING,3.0794e-08,3.3926e-08,30.79,3738,31.61,3837,37.33,4531,1.899,230.52,2026-10-04 18:59:30,2026-10-04 18:59:32,13.3,3.7329e-08,4.664,1.09,3.09,TIER_1_HIT,,0.05,0.06768,
3zb4fmwAJEKxyMmKYUBx6wZZjo1U9dx9DxDFG8bgGZ2W,RATCHEL,ACTIVE,2.8146e-08,3.4112e-08,28.15,3416,31.78,3858,33.49,4064,1.987,241.14,2026-10-04 19:00:07,2026-10-04 19:00:10,12.7,3.3487e-08,2.832,0.97,1.22,OPEN,,0.05,0.0,
3JST33wWUVct843cfFnmpFS2PjGf8MHvejWx8PQEpump,TOEKEN,ACTIVE,2.8682e-08,3.0814e-08,28.68,3481,28.71,3484,28.62,3474,0.4,48.53,2026-10-04 19:00:35,2026-10-04 19:00:38,12.2,2.8623e-08,0.354,0.92,0.92,OPEN,,0.05,0.0,
5dqR8LEtu944ak1XLkB61HpysbVti9CUAN6Qy8RPpump,AUCTION,ACTIVE,2.9830e-08,3.2551e-08,29.83,3620,30.33,3681,33.46,4061,1.246,151.17,2026-10-04 19:00:38,2026-10-04 19:00:40,12.2,3.3461e-08,2.82,1.02,1.09,OPEN,,0.05,0.0,
8QSGZb2hc8zTM4GxsEUBfPhPUwZZDWWxUPdZPHvbpump,PUMPLING,MOONING,2.9811e-08,3.5224e-08,29.81,3618,32.82,3984,64.54,7834,2.504,303.94,2026-10-04 19:01:04,2026-10-04 19:01:06,11.8,6.4545e-08,15.582,1.81,2.4,TIER_1_HIT,,0.05,0.06033,
9oPipKLLm6BydosPJDcQrK6B25yZr2zDnCYpsV9Zpump,NE2,ACTIVE,2.8196e-08,3.0264e-08,28.2,3422,28.2,3422,28.34,3439,0.127,15.4,2026-10-04 19:01:55,2026-10-04 19:01:58,10.9,2.8338e-08,0.203,0.93,0.93,OPEN,,0.05,0.0,
FG7vtkXJeosSEMEyhZrvNgPCd7iRpzbuJEZt9YrUpump,Darknet,ACTIVE,8.9596e-08,9.4578e-08,89.6,10874,88.18,10702,48.4,5874,23.277,2825.13,2026-10-04 19:02:20,2026-10-04 19:02:22,10.5,4.8401e-08,9.472,0.51,1.83,OPEN,,0.05,0.0,
GYvf3q4kjMwZPxAxCKivZTBJn7jTSCbcmA1wxvzppump,SIFCAT,ACTIVE,4.5162e-08,5.3721e-08,45.16,5481,50.07,6077,50.14,6086,10.147,1231.53,2026-10-04 19:02:43,2026-10-04 19:02:46,10.1,5.0144e-08,10.176,0.92,1.62,OPEN,,0.05,0.0,
8YrgbKZ59fe53H1ZSFt4V99DkmDuxCqScukpXFcNd93m,MDMA,ACTIVE,2.7959e-08,3.0207e-08,27.96,3393,28.14,3416,28.14,3416,0.099,11.99,2026-10-04 19:03:03,2026-10-04 19:03:06,9.8,2.8143e-08,0.099,0.92,0.92,OPEN,,0.05,0.0,
3RJXeV1fmNrQpFcLFefk8jPacTxoG33Em1wJqYDeFUMM,XFUNHQ,ACTIVE,3.0753e-08,4.0237e-08,30.75,3733,37.5,4551,32.35,3927,4.742,575.53,2026-10-04 19:03:13,2026-10-04 19:03:16,9.6,3.2353e-08,2.271,0.79,1.12,OPEN,,0.05,0.0,
GY6XGAJYr1WYGhY792aRBajM1Cuy1mUVuHcTDZHbGN8Y,DOEYOR,ACTIVE,2.8143e-08,3.2505e-08,28.14,3416,30.29,3676,46.37,5627,1.224,148.52,2026-10-04 19:03:14,2026-10-04 19:03:17,9.6,4.6366e-08,8.633,1.41,1.89,OPEN,,0.05,0.0,
BfFFLEZ2Lptwm1eypCwmKiR6kMwtNPgSYAc2Fa61ZL5J,FGDF,ACTIVE,2.8143e-08,3.0207e-08,28.14,3416,28.14,3416,30.05,3647,0.099,11.99,2026-10-04 19:03:22,2026-10-04 19:03:24,9.5,3.0052e-08,1.103,0.98,0.98,OPEN,,0.05,0.0,
JXC7hTr44SpQ16AdrMPbgRRgv3uqP1kqCpYjVTtpump,Darknet,ACTIVE,3.3092e-08,3.5514e-08,33.09,4016,33.09,4016,33.09,4016,2.638,320.18,2026-10-04 19:03:29,2026-10-04 19:03:32,9.4,3.3092e-08,2.638,0.92,1.15,OPEN,,0.05,0.0,
25tzgbuGs7iRQzCdzQu9wx4pjfnpE188xeFNDcS2pump,WTCAT,ACTIVE,3.2751e-08,3.5148e-08,32.75,3975,32.75,3975,32.75,3975,2.469,299.68,2026-10-04 19:03:31,2026-10-04 19:03:33,9.3,3.2751e-08,2.469,0.92,0.92,OPEN,,0.05,0.0,
7eEs13kZcpMoop4RDEaQ8yaPxFpL2x1aSx4yetVyrDou,HELIO,ACTIVE,2.8143e-08,3.0405e-08,28.14,3416,28.33,3438,34.15,4144,0.198,23.97,2026-10-04 19:04:11,2026-10-04 19:04:14,8.7,3.4146e-08,3.154,1.11,1.11,OPEN,,0.05,0.0,
3JJscj1B4zEZzgQXYBg6pWSH5pC1wEVvrKPuSBfgpump,FLORA,ACTIVE,2.9031e-08,4.4398e-08,29.03,3524,41.38,5022,40.31,4893,6.495,788.32,2026-10-04 19:04:12,2026-10-04 19:04:14,8.6,4.0312e-08,6.023,0.9,1.48,OPEN,,0.05,0.0,
HLBx5TN7SAEPKkQ5MkjFAz4cSseQnjLyDYzCWp7tvRK6,CLAWD,ACTIVE,2.8143e-08,3.0405e-08,28.14,3416,28.33,3438,33.4,4054,0.198,23.97,2026-10-04 19:04:22,2026-10-04 19:04:24,8.5,3.3401e-08,2.79,1.09,1.09,OPEN,,0.05,0.0,
46aoYpV7bKT3K7C7T6miXkHzwqxWzT4QsLpPekVaoK9L,MOUKFEPS,ACTIVE,2.8051e-08,3.0917e-08,28.05,3405,28.81,3496,28.67,3480,0.451,54.71,2026-10-04 19:04:30,2026-10-04 19:04:33,8.3,2.8672e-08,0.38,0.92,0.92,OPEN,,0.05,0.0,
MFFXWetF39ar2UFdFCBYPYKk9p7LKcqJ4sXKoNdpump,EMS,ACTIVE,3.2698e-08,3.5553e-08,32.7,3969,33.13,4021,29.91,3630,2.656,322.3,2026-10-04 19:04:35,2026-10-04 19:04:37,8.3,2.9909e-08,1.029,0.83,1.07,OPEN,,0.05,0.0,
BrC8TgU5KFWQZWGwnu4ngHc7xc75cYRBuuo3ZEA7pump,KING WOLF,ACTIVE,3.5808e-08,3.8634e-08,35.81,4346,36.0,4370,47.93,5817,4.042,490.63,2026-10-04 19:04:43,2026-10-04 19:04:46,8.1,4.7928e-08,9.279,1.23,1.23,OPEN,,0.05,0.0,
6jgKTk8g9eLnjb1sJhoKKQTYKu6b5DETVD8L9b27pump,$Lag,ACTIVE,3.4001e-08,3.6548e-08,34.0,4127,34.06,4133,34.06,4134,3.11,377.47,2026-10-04 19:04:56,2026-10-04 19:04:58,7.9,3.4062e-08,3.113,0.92,0.92,OPEN,,0.05,0.0,
ECUC6M3kYuiL8yq1vXBKsXQKR6HW2AFRXWpyCqmQyEiq,Elonmail,ACTIVE,3.3830e-08,8.4624e-08,33.83,4106,78.89,9575,29.28,3554,20.394,2475.24,2026-10-04 19:05:17,2026-10-04 19:05:20,7.6,2.9285e-08,0.703,0.34,1.69,OPEN,,0.05,0.0,
FXqXVfkH4WYtLxabqJ4MworvwEEc6vVTCs8BtWyqQsCx,PIMP,MOONING,2.7959e-08,3.2734e-08,27.96,3393,30.5,3702,42.7,5183,1.333,161.83,2026-10-04 19:05:33,2026-10-04 19:05:35,7.3,4.2701e-08,7.075,1.29,3.14,TIER_1_HIT,,0.05,0.07793,
7c9KhnynEhbiGjohGZwTckJdSvLGr8JcudEQgQbepump,BOBBLOCK,ACTIVE,4.4626e-08,4.8748e-08,44.63,5416,45.43,5514,64.4,7816,8.242,1000.38,2026-10-04 19:05:34,2026-10-04 19:05:37,7.3,6.4400e-08,15.531,1.31,1.53,OPEN,,0.05,0.0,
4NkGCiVoPJTd7wDLJAR7j7BTiwo3YxTYSJE5BZJeYJNc,PCAT,ACTIVE,2.7959e-08,1.8741e-07,27.96,3393,174.77,21212,175.63,21316,45.006,5462.33,2026-10-04 19:05:41,2026-10-04 19:05:44,7.2,1.7563e-07,45.19,0.93,0.99,OPEN,,0.05,0.0,
6NQifQgPSv28CV4DGGMeTRmijm8yCyrcBaXbDKgupump,Lambo700,ACTIVE,3.0789e-08,3.3044e-08,30.79,3737,30.79,3737,30.81,3739,1.481,179.81,2026-10-04 19:05:44,2026-10-04 19:05:46,7.1,3.0806e-08,1.49,0.92,0.92,OPEN,,0.05,0.0,
2sDv27FC93dJJ6KpFY7opyJLRjnw99WyRnLuzjofdKew,KHAN,ACTIVE,2.8037e-08,3.1689e-08,28.04,3403,29.52,3583,28.74,3488,0.829,100.58,2026-10-04 19:05:53,2026-10-04 19:05:55,7.0,2.8737e-08,0.415,0.9,0.92,OPEN,,0.05,0.0,
4pME8x7wkjjdPEZHr5GSTRqbtruv9aG9LP21cPSopump,Darknet,ACTIVE,2.9830e-08,3.2016e-08,29.83,3620,29.83,3620,28.87,3504,0.988,119.87,2026-10-04 19:05:59,2026-10-04 19:06:02,6.9,2.8872e-08,0.486,0.89,0.92,OPEN,,0.05,0.0,
ALG1peg5ZCwsQqV9ncJcHCR32cLWpVudsJ2cu8cxpump,FCAT,ACTIVE,2.8609e-08,3.0724e-08,28.61,3472,28.63,3474,28.75,3489,0.355,43.12,2026-10-04 19:06:08,2026-10-04 19:06:10,6.7,2.8748e-08,0.42,0.92,0.94,OPEN,,0.05,0.0,
CeEFpcvcWR17aNrZ38qTXKedQPHTegvNYzs7B2L5PzJ3,POPEYE,MOONING,2.7959e-08,4.2370e-08,27.96,3393,39.48,4792,94.35,11451,5.651,685.9,2026-10-04 19:06:20,2026-10-04 19:06:22,6.5,9.4351e-08,25.111,2.2,3.31,TIER_1_HIT,,0.05,0.08418,
AMpKp1F2ZCgE9ZPC54VxRW8J3Yg6wijLXzENKAgYCyr3,GERGREGERG,ACTIVE,2.8143e-08,3.0207e-08,28.14,3416,28.14,3416,28.14,3416,0.099,11.99,2026-10-04 19:06:37,2026-10-04 19:06:40,6.2,2.8143e-08,0.099,0.92,0.92,OPEN,,0.05,0.0,
GR3KFnccMFkFXXcArzkRFbEsB5oc7LxwnGQ9ULdNpump,Babascard,ACTIVE,2.9834e-08,3.2021e-08,29.83,3621,29.83,3621,29.93,3633,0.99,120.14,2026-10-04 19:06:47,2026-10-04 19:06:50,6.1,2.9930e-08,1.039,0.92,0.92,OPEN,,0.05,0.0,
13zvLQqu9ykFuPcQkfn4T5TFLnvNGsQKrRT91Atkpump,Elonmail,ACTIVE,2.8887e-08,3.1407e-08,28.89,3506,29.26,3552,28.51,3461,0.691,83.91,2026-10-04 19:06:51,2026-10-04 19:06:55,6.0,2.8514e-08,0.296,0.9,0.92,OPEN,,0.05,0.0,
5Q35Rprz3kAFntw3tzFMQP4Fx1ykBHUcsb1L7WEFpump,Ye Lin,ACTIVE,2.8328e-08,3.3251e-08,28.33,3438,30.98,3760,28.51,3460,1.58,191.79,2026-10-04 19:07:02,2026-10-04 19:07:05,5.8,2.8507e-08,0.292,0.85,0.88,OPEN,,0.05,0.0,
DogGPq8ovHcNaoCqtts1JKxhMJ12RSRADbpxBwMLpump,dumping,ACTIVE,3.0794e-08,3.3050e-08,30.79,3738,30.79,3738,32.21,3910,1.484,180.17,2026-10-04 19:07:09,2026-10-04 19:07:11,5.7,3.2212e-08,2.201,0.96,0.98,OPEN,,0.05,0.0,
BrMW5EmuW85HxyqPQUytv2AtFytjdY9ARcQZE46mpump,BITRUSH,ACTIVE,3.0759e-08,1.2725e-07,30.76,3733,118.65,14401,60.52,7345,31.801,3859.67,2026-10-04 19:07:17,2026-10-04 19:07:19,5.6,6.0520e-08,14.138,0.47,1.15,OPEN,,0.05,0.0,
BFUWDmt7A8zJrco6LKyZEzwFJQnV37iefW6wBjMpump,NUBI,ACTIVE,3.0789e-08,3.6723e-08,30.79,3737,34.22,4153,50.53,6133,3.189,387.04,2026-10-04 19:07:45,2026-10-04 19:07:48,5.1,5.0528e-08,10.33,1.36,1.36,OPEN,,0.05,0.0,
83gHSXyhnix4EfF8ZCkLrDdit6hKoLTg5peTx53zNbC9,5C,ACTIVE,2.8143e-08,3.0374e-08,28.14,3416,28.3,3435,28.3,3435,0.182,22.06,2026-10-04 19:07:51,2026-10-04 19:07:54,5.0,2.8299e-08,0.182,0.92,0.92,OPEN,,0.05,0.0,
Btfwy3aKTxkdPGSPAPkPdhPTbZXHsPDgyu5QV6vtpump,$SXSN,ACTIVE,2.8088e-08,1.7364e-08,28.09,3409,16.16,1961,4.11,499,0.04,4.84,2026-10-04 19:08:06,2026-10-04 19:08:09,4.7,4.1074e-09,0.033,0.23,0.72,OPEN,,0.05,0.0,
AamAW3sxJFMiU6Zcd5GtM5D3SWXAHNxfrXE98WyApump,RIPS,MOONING,2.8887e-08,3.4450e-08,28.89,3506,32.1,3896,112.37,13639,2.145,260.31,2026-10-04 19:08:59,2026-10-04 19:09:02,3.9,1.1237e-07,30.144,3.22,3.22,TIER_1_HIT,,0.05,0.06371,
6RFuLYijoitAEo4ZhXZdYxBaG7Vtr8ZfczM8Twshpump,aurakidzzz,MOONING,2.9262e-08,3.8110e-08,29.26,3552,35.51,4310,378.17,45899,3.811,462.49,2026-10-04 19:09:21,2026-10-04 19:09:23,3.5,3.7817e-07,80.333,9.78,10.25,SHAVING,,0.05,0.17683,
23fbiEmYi6gWThc9qk5AJ1KuPjHhvJJztsP8yguSsS3Q,BRNPAD,ACTIVE,2.7959e-08,3.5521e-08,27.96,3393,33.1,4017,30.23,3670,2.641,320.55,2026-10-04 19:09:24,2026-10-04 19:09:27,3.4,3.0234e-08,1.197,0.84,0.84,OPEN,,0.05,0.0,
DQXJCfKFCkFSwNgGrVDJj7cnMM51LhsJeWtwdDVjSrp6,HTTPS,MOONING,2.7959e-08,3.0904e-08,27.96,3393,28.79,3495,299.53,36353,0.444,53.94,2026-10-04 19:09:29,2026-10-04 19:09:32,3.4,2.9953e-07,68.192,9.55,12.24,SHAVING,,0.05,0.19599,
WJMDBXbsKeJgvP7CEG7883imiWG88ZCidhfQmYXpump,POPEYE,ACTIVE,3.2835e-08,3.5238e-08,32.83,3985,32.83,3985,38.89,4720,2.511,304.73,2026-10-04 19:09:33,2026-10-04 19:09:36,3.3,3.8886e-08,5.38,1.09,1.15,OPEN,,0.05,0.0,
AUUHdoTnzBiFsoCFQq3YwqGVQYkLBtTVgJey5qkKpump,lamelon,ACTIVE,2.9834e-08,3.2021e-08,29.83,3621,29.83,3621,51.87,6295,0.99,120.14,2026-10-04 19:09:33,2026-10-04 19:09:36,3.3,5.1867e-08,10.861,1.6,1.9,OPEN,,0.05,0.0,
BbfZnSktu3TRCn6tHUXkFg2avQ27tpKQjyVg3S4qbdaB,II,ACTIVE,4.2529e-08,3.8187e-08,42.53,5162,35.58,4319,30.78,3736,3.844,466.61,2026-10-04 19:09:33,2026-10-04 19:09:36,3.3,3.0781e-08,1.477,0.8,0.81,OPEN,,0.05,0.0,
GLKJB6GaZttzYhfSzV2mjWVgiWLX1X1iHGzMbq7yS6KQ,TEST,ACTIVE,2.8143e-08,3.0998e-08,28.14,3416,28.88,3505,28.86,3503,0.49,59.52,2026-10-04 19:09:41,2026-10-04 19:09:43,3.2,2.8862e-08,0.48,0.92,0.92,OPEN,,0.05,0.0,
BPfMMMfut6v2WG75fkX7gMM7N6vXSm2gxsSTSmvmpump,Pego,ACTIVE,2.8052e-08,3.0110e-08,28.05,3405,28.05,3405,28.11,3412,0.05,6.08,2026-10-04 19:09:49,2026-10-04 19:09:52,3.0,2.8113e-08,0.083,0.92,0.92,OPEN,,0.05,0.0,
C8m63ZCHb4sGKrFASZk5P3YhxyHW9zSuBc6h8CPipump,OUTPAY,ACTIVE,2.8850e-08,3.2138e-08,28.85,3501,29.94,3634,28.65,3478,1.046,127.01,2026-10-04 19:10:07,2026-10-04 19:10:10,2.7,2.8653e-08,0.37,0.88,0.91,OPEN,,0.05,0.0,
71nNd38Jv15U4J3LYSBzxKQ2CP4jaa9sHrkmeDHipump,Agento,ACTIVE,3.0240e-08,3.1087e-08,30.24,3670,28.96,3515,35.66,4328,0.534,64.83,2026-10-04 19:10:13,2026-10-04 19:10:15,2.6,3.5661e-08,3.881,1.13,1.41,OPEN,,0.05,0.0,
EmWfuTbkyJQKXXb294tErD2Ko1yxGrMFmeKrCEgTpump,EMPLOYEE,ACTIVE,2.9621e-08,5.6521e-08,29.62,3595,52.68,6394,90.31,10961,11.181,1356.98,2026-10-04 19:10:14,2026-10-04 19:10:16,2.6,9.0309e-08,23.917,1.58,1.92,OPEN,,0.05,0.0,
BznTSbNfvchAGXTFYwZFVzaUn4yJL3QuGfz5eCzD7XKN,SPDRMN,ACTIVE,2.8899e-08,3.2438e-08,28.9,3507,30.22,3668,28.5,3459,1.191,144.6,2026-10-04 19:10:18,2026-10-04 19:10:20,2.5,2.8496e-08,0.287,0.87,0.89,OPEN,,0.05,0.0,
31e1LoGaGJPosKGQM2QXjjtkzrwLWks91ArQQC6Jpump,EMPLOYEE,ACTIVE,2.8747e-08,3.0907e-08,28.75,3489,28.8,3495,28.7,3483,0.446,54.08,2026-10-04 19:10:29,2026-10-04 19:10:31,2.3,2.8699e-08,0.394,0.92,0.95,OPEN,,0.05,0.0,
JEKFGferZsTt95173Ucrb2pEAGLieBYcURjckSrTpump,$BROCOIN,ACTIVE,2.8143e-08,3.0207e-08,28.14,3416,28.14,3416,28.14,3416,0.099,11.99,2026-10-04 19:10:41,2026-10-04 19:10:44,2.1,2.8143e-08,0.099,0.92,0.92,OPEN,,0.05,0.0,
7eXx2ZitMVYWM2odpFxzijiwtsVACq4xXkNQegkGpump,NOTHING,ACTIVE,2.9031e-08,9.8147e-08,29.03,3524,91.51,11106,166.27,20180,24.273,2946.07,2026-10-04 19:10:42,2026-10-04 19:10:46,2.1,1.6627e-07,43.159,1.67,1.67,OPEN,,0.05,0.0,
HiWAunFRTjuePufmBjM1cg4q527BmS64YadtuJdXpump,LEMONMGK,ACTIVE,2.8700e-08,3.0804e-08,28.7,3483,28.7,3483,28.7,3483,0.395,47.95,2026-10-04 19:10:43,2026-10-04 19:10:46,2.1,2.8700e-08,0.395,0.92,0.92,OPEN,,0.05,0.0,
BmQaEdRze1E5n6V1PNLP41rkbo1XQBw7cVTgxcoxpump,sol,ACTIVE,3.1222e-08,3.3508e-08,31.22,3789,31.22,3789,31.22,3789,1.702,206.58,2026-10-04 19:10:52,2026-10-04 19:10:55,2.0,3.1222e-08,1.702,0.92,0.92,OPEN,,0.05,0.0,
6Es67xBBVWDRpX87kh7FGjc3FZisvmNvko6ntj3rpump,Genie,ACTIVE,2.8144e-08,3.1029e-08,28.14,3416,28.91,3509,28.97,3516,0.506,61.4,2026-10-04 19:10:59,2026-10-04 19:11:01,1.9,2.8970e-08,0.537,0.92,0.92,OPEN,,0.05,0.0,
8VgsHxx6BYtqiCdGenrGfDb27Z479P3Wo38eRNHipump,CAVE,ACTIVE,2.8887e-08,2.2294e-08,28.89,3506,20.76,2519,20.54,2493,0.359,43.53,2026-10-04 19:11:00,2026-10-04 19:11:03,1.8,2.0539e-08,0.358,0.91,1.97,OPEN,,0.05,0.0,
9X4vXqZbAF6PUnZ2Y5Fn2WXTo2DcFAU599W8Gh7qpump,wind,RUGGED,2.8508e-08,4.3271e-08,28.51,3460,40.33,4895,6.62,804,0.415,50.36,2026-10-04 19:11:24,2026-10-04 19:11:27,1.4,6.6215e-09,0.037,0.15,1.14,OPEN,,0.05,0.0,
GUMbX8bmCgDXiAuMEsCq1KLxXUVM6A2sCnG8N6bQpump,LOCH,ACTIVE,3.0021e-08,3.3159e-08,30.02,3644,30.9,3750,30.02,3644,1.536,186.48,2026-10-04 19:11:28,2026-10-04 19:11:31,1.4,3.0021e-08,1.086,0.89,0.89,OPEN,,0.05,0.0,
8cf5SyvoVrVbHFRisXBQ2fVK6veCKDNjd51ptb3upump,MotionPad,ACTIVE,2.7996e-08,3.0069e-08,28.0,3398,28.01,3400,28.0,3398,0.03,3.6,2026-10-04 19:11:36,2026-10-04 19:11:39,1.2,2.7996e-08,0.02,0.92,0.92,OPEN,,0.05,0.0,
ui5RxRexrpqUgfNd8dWmMPFtRRobJhDP7svhi4Npump,STEAMATA,ACTIVE,2.7959e-08,4.2798e-07,27.96,3393,399.21,48452,399.21,48452,83.36,10117.42,2026-10-04 19:11:44,2026-10-04 19:11:47,1.1,3.9921e-07,83.36,0,0,OPEN,,0.05,0.0,
3vC84NWsi3buWTvx4WrYwHZpfQSxo5GSPBNQ1iBUEgpM,WOZO,ACTIVE,2.8051e-08,3.0108e-08,28.05,3405,28.05,3405,28.05,3405,0.049,5.99,2026-10-04 19:11:54,2026-10-04 19:11:56,0.9,2.8051e-08,0.049,0.92,0.92,OPEN,,0.05,0.0,
QQiKBp1xfMV5NWmW5dbg4Fzs4sckjULMBdV5DAEpump,FliyingCow,ACTIVE,2.8114e-08,3.0175e-08,28.11,3412,28.11,3412,33.43,4057,0.083,10.07,2026-10-04 19:11:54,2026-10-04 19:11:56,0.9,3.3430e-08,0.099,1.09,1.09,OPEN,,0.05,0.0,
BJnNc8Sze4F7WUVn4uw5wSzpwXsLiumMJeBrVRRDpump,GOO,ACTIVE,3.0789e-08,3.3648e-08,30.79,3737,31.35,3805,29.25,3550,1.768,214.62,2026-10-04 19:11:58,2026-10-04 19:12:00,0.9,2.9250e-08,0.685,0.86,0.88,OPEN,,0.05,0.0,
J3s4n6Jj2JoHh4MjfVnqgey3JY2Q28UMtt3jU35hpump,SENATE,ACTIVE,2.9830e-08,3.8645e-08,29.83,3620,36.01,4371,40.55,4921,4.047,491.21,2026-10-04 19:12:00,2026-10-04 19:12:03,0.8,4.0546e-08,6.127,1.04,1.23,OPEN,,0.05,0.0,
EbuMCoy7ajYRYqrhVsjQqoVRndzcHQwN9GjQ6GHW8ewc,SPAESEXY,ACTIVE,3.0789e-08,3.3044e-08,30.79,3737,30.79,3737,30.79,3737,1.481,179.81,2026-10-04 19:12:07,2026-10-04 19:12:10,0.7,3.0789e-08,1.481,0.92,0.92,OPEN,,0.05,0.0,
383BkcAxQYK2VatiVRQMVA756xL93eoE6tkYTjusdJCW,OTW,ACTIVE,3.3830e-08,5.1405e-08,33.83,4106,47.91,5815,29.96,3636,9.272,1125.3,2026-10-04 19:12:08,2026-10-04 19:12:11,0.7,2.9959e-08,1.054,0.58,0.82,OPEN,,0.05,0.0,
3mYD1ESGmNNQuDrP7b8rnTixuDntc52CbqDJY1kEpump,OUTPAY,ACTIVE,2.9830e-08,3.2016e-08,29.83,3620,29.83,3620,28.87,3504,0.988,119.87,2026-10-04 19:12:15,2026-10-04 19:12:18,0.6,2.8872e-08,0.486,0.89,0.92,OPEN,,0.05,0.0,
26aatQffqJveo7S9Z2c5HEQaKhJCW6RXs9i5uGPJpump,HTTPS,ACTIVE,5.3285e-08,5.9451e-08,53.29,6467,55.42,6726,77.21,9371,12.235,1484.99,2026-10-04 19:12:17,2026-10-04 19:12:20,0.6,7.7209e-08,19.853,1.28,1.28,OPEN,,0.05,0.0,
EksKn6jg71BmeJLWR3NwKr9t3imWyP2RvUEczexgpump,QUOTAPAD,ACTIVE,2.8887e-08,3.4988e-08,28.89,3506,32.6,3957,31.49,3822,2.395,290.71,2026-10-04 19:12:21,2026-10-04 19:12:23,0.5,3.1491e-08,1.838,0.89,0.92,OPEN,,0.05,0.0,
AwAZJN9PZpC5DSBu1eskyWwE2yKZTizA1W6Hps2opump,https,ACTIVE,3.0499e-08,3.3336e-08,30.5,3702,31.06,3770,30.5,3702,1.62,196.68,2026-10-04 19:12:25,2026-10-04 19:12:27,0.4,3.0499e-08,1.333,0.9,0.9,OPEN,,0.05,0.0,
Emc2do8xY2eRoTjq5jPYCDMHanDf3Cui4dSSb6GVpump,SOLO,ACTIVE,2.9262e-08,3.3438e-08,29.26,3552,31.16,3781,31.24,3792,1.669,202.53,2026-10-04 19:12:26,2026-10-04 19:12:28,0.4,3.1244e-08,1.713,0.92,0.92,OPEN,,0.05,0.0,
4UuH24UAsMqi8W6py4N7v2LDa8pTpVdQLRATTd1Spump,hive,ACTIVE,2.9262e-08,3.6427e-08,29.26,3552,33.94,4120,36.27,4402,3.055,370.76,2026-10-04 19:12:26,2026-10-04 19:12:28,0.4,3.6268e-08,4.168,0.98,1.0,OPEN,,0.05,0.0,
2wmjZDnZVK1D9vWjGMLHeK3wmWKhiQPRCQJjP3t7pump,STUMP,ACTIVE,2.9394e-08,3.4447e-08,29.39,3568,32.1,3896,30.15,3660,2.143,260.12,2026-10-04 19:12:33,2026-10-04 19:12:35,0.3,3.0154e-08,1.156,0.87,0.87,OPEN,,0.05,0.0,
GYXL8MyCk7Nqj9tpD5VaAWS8N28cKGK7dShA1zJYpump,TRX,ACTIVE,2.9266e-08,3.2224e-08,29.27,3552,30.02,3644,30.02,3644,1.088,132.05,2026-10-04 19:12:41,2026-10-04 19:12:44,0.2,3.0024e-08,1.088,0.92,0.92,OPEN,,0.05,0.0,
5iUHR1juDSDxDMSRax3mbFsnq8rZx38yWGLtKzVKpump,MESSI,ACTIVE,2.8068e-08,3.5064e-08,28.07,3407,32.68,3966,32.68,3966,0.068,8.29,2026-10-04 19:12:43,2026-10-04 19:12:46,0.1,3.2675e-08,0.068,0,0,OPEN,,0.05,0.0,
CjyphR9tWYaFRvBSzNmiXVNtvjXfGv4PqBeTXPLqpump,elonyes,ACTIVE,2.8014e-08,3.0068e-08,28.01,3400,28.01,3400,28.01,3400,0.029,3.56,2026-10-04 19:12:48,2026-10-04 19:12:50,0.0,2.8014e-08,0.029,0,0,OPEN,,0.05,0.0,
5Q71CtqxWpKrc6ttsxCtzhdenc1uP6Y3itr8LSqSpump,LANA,ACTIVE,3.2759e-08,3.5157e-08,32.76,3976,32.76,3976,32.76,3976,2.473,300.19,2026-10-04 19:12:48,2026-10-04 19:12:50,0.0,3.2759e-08,2.473,0,0,OPEN,,0.05,0.0,
